title,url,content,source,published_at
[資訊] FB的詐騙好多喔（分享文,https://www.ptt.cc/bbs/Bunco/M.1788363191.A.7D1.html,"女口是頁啦：（

此為分享文

我在FB賣東西，有人私說要買，問我能不能用新竹物流的到府收送

我說可以，他要求寄出時收貨員有一組流水號要給我，要跟他說多少，貨到他才能收貨，
然後傳給我這個
https://i.mopix.cc/ehjBJ9.jpg
問我沒用過嗎？實名未綁定？然後給我一份寄件人資料填，填完結果跳出設備未綁定

接著新竹物流客服打給我了，按他指示綁定設備，接著又要求我開啟視訊，幾秒後叫我關
閉，
（大概是要你的人臉做辨識吧）

接著要我開郵局app，申請跟啟動無卡提款，最後要我去ATM聽他說操作

我一開始就知道是詐騙，等他要求我用ATM無卡提款輸入2萬時

恩恩，我就掛掉電話了，他拼命打電話來

最後
https://i.mopix.cc/tMJ1H0.jpg
https://i.mopix.cc/smxNRw.jpg
這算恐嚇還是威脅嗎？還是讓你心生畏懼...怕死了喔

FB那位呢
https://i.mopix.cc/UQl5E6.jpg
https://i.mopix.cc/Gh7zP4.jpg
我笑了..情緒跟道德勒索是吧

這幾個人我都已檢舉後封鎖...

--
※ 發信站: 批踢踢實業坊(ptt.cc), 來自: 42.79.71.168 (臺灣)
※ 文章網址:
https://www.ptt.cc/bbs/Bunco/M.1788363191.A.7D1.html",ptt,Wed Sep  2 23:33:08 2026
[新聞] 中國小紅書遭封鎖後詐騙數下降80%,https://www.ptt.cc/bbs/Bunco/M.1787144404.A.442.html,"中國小紅書遭封鎖後詐騙數下降80% 劉世芳曝若再不回應：可能再屏蔽1年
https://www.setn.com/news/1891912
內政部去年12月4日依《詐欺犯罪危害防制條例》，對中國APP小紅書發布網際網路停止解
析或限制接取的命令一年。內政部長劉世芳今（19）日表示，經過限制小紅書之後，詐騙
件數下降80％、詐騙金額下降55％，非常有成效。她並透露，內政部將依照程序再寄掛號
信，若仍不理會，「很有可能再屏蔽一年。」

劉世芳今上午接受「POP撞新聞」主持人黃暐瀚專時指出，小紅書的母公司在上海，因此
台灣的《詐欺犯罪危害防制條例》不及於他們，即便內政部多次表達，應有法律代理人到
台灣說明小紅書在台灣出現詐騙要如何處理，「但對方連理都不理」，後來內政部引用行
政程序，請海基會連續寄兩次雙掛號信後，「開始做屏蔽效應。」

劉世芳並指出，到目前為止，小紅書的詐騙件數下降80％、詐騙金額下降55％，非常有成
效。如今一年又要到了，內政部還是按照原本程序再寄掛號信到小紅書位於上海的辦公室
。

黃暐瀚追問，如果小紅書再不回，會再憑屏蔽一年？劉世芳指出，很有可能再屏蔽一年，
「你不理我們，我們也沒辦法」。她強調，如果小紅書願意以書面跟我方做任何解釋的話
，那歡迎小紅書到台灣來溝通。

--
Mr.
Raindrop, falling away from
me now.
/
/
∕︵︵︵︵︵︵︵﹨
Mr. Raindrop, falling away form me now.
/
/
◢██◣
∥
/     /
Do you know how much you mean to me, why must you leave?
⊙
⊙
∥
I'm just a flower on a tree, why must you leave?
◢
▆
/
/
Mr.
Raindrop, falling away from
me now.
--
※ 發信站: 批踢踢實業坊(ptt.cc), 來自: 111.243.28.203 (臺灣)
※ 文章網址:
https://www.ptt.cc/bbs/Bunco/M.1787144404.A.442.html
※ 編輯: petestar (111.243.2.144 臺灣), 09/03/2026 03:48:39",ptt,Wed Aug 19 20:59:58 2026
[新聞] 假「曬單」真誘騙！7月社群投資詐騙增2成,https://www.ptt.cc/bbs/Bunco/M.1786604950.A.259.html,"假「曬單」真誘騙！7月社群投資詐騙暴增2成
https://news.cnyes.com/news/id/6573689
台股7月行情震盪頻繁，吸引許多民眾關注投資話題，卻也讓詐騙集團有機可乘。期交所
統計，期貨商7月蒐報的社群平台詐騙案件數較前月增加2成，主要以Facebook投資社團貼
文為主，多數假借分享個人投資獲利點位或進出場時機，誘使民眾點擊連結並導向假投資
平台。期貨業攜手攔詐5個月成效顯著，上路以來已攔阻482件社群平台疑似詐騙案件。

假「曬單」真誘騙！期交所統計7月社群投資詐騙暴增2成 期貨業攜手攔截482件。


期交所自115年3月推動期貨商反詐治理評鑑活動，5個月來期貨業者已跨界舉辦26件亮點
防詐活動，觸及超過3900人次，更累計蒐報檢舉482件社群平台疑似詐騙案件，展現強大
防詐行動力。

期交所為落實金融消費者保護並響應全民反詐政策，率期貨業者結合校園、偏鄉社區、公
益團體及數位社群等資源，將防詐概念融入日常服務與創意行銷。例如有業者客製防詐乖
乖餅乾進行趣味互動，也有業者透過Facebook及Instagram製作詐騙手法短影音，搭配互
動抽獎吸引近10萬次瀏覽及超過3000則留言，成功發揮社群擴散效益。

除了數位宣導外，期貨商更走入實體社會角落，在園遊會設計防詐九宮格遊戲，或攜手警
政單位舉辦投資論壇剖析科技詐騙手法；部分業者更深入里民活動辦理體驗遊戲，甚至結
合食物銀行到宅服務，向弱勢家庭傳遞1聽2掛3查證原則。

期交所表示，期貨業將持續攜手業者發揮公眾影響力，結合數位工具與在地社區、警政單
位等跨界合作，從線上到線下建構更完整的金融安全防護網。

--
Mr.
Raindrop, falling away from
me now.
/
/
∕︵︵︵︵︵︵︵﹨
Mr. Raindrop, falling away form me now.
/
/
◢██◣
∥
/     /
Do you know how much you mean to me, why must you leave?
⊙
⊙
∥
I'm just a flower on a tree, why must you leave?
◢
▆
/
/
Mr.
Raindrop, falling away from
me now.
--
※ 發信站: 批踢踢實業坊(ptt.cc), 來自: 111.243.9.124 (臺灣)
※ 文章網址:
https://www.ptt.cc/bbs/Bunco/M.1786604950.A.259.html",ptt,Thu Aug 13 15:09:07 2026
[資訊] LINE訊息稱健保卡異常 健保署：詐騙勿點,https://www.ptt.cc/bbs/Bunco/M.1786604715.A.DEC.html,"LINE訊息稱健保卡異常 健保署：詐騙勿點連結
https://today.line.me/tw/v3/article/zN897gj?view=topic&referral=TOPIC-fraud
記者吳典叡／臺北報導

詐騙手法再翻新，衛福部中央健康保險署今（13）日指出，近日接獲數名民眾反映，不肖
分子冒用「健保局」名義發送LINE訊息，聲稱「健保卡有使用異常情況，即刻停卡」等，
請民眾點擊不明連結。健保署提醒民眾，若接獲可疑訊息及連結網頁，請直接刪除相關訊
息，切勿點選連結，避免受騙。

健保署指出，該署LINE官方帳號名稱為「健保署」，且前方有經過LINE官方審核通過「已
認證官方帳號」的藍色盾牌供民眾辨識，另不會主動邀請民眾加入好友。

健保署強調，詐騙訊息夾帶的惡意釣魚網站連結，一旦好奇點選，可能遭到詐騙集團騙取
帳號、密碼或其他個資及手機或電腦中毒；有不明連結的惡意訊息，請不要依照指示做任
何動作，若不慎點擊，建議儘速請專業資訊人員檢視安全性，避免個資外洩或造成個人財
損。

健保署表示，只要接到不明連結網頁或可疑資訊時，請務必提高警覺。民眾如有任何疑問
，請撥打健保署免付費專線（市話請撥打0800-030-598或4128-678，手機請改撥
02-4128-678）查證。

--
Mr.
Raindrop, falling away from
me now.
/
/
∕︵︵︵︵︵︵︵﹨
Mr. Raindrop, falling away form me now.
/
/
◢██◣
∥
/     /
Do you know how much you mean to me, why must you leave?
⊙
⊙
∥
I'm just a flower on a tree, why must you leave?
◢
▆
/
/
Mr.
Raindrop, falling away from
me now.
--
※ 發信站: 批踢踢實業坊(ptt.cc), 來自: 111.243.9.124 (臺灣)
※ 文章網址:
https://www.ptt.cc/bbs/Bunco/M.1786604715.A.DEC.html",ptt,Thu Aug 13 15:05:11 2026
[新聞] 拒絕旁觀！網路詐騙通報查詢網展現公私協,https://www.ptt.cc/bbs/Bunco/M.1785642415.A.270.html,"拒絕旁觀！網路詐騙通報查詢網展現公私協力，8位熱心民眾通報破萬件，下一步聚焦廣
告生態系聯防

近日「網路詐騙通報查詢網」成效公開，數發部部長林宜敬表示：打擊詐騙是好人與壞人
之間的不斷攻防，他並揭露8位熱心民眾通報案件各超過1萬件，同時強調將廣告生態系整
治列為全新焦點，在數產署輔導下國內三大廣告公協會正式成立「數位廣告信任聯盟」，
初期將以建置聯防平臺、發布自律規範來循序強化

文/羅正漢|2026-07-27發表
https://pse.is/9erwbk
面對無孔不入的數位詐騙，單打獨鬥已不足以應對。數位發展部近日公布「網路詐騙通報

查詢網」上線近兩年來的最新成果，不僅通報件數正式突破百萬大關，跨部會聯手成功下

架逾50萬件詐騙訊息，更揭露已有8名熱心民眾單人通報均達1萬件以上，展現出「拒絕旁

觀、主動挺身」的關鍵力量，同時公開廣告生態系的公私協力防詐新進展。

數發部部長林宜敬表示：「網路詐騙通報查詢網每一筆通報資訊的背後，都是一位願意挺

身而出的民眾。從熱心網友、企業夥伴到各領域名人，大家齊心對抗詐騙集團。每一則通

報，都能阻止下一位民眾受騙；每一位願意花時間通報的民眾，都是守護數位安全的重要

夥伴。」

綜觀此一平臺的發展，可以看出「集中通報」策略在整體防詐體系中扮演不可或缺的角色

。該平臺自2024年9月30日上線以來，營運即將屆滿兩年，根據數產署公布的數據顯示，

其網頁瀏覽量超過62萬人次、近7萬名民眾下載 App，總計接獲110萬5,170件疑似詐騙訊

息的通報。其中，高達54萬2,082件已確認為詐騙並處理，平均每個月從源頭阻斷、下架

超過2萬件詐騙訊息。

除了串聯公私之力並要求網路平臺業者下架，如何面對廣告營收與詐騙訊息交織的利益難

題，並從前端廣告生態系進行整治，是防詐工作中最具挑戰的環節。

數位產業署指出，在數位產業署的輔導下，台灣數位媒體應用暨行銷協會（DMA）、台北

市廣告代理商業同業公會（TAAA）以及台北市媒體服務代理商協會（MAA）等國內三大廣

告公協會，將帶領數位廣告產業鏈近300家業者共同投入自律防詐工作，成立「數位廣告

信任聯盟」，公私協力攜手打擊網路詐騙。

聯盟將建置聯防平臺，以交換防詐情資、發布自律規範及推動「信任標章」，鼓勵業者建

立內部防詐管理機制，落實自律措施，並藉由標章制度提升市場信任度，進而讓突顯具備

防詐能力與社會責任的數位廣告夥伴，更便於廣告主及消費者辨識。

儘管上述自律措施能發揮的成效未知，但顯然政府期望藉此促成數位廣告產業鏈上、中、

下游業者，能達成不助長詐騙的共識，確保產業的長期獲利不再建立在脆弱的數位信任之

上。這場不對稱的防詐戰役能否成功扭轉劣勢，也需要有賴廣告生態系各方共同落實與維

護。
https://pse.is/9erwg9
數位發展部在7月17日舉辦記者會，由數發部部長林宜敬與台灣數位媒體應用暨行銷協會
（DMA）、台北市廣告代理商業同業公會（TAAA）、台北市媒體服務代理商協會（MAA）等
廣告業者共同宣布，成立「數位廣告信任聯盟」，持續推動不同層面公私聯防，以強化整
體防詐體系。（圖片來源／數位發展部數位產業署）
https://www.ithome.com.tw/news/177634
新聞來源：ithome電腦報

--
※ 發信站: 批踢踢實業坊(ptt.cc), 來自: 1.160.33.219 (臺灣)
※ 文章網址:
https://www.ptt.cc/bbs/Bunco/M.1785642415.A.270.html",ptt,Sun Aug  2 11:46:50 2026
[新聞] 美台首例超大額跨境詐欺》詐騙廣告年收上,https://www.ptt.cc/bbs/Bunco/M.1785641671.A.C7F.html,"美台首例超大額跨境詐欺》詐騙廣告年收上看70億美元 第一線嘆源頭難斷

2026/07/18 11:41
記者劉慶侯／台北報導
https://img.ltn.com.tw/Upload/news/600/2026/07/18/phpgs3s5S.jpg
第一線員警每天面對的，是被騙走退休金、買房頭期款、家庭積蓄的真實傷痛。（資料照
）


假投資、假網拍、假交友……許多詐騙被害人並非主動尋覓陷阱，而是在滑臉書、

Instagram、Threads或LINE社群時，先被看似正常的廣告、貼文或粉專吸引。有人誤信名

人投資廣告，有人看到限時優惠下單，最終一步步被帶去匯款、面交甚至購買虛擬貨幣，

直到走進派出所才驚覺受騙。受理報案的第一線人員感嘆，最深的無力感不在事後偵辦，

而是無法在民眾受害之前，就阻斷他們接觸詐騙廣告的機會。

當被害人走進警局，錢往往已匯出、層層轉走，廣告也可能早一步下架，隨即換網址、換

粉專、換帳號重新出現。第一線員警每天面對的，是被騙走退休金、買房頭期款、家庭積

蓄的真實傷痛；而回頭追溯源頭，許多案件開端就只是一則社群平臺上的廣告、一個假投

資老師或假客服帳號。

路透社2025年曾引述Meta內部文件報導，Meta估計每天向使用者展示大量高風險詐騙廣告

，這類廣告一年可帶來約70億美元、折合新臺幣近2185億元的年化收入；包含詐騙與禁售

品廣告在內的收入，約占Meta 2024年整體年收入的一成。這組數字讓第一線更有感，詐

騙廣告並非零星個案，而是具備反覆投放、大量觸及民眾能力，甚至可能形成龐大商業利

益的一門生意。

基層員警並非沒有通報，實務上會截圖、留存網址、彙整粉專與詐騙連結。但警方大多只

能看到前臺畫面，真正能追查源頭的廣告投放帳號、付款紀錄、登入IP、後臺操作紀錄與

關聯帳號，幾乎都掌握在平臺手上。第一線人員形容，下架一則廣告，就像撕掉一張詐騙

傳單；但如果印傳單的人、發傳單的管道和付錢的人都沒有被處理，隔天街上還是會出現

新的傳單。

以臺北市為例，長期觀察發現，涉詐廣告中重複出現的廣告商占比將近七成，顯示部分投

放者不斷利用不同素材或帳號持續刊登；境外播送或境外投放比例至少達四成，也使國內

防制難度更高。警方曾通報某廣告商持續投放假網拍詐騙廣告，即使單則廣告被下架，同

一廣告商很快又以新素材、新連結重新出現。

從第一線角度來看，如果平臺只針對個別廣告逐則下架，卻未主動擴大檢視同一廣告商或

關聯帳號下的其他可疑廣告，根本無法真正阻斷源頭。第一線真正期盼的，不只是下架數

字增加，而是平臺能落實廣告商審查與重複投放防制責任，別讓詐騙廣告像撕不完的傳單

，一再消耗社會信任。

☆自由時報電子報提醒您，防詐騙專線︰165，報案專線︰110☆
https://news.ltn.com.tw/news/society/breakingnews/5509321
--
※ 發信站: 批踢踢實業坊(ptt.cc), 來自: 1.160.33.219 (臺灣)
※ 文章網址:
https://www.ptt.cc/bbs/Bunco/M.1785641671.A.C7F.html",ptt,Sun Aug  2 11:34:28 2026
[閒聊] 網拍小心詐騙,https://www.ptt.cc/bbs/Bunco/M.1784289597.A.DD1.html,"※ [本文轉錄自
MakeUp 看板 #1gLY8rAj
]
作者: forcc (遙想當年阿～～) 看板: MakeUp
標題: [閒聊] 網拍小心詐騙
時間: Tue Jul 14 19:49:06 2026

平常我會上網拍，隨意瀏覽，有合適的會入手一些二手品，不過最近遇到詐騙了。

大致說明發生經過：
某天瀏覽網拍時，看到有興趣的商品，（在網拍介面）聯絡賣家，賣家請我加他Line。

加入後，談好價格。
賣家給了一個帳號，我們轉帳完成，他又給一個連結，點開是黑貓。其實是假冒黑貓
填入收件人姓名、地址、電話後送出，頁面顯示“列印失敗”（如圖）
https://i.mopix.cc/K69Hte.jpg
聯絡賣家後，賣家要我聯絡客服。

一直要你“實名認證”

到這裡開始覺得不對勁，賣家只是一直要你聯絡客服解開訂單。
請他換寄送方式，也只是跳針要你聯絡客服。

然後我就去報警了

額外要補充的地方是，雖然賣家給的連結跟帳號，我當下有上165查詢，但顯示“尚未通
報記錄”。
甚至到今天我再去查詢，也一樣。

當然報警時，警察聽到要你“實名認證”就肯定是詐騙，但也不知為何，165這邊仍無通
報？

目前我這次損失區區NT.600，雖不算多，但也是我們辛苦賺來的，該報警還是要報。

詐騙猖獗，大家都要小心注意。
※ 編輯: forcc (61.224.99.36 臺灣), 07/14/2026 19:49:28
※ 編輯: forcc (61.224.99.36 臺灣), 07/14/2026 22:26:22
※ 發信站: 批踢踢實業坊(ptt.cc)
※ 轉錄者: petestar (1.161.158.11 臺灣), 07/17/2026 19:59:56",ptt,Fri Jul 17 19:59:56 2026
[新聞] 視訊換臉工具以假亂真！詐騙暴增147%,https://www.ptt.cc/bbs/Bunco/M.1782731527.A.787.html,"視訊換臉工具以假亂真！詐騙暴增147% 專家提6點防範
https://3c.ltn.com.tw/news/66604
一款開源的「Deep-Live-Cam」軟體早在 2024 年便已爆紅，可以從一張照片中提取一個
人的臉部，並將其應用到即時網路攝影鏡頭視訊源上，意味著視訊時可以直接換上照片中
的人臉，但這套軟體如今被大量使用在詐騙上，資安專家提出 6 點防範措施。

「Deep-Live-Cam」軟體本身是一種娛樂，能換成自己喜愛人物的臉，也適用於內容創作
者的影片製作、遊戲實況主變換虛擬角色、影視產業用於後期特效，但外媒指出，該類型
「深偽」（DeepFake）詐騙案件呈現爆炸式成長，年增幅高達 147%。

常見的詐騙案例包括，取得公司高層的公開照片後，在視訊會議中冒充該主管，要求財務
人員匯款或提供敏感資料；於交友軟體、視訊中假冒他人進行情感詐騙；利用即時換臉冒
名開戶或取得視訊驗證；冒充政治人物或公眾人物進行假直播、發表假言論。

對於猖獗的「深偽」詐騙，資安專家提出以下 6 點防範措施：

1. 要求對方轉頭或變換角度：即時換臉技術在臉部大幅度轉動時，邊緣容易出現模糊或
崩壞。

2. 觀察眨眼與口型同步：AI 換臉在眨眼頻率、嘴型與聲音的同步上，仍會有不自然之處
。

3. 注意背景干擾：在臉部邊緣與背景交界處，換臉常產生閃爍或色差。

4. 設定通關密語：與家人或同事約定只有彼此知道的驗證詞，在視訊通話中確認身分。

5. 透過其他管道確認：若視訊中有人要求匯款或提供敏感資訊，務必透過電話或當面方
式二次確認。

6. 限制社群公開照片：降低個人在社群平台上的正面照片曝光。

--
Mr.
Raindrop, falling away from
me now.
/
/
∕︵︵︵︵︵︵︵﹨
Mr. Raindrop, falling away form me now.
/
/
◢██◣
∥
/     /
Do you know how much you mean to me, why must you leave?
⊙
⊙
∥
I'm just a flower on a tree, why must you leave?
◢
▆
/
/
Mr.
Raindrop, falling away from
me now.
--
※ 發信站: 批踢踢實業坊(ptt.cc), 來自: 36.227.153.235 (臺灣)
※ 文章網址:
https://www.ptt.cc/bbs/Bunco/M.1782731527.A.787.html",ptt,Mon Jun 29 19:11:59 2026
[新聞] Steam實體禮物卡宣布停售！詐騙問題無解,https://www.ptt.cc/bbs/Bunco/M.1781221291.A.5A1.html,"Steam實體禮物卡宣布停售！Valve: 詐騙問題無解
https://3c.ltn.com.tw/news/66397
Valve確定將停止在實體零售通路販售「Steam 禮物卡」，這一消息已公布於官方支援網
頁，待現有庫存售完後，便會正式走入歷史。

Valve表示，做出這項決定的主因是詐騙問題始終無法有效遏止。近年來，不少詐騙集團
利用Steam實體禮物卡行騙，不僅影響Steam玩家，也讓許多一般民眾受害。

常見手法是誘騙受害者前往商店購買Steam禮物卡，再以各種理由要求提供卡片上的兌換
序號。一旦詐騙者取得序號，便能立即將卡內餘額轉走，受害者往往很難追回損失。

為了打擊這類詐騙，Valve過去其實已採取多項措施，包括與執法單位合作、在禮物卡上
增加警示訊息，以及限制實體禮物卡的販售範圍和數量。然而，Valve坦言，詐騙集團也
不斷調整手法，因此問題始終未能徹底解決。

現有庫存售完為止
Steam自2012年開始販售實體禮物卡，至今已有14年歷史。Valve預估，目前市面上的庫存
將於2026年底前陸續售罄，屆時實體Steam禮物卡將正式退出市場。不過玩家無須擔心，
已經購買的實體Steam禮物卡不會失效，未來仍可正常兌換使用。

值得注意的是，此次停售僅限實體版Steam禮物卡，數位版禮物卡仍會持續販售，不受影
響。換句話說，未來玩家若想替親友儲值Steam錢包，或贈送Steam禮物卡作為禮物，依然
可以透過線上方式完成，只是實體卡片將逐漸走入歷史。

--
Mr.
Raindrop, falling away from
me now.
/
/
∕︵︵︵︵︵︵︵﹨
Mr. Raindrop, falling away form me now.
/
/
◢██◣
∥
/     /
Do you know how much you mean to me, why must you leave?
⊙
⊙
∥
I'm just a flower on a tree, why must you leave?
◢
▆
/
/
Mr.
Raindrop, falling away from
me now.
--
※ 發信站: 批踢踢實業坊(ptt.cc), 來自: 36.227.142.86 (臺灣)
※ 文章網址:
https://www.ptt.cc/bbs/Bunco/M.1781221291.A.5A1.html",ptt,Fri Jun 12 07:41:27 2026
[新聞] 運發局嚴正澄清！詐騙登假廣告運動課程,https://www.ptt.cc/bbs/Bunco/M.1781092076.A.109.html,"運發局嚴正澄清！詐騙人士登假廣告「運動中心課程招生」誘導加入LINE群

民眾切勿上當
https://www.storm.mg/article/11140348
近日經民眾反映，社群平台 Facebook 上出現名為「高雄市尚讚a」等非官方粉絲專頁，
以「大高雄運動上課好所在」「全區運動課程開始報名」為名，刊登付費廣告，宣稱提供
有氧、瑜珈、皮拉提斯、核心、飛輪、舞蹈、燃脂、游泳等課程，並以「點擊查課表」、
「瞭解詳情」等按鈕，誘導民眾點擊連結，加入不明 LINE 群組。高雄市政府運動發展局
（以下簡稱運發局）特此嚴正澄清，上開粉專及廣告均非運發局或各運動中心所發布，請
市民朋友務必提高警覺，切勿點擊、加入或提供任何個人資料。

運發局表示，本市運動中心及運動課程之相關訊息、報名與活動公告，僅透過下列官方管
道發布，請民眾認明：

‧官方臉書粉絲專頁：高雄市政府運動發展局(facebook.com/ksdkcg)

‧官方網站：高雄市政府運動發展局全球資訊網(
https://sports.kcg.gov.tw/)
‧各區運動中心：各運動中心之官方網站及官方社群帳號

凡非上述管道、或要求加入私人 LINE 群組以「報名課程」者，皆與本局無關，請勿輕信
。

副標/以「免費或優惠課程」、「限時報名」吸引民眾興趣

運發局指出，此類冒名手法，係不法集團假冒政府機關或運動場館名義，臨時建立假粉絲
專頁並投放付費廣告，以「免費或優惠課程」、「限時報名」吸引民眾興趣，再引導加
入 LINE 好友或群組，後續藉機騙取個人資料、誘導付款或進行其他詐騙。近期一些政府
機關、公部門運動場館等，均曾遭以相同模式冒名，經查證後確認為詐騙，相關單位已公
開澄清。

市民可從以下特徵辨識：

1.粉專名稱與官方機關名稱不符，且非經 Facebook 驗證之官方帳號。

2.粉專追蹤、按讚或互動人數異常稀少，與政府機關應有規模明顯不符。

3.廣告標示「贊助」字樣，係付費投放，而非機關正式公告。

4.要求「加 LINE 好友」、「加入群組」、「先留個人資料」或強調「限時、最後名額」
。

5.連結網址非政府機關之「.gov.tw 」網域。

運發局表示，已就上開假冒粉專及廣告，檢舉並通報內政部警政署165全民防騙網。呼籲
民眾共同提高警覺，並協助轉知親友，避免更多人受害。提醒市民朋友秉持「冷靜、查證
、報警」三步驟：

‧看到可疑的政府機關或運動中心廣告，先透過官方網站或電話查證，勿直接點擊廣告連
結。

‧切勿加入來路不明的 LINE 群組，亦切勿提供姓名、電話、身分證字號、金融帳戶等個
人資料。

--
Mr.
Raindrop, falling away from
me now.
/
/
∕︵︵︵︵︵︵︵﹨
Mr. Raindrop, falling away form me now.
/
/
◢██◣
∥
/     /
Do you know how much you mean to me, why must you leave?
⊙
⊙
∥
I'm just a flower on a tree, why must you leave?
◢
▆
/
/
Mr.
Raindrop, falling away from
me now.
--
※ 發信站: 批踢踢實業坊(ptt.cc), 來自: 36.227.141.91 (臺灣)
※ 文章網址:
https://www.ptt.cc/bbs/Bunco/M.1781092076.A.109.html",ptt,Wed Jun 10 19:47:53 2026
[新聞] 國際特赦組織指柬埔寨掃盪詐騙不彰　仍有數十園區運作,https://www.ptt.cc/bbs/Bunco/M.1781011130.A.5D9.html,"國際特赦組織指柬埔寨掃盪詐騙不彰　仍有數十園區運作

2026/6/8 22:29

（中央社金邊8日綜合外電報導）國際特赦組織今天發布報告指出，儘管柬埔寨當局已對
境內跨國詐騙園區進行數月掃蕩，但在已知的86個園區當中，僅24個遭政府關閉，仍有數
十個疑似詐騙中心仍在持續運作。

路透社報導，總部在英國的國際特赦組織（Amnesty International）在這份176頁報告當
中批評，柬埔寨政府的掃蕩許多常是被動行動或無效，或因為詐騙園區管理者顯然與警方
有勾結而效果減弱，例如有逃出的人表示，掃蕩期間他們曾被移往柬埔寨各地躲避查緝。

國際特赦組織在報告中說，其研究人員訪問了73名曾被迫關在柬埔寨詐騙園區的人士，他
們全都表示曾經經歷或目睹虐待情況，包括有6名女性稱自己遭到性侵。

國際特赦組織並指責柬埔寨當局將從詐騙園區逃離或獲釋的人當作非法移民對待，而非把
他們當作人口販運的被害人。

報告結論指出，柬埔寨對詐騙園區的掃盪在兩大關鍵方面皆失敗，無論是對一些最知名園
區的調查和關閉，或是對從園區逃離或被帶走的被害人提供保護和協助。

不過，柬埔寨政府發布聲明反駁國際特赦組織。負責打擊網路詐騙的柬埔寨國務部長蔡西
納烈（Chhay Sinarith）稱這份報告「有選擇性、片面且缺乏對實地情況的充分了解」。

根據他的說法，柬埔寨已將25家疑似涉及詐騙的賭場撤銷營業執照，並已起訴近1500名來
自19國的嫌犯，還已將接近1萬9000名外國人驅逐出境，另有約29萬名相關外籍人士已自
願離境。

柬埔寨政府在聲明中表示，打擊詐騙中心困難，因為相關犯罪網絡跨越國界並具有高度適
應力，且為了規避執法都經過精心安排。（編譯：張正芊）1150608


新聞出處:中央通訊社
https://www.cna.com.tw/news/aopl/202606080341.aspx
--
※ 發信站: 批踢踢實業坊(ptt.cc), 來自: 118.166.10.170 (臺灣)
※ 文章網址:
https://www.ptt.cc/bbs/Bunco/M.1781011130.A.5D9.html",ptt,Tue Jun  9 21:18:46 2026
[資訊] AI時代的詐騙升級 我們如何自保,https://www.ptt.cc/bbs/Bunco/M.1780748863.A.573.html,"AI時代的詐騙升級 我們如何自保
https://www.epochtimes.com/b5/26/6/6/n14783102.htm
【大紀元2026年06月06日訊】（大紀元記者蔡溶 報導）在AI（人工智慧）爆炸式成長的
短短兩年間，詐騙也完成了自己的「科技升級」。從語音克隆、深偽影像、自動化聊天機
器人到數千個假投資平台，詐騙集團已經從過去的「粗糙話術」進化成真假難辨，甚至能
為你量身打造劇本卻成本極低的犯罪產業鏈。

FBI 近日通緝一名手持廣州公安證件、涉嫌詐騙在美中國留學生的華男，並呼籲民眾提供
線索。
FBI 近日通緝一名手持廣州公安證件、涉嫌詐騙在美中國留學生的華男，並呼籲民眾提供
線索。（FBI官網）
2026年3月12日，位於柬埔寨一處詐騙中心內，設有假冒的上海浦東警察局。
2026年3月12日，位於柬埔寨一處詐騙中心內，設有假冒的上海浦東警察局。（Lillian
SUWANRUMPHA / AFP via Getty Images）
全球都在面對同一場危機。FBI報告美國去年網路詐騙損失逼近210億美元，其中近9億美
元與AI相關；英國的機構也報告一年遭詐金額達94億英鎊，大多數為源自境外的電信詐騙
；人口僅2,750萬的澳洲，一年也因詐騙損失21.8億美元。

各國都認為自己正遭遇前所未有的詐騙浪潮，再不遏止，這股惡浪終將演變成國家安全、
司法與社會信任的全面危機。

詐騙利用人性 AI放大效率
許多受害者是生活中精明能幹的人，但詐騙利用的往往不是智商，而是人性弱點。他們懂
得利用孤獨、利用求財焦慮、利用求職不安、利用感情需求、利用退休後的空虛。殺豬盤
和新型態投資詐騙最危險的地方，是花時間「陪你慢慢相信」。

騙子不再說「穩賺不賠」，他們知道這樣太假。他們會先建立關係，陪你聊天、關心你，
和你建立情感連結、建立信任，再慢慢引導你相信他們的「精密計算投資」。在假群組裡
，他們可以瞬間用幾百個假帳號包圍你，營造「大家都在賺」的假象。

受害者要對抗的是一群長期研究人性、經驗豐富的職業騙子。而AI，讓這些騙子效率更高
。

AI讓「眼見為憑」徹底失效
隨著 AI 與各種能自動生成假網站、假影像、假語音的技術普及，過去容易識破的騙局已
快速進化，變得非常有說服力。面對這樣的虛擬現實，「眼見為憑」已無法保護你，反而
可能成為詐騙得手的破口。

更令人不安的是，詐騙園區也在「魔化」部分受害者。緬甸順達電詐園區被攻破後，竟有
四分之一、超過900人拒絕被解救返國，而是轉往其它電詐園區。從外界資訊推測，原因
包括：部分人從中國出境前已背負案件，不敢回國；在園區內達成業績後享受特權與高收
入，已被同化；參與暴力或器官摘取，被錄像控制，無法脫身。

這些現象提醒我們：詐騙不僅是犯罪，更是一種吞噬人性的黑暗產業。正所謂：上了賊船
就下不來了。

AI更難防 需要新的識別方法
在這個時代，AI讓詐騙更真、更快、更難防。在這樣的環境下，我們需要重新調整一下防
詐方式，以下是一些建議：

第一，社會新聞要看。有些老人家脫離社會，也不看社會新聞，完全不知現在的社會如此
險惡。雖然有些新聞負面，但那是預防針，能讓你知道世界正在發生什麼。

第二，建立親友防線，例如與家人約定「專屬暗語」，遇到「AI假冒親友」透過視訊借錢
時，能用提問驗證身分；或與一、兩位可信任的親友保持互動。一群人彼此提醒、互相商
量，防線才會穩固。

第三，對自己誠實。很多受害者在第一筆錢匯出去後，會陷入「心有不甘，欲罷不能」的
狀態，不願承認自己被騙，還替對方找理由：「也許再等等就會回本」「也許我誤會他了
」。結果越投越多，把洞越補越大。承認被騙，是止損的第一步。

第四，原路求證、不急匯款。詐騙最常見的套路，往往圍繞「製造急迫感」「營造權威」
「威脅恐嚇」「誇大利潤」「禁止與外界互動/求證」與「索取敏感資訊」。凡是要求立
即匯款、立刻決定、支付保證金或解凍金的情況，都應視為詐騙警訊。

第五，假投資平台、假客服App是投資詐騙的核心工具。務必遵循「三不」原則：不下載
來源不明 App、不點不明連結、不轉帳到私人帳戶或陌生錢包。

第六，財不露白：不要在網路上暴露個人喜好與財務狀況。並記住：天上不會掉餡餅，只
要心存一點貪念，詐騙就會找上門。

最後，如果一件事好得令人難以置信，它大概率不是真的。這句老話，在AI時代依然有效
。

有人感嘆：「也許未來，人類要講話、要買賣，都得回到面對面，否則你只會被AI拿捏得
死死的。」這句話或許誇張，卻提醒我們：在 AI 重塑世界的同時，也逼迫我們重新學習
一件古老的事——如何升級自己的能力。

--
Mr.
Raindrop, falling away from
me now.
/
/
∕︵︵︵︵︵︵︵﹨
Mr. Raindrop, falling away form me now.
/
/
◢██◣
∥
/     /
Do you know how much you mean to me, why must you leave?
⊙
⊙
∥
I'm just a flower on a tree, why must you leave?
◢
▆
/
/
Mr.
Raindrop, falling away from
me now.
--
※ 發信站: 批踢踢實業坊(ptt.cc), 來自: 111.243.14.77 (臺灣)
※ 文章網址:
https://www.ptt.cc/bbs/Bunco/M.1780748863.A.573.html
※ 編輯: petestar (36.227.153.235 臺灣), 06/29/2026 19:20:42",ptt,Sat Jun  6 20:27:40 2026
[新聞] 新竹建商遭詐騙 現金、金條等6500萬泡湯,https://www.ptt.cc/bbs/Bunco/M.1780567721.A.047.html,"新竹建商遭詐騙 現金、金條等6500萬泡湯 瑞銀金條有編號 銀樓公會發海捕公告
https://news.ltn.com.tw/news/society/paper/1757379
新竹市一名邱姓建商陷入「假投資」詐騙，起初持現金面交投資，之後詐團得知他家中存
放有大量金條，還慫恿交付金條投資，總財損逾六千五百萬元，因該案為五千萬元以上的
重大詐騙案件，檢警單位已組專案小組積極偵辦中。

詐團得知家有金條 慫恿投資
邱姓建商被騙的六千五百萬中，有一千七百萬是用七十一條有編號的UBS黃金條塊交付，
總重約九十二台兩。由於瑞士銀行（UBS）發行的金條代表最高規格的品質保證，一般銀
樓收到不會鎔掉，所以為了協助警方破案，全國銀樓同業公會接獲新竹銀樓業者求助後，
昨天發出「海捕」公告，包括涉案金條序號清單，提醒各銀樓注意。

檢警調查，該名建商是在去年底加入一個投資股票的LINE群組，群組鼓吹「穩賺不賠、保
證獲利」，建商原欲依指示匯款進入對方指定的帳戶內，隨後都改以面交投資款；每次詐
團都相約在該建商住家附近公園等地點，派遣車手前往收取現金。

公會發序號清單 籲銀樓注意
詐團甚至得知該建商住家存放有大量金條，還慫恿可以交付金條投資，為此該建商除交付
家中的金條外，還前往多處銀樓購買金條，共約有十四次面交現金、金條。

上月初，該建商想取回相關的投資獲利，發現對方根本不出金，經詢問多位友人，友人告
知他可能遇上詐騙集團，始驚覺有異，趕緊向警方報案；據悉，這些出面向受害建商取款
的車手，已有多人因涉及其他取款案件落網，目前檢警專案小組正擴大溯源追查其他共犯
中。

--
Mr.
Raindrop, falling away from
me now.
/
/
∕︵︵︵︵︵︵︵﹨
Mr. Raindrop, falling away form me now.
/
/
◢██◣
∥
/     /
Do you know how much you mean to me, why must you leave?
⊙
⊙
∥
I'm just a flower on a tree, why must you leave?
◢
▆
/
/
Mr.
Raindrop, falling away from
me now.
--
※ 發信站: 批踢踢實業坊(ptt.cc), 來自: 36.227.145.233 (臺灣)
※ 文章網址:
https://www.ptt.cc/bbs/Bunco/M.1780567721.A.047.html",ptt,Thu Jun  4 18:08:36 2026
[新聞] 新聞眼／踩在惡的那端 詐騙惡害深蝕不同,https://www.ptt.cc/bbs/Bunco/M.1780323101.A.71A.html,"新聞眼／踩在惡的那端 詐騙惡害深蝕不同年齡層
https://udn.com/news/story/124490/9535829
六十歲原是耳順之年，在經歷人生、社會歷練後，足以平靜聆聽別人所言、明辨是非，古
人的理想卻難套用在現實社會。六十歲以上高齡車手暴增，一時難以定論是「老人變壞」
，或是「壞人變老」，若非生存困難，誰會想在高齡還面臨牢獄之災，更顯詐騙集團惡害
已廣泛深蝕不同年齡層。


詐團中的車手角色，負責出面領收贓款，是詐騙產業鏈最底層、風險最高，但獲利最少的
角色，早年警方「斬手專案」企圖廣抓車手遏阻詐騙，但集團預設斷點以規避溯源，車手
如同免洗筷般用完就扔、落網即棄。


過去案例，詐團最常利用未成年人或失學年輕族群當車手，但未成年人被抓也會怕，他們
漸漸不願再充當「免洗筷」，加上詐騙危害防制條例也就利用未滿十八歲之人犯罪者加重
其刑，詐團才轉向吸收更好控制、不會質疑指令，且外表更「無害」的高齡者從事詐騙。


高齡車手暴增，第一線檢警有感，檢察官感慨「老人越來越多」，年邁弱勢、經濟困境者
，一般人看了都不忍苛責，檢方偵辦過程也是無奈又嗟嘆，就連要不要聲請羈押，都是煎
熬。


台中地檢署偵辦六十三歲吳姓車手，發現他工傷失業還得扶養身心障礙的兒子，落網後對
自己在做什麼都說不清楚，更令人驚訝的是，兒子數度勸阻吳別當車手，甚至大義滅親檢
舉爸爸。


起訴書引用俄國作家列夫·托爾斯泰於小說安娜·卡列尼娜中的名言「幸福的家庭都是相
似的，不幸的家庭則各有各的不幸。」，而不幸與惡彼此相生，不幸唆使惡行，惡行又衍
生不幸。吳背對法律逆向行走，踩在惡的那一端，但或許更偏向不幸一點。在詐騙集團分
工模式持續演化之下，個案背後往往牽涉多重社會與經濟因素，但無論原因如何，犯罪仍
得付出代價。


詐騙之惡，如豐原五口慘案殷鑑不遠，如今詐團盯上社會高齡、弱勢族群，哪怕再有一個
家庭因詐騙而破碎，都非國人能接受。






--
Mr.
Raindrop, falling away from
me now.
/
/
∕︵︵︵︵︵︵︵﹨
Mr. Raindrop, falling away form me now.
/
/
◢██◣
∥
/     /
Do you know how much you mean to me, why must you leave?
⊙
⊙
∥
I'm just a flower on a tree, why must you leave?
◢
▆
/
/
Mr.
Raindrop, falling away from
me now.
--
※ 發信站: 批踢踢實業坊(ptt.cc), 來自: 36.227.145.233 (臺灣)
※ 文章網址:
https://www.ptt.cc/bbs/Bunco/M.1780323101.A.71A.html",ptt,Mon Jun  1 22:11:38 2026
[新聞] Meta AI曝公司主要營收是「中國詐騙廣告,https://www.ptt.cc/bbs/Bunco/M.1780322927.A.CD8.html,"Meta AI曝公司主要營收是「中國詐騙廣告」
https://news.ltn.com.tw/news/world/breakingnews/5456420
Meta公司旗下社群平台Threads測試「Meta AI」整合功能，吸引大批用戶標註「@meta.ai
」互動。由於Meta在台灣近年淪為詐騙等犯罪溫床，不少網友好奇詢問Meta AI相關問題
，結果它不僅「自首」公司營收確實是來自中國詐騙等違規廣告，還揭露中國金主如何投
放廣告，過於誠實的描述一出瞬間轟動全網。

據悉，Meta AI自今年5月28日上線後，不斷回應各種領域、內容千奇百怪的諸多問題。其
中，在繁體中文用戶的部分，陸續有人向Meta AI提問有關「中國詐騙廣告」、「Meta營
收多少來自中國和香港」、「明知道很多廣告是惡意詐騙，為何麼仍讓投放詐騙廣告」等
議題，Meta AI則像是吃了「誠實豆沙包」般，逐一詳細解釋背後原由。

Q：為什麼Meta要解散反詐團隊？
Meta AI表示，主要是受到「成本考量」跟「收入取捨」影響，Meta 規定打擊詐騙行動導
致的營收損失，不得超過0.15%、約1.35億美元（約新台幣43億元），否則會影響廣告營
收表現，所以後來團隊被解散，連帶平台打詐力度跟著收緊。

Q：Meta已經知道很多廣告是詐騙，為什麼還要投放？
Meta AI回應，根據Meta內部文件顯示，因為「詐騙廣告對營收貢獻很大」，所以Meta沒
有全面封殺。另外，Meta AI補充外媒《路透社》曾揭露Meta包含詐騙等違反標準的廣告
，占該公司2024年營收10.1%，金額高達約160億美元（約新台幣5059億元）左右，平台每
天投放約150億則「高風險」詐騙廣告。

Meta AI指出，Meta對詐騙廣告的策略是「加價懲罰」，而非直接封鎖，被系統判斷廣告
主「有95%機率是詐騙」才封禁，低於門檻的就提高出價成本，只要廣告主願意多付錢仍
可投放。Meta AI還搬出2025上半年打詐行動，指出該行動設有營收損失上限約0.15%，超
過就不繼續打，目的是為了平衡「打詐」跟「營收」。

Meta AI直言，Meta並不是不知道很多廣告是詐騙，而是因為「詐騙廣告太賺錢」，所以
選擇「溫和打詐」，計畫慢慢從10.1%降到2027年的5.8%。

Q：既然在中國不能用Facebook，那這些公司是如何下廣告？
Meta AI指出，雖然中國境內不能使用或瀏覽臉書，但設立在中國的公司並未被禁止在境
外平台投廣告，因此中國公司仍買臉書廣告。

這些公司申請到「Meta企業管理平台」帳號後，再直接登入「ads manager」投放廣告給
海外用戶。根據Meta AI描述，來自中國的廣告主會透過Meta的廣告後台直接下單，投放
對象是中國以外的用戶，例如歐美、東南亞等地。

Q：為什麼Facebook在中國不能使用，但Meta仍有在中國的營收？
Meta AI坦言，儘管臉書在中國被阻擋不能使用，但是Meta的多數營收仍是來自中國廣告
主投放，並提到主要是Temu、希音（Shein）等跨境電商和遊戲公司購買廣告。

根據Meta財報顯示，2024年來自中國廣告的收入，讓公司進帳183.5億美元（約新台幣
5800億元），占總營收11%以上，是僅次於美國的第二大市場。

Q：Meta過去有因為「詐騙廣告」氾濫，而被中國或香港當局被罰款嗎？
Meta AI回應，從未因詐騙廣告在中國或香港被罰款，因為中國用戶不能使用臉書，況且
Meta在中國也沒有業務。

另據《路透社》內部文件顯示，中國是Meta詐騙廣告的最大來源國，2024年中國廣告貢獻
Meta收入約184億美元（約新台幣5820億元），其中高風險詐騙廣告佔19%；Meta回應已下
架4600萬則中國相關違規廣告，並與部分違規代理商終止合作。

Q：（來自中國的廣告）這些營收到底是投哪些廣告？是投給誰看的？
Meta AI描述，主要是中國企業「出海」投廣告，目標是海外用戶，並不是投給中國人觀
看的。另據Meta財報資料顯示，中國廣告主2023年在Meta花費約135億美元（約新台幣
4267億元），占Meta總收入10%。Meta財報也明確指出，這部分收入主要來自中國廣告主
高額支出，投放AI推薦影片內容等。

由於部分中國廣告涉及詐騙、非法賭博等違規內容，讓Meta曾組建反詐團隊，把違規廣告
占比從19%降到9%，但後來反詐團隊解散，2025年違規廣告占比又回升至16%。

Q：中國投入的這些廣告效果如何？中國人投這些廣告有多少比例是詐騙相關？
Meta AI表示，Temu、Shein等中國跨境電商靠臉書、IG在海外市場打廣告，投資報酬率一
度很強。像是2025年美國施行關稅政策後，Temu大砍廣告預算，讓Meta股價一度大跌，但
後續廣告營收仍穩健增長26%。

另據外媒報導指出，Meta從中國廣告主獲得180億美元的收入中，有約19%、超過30億美元
（約新台幣949億元）來自詐騙、賭博、色情等非法內容。Meta回應稱實際比例更低，但
承認平台涉及美國三分之一的詐騙案。

--
Mr.
Raindrop, falling away from
me now.
/
/
∕︵︵︵︵︵︵︵﹨
Mr. Raindrop, falling away form me now.
/
/
◢██◣
∥
/     /
Do you know how much you mean to me, why must you leave?
⊙
⊙
∥
I'm just a flower on a tree, why must you leave?
◢
▆
/
/
Mr.
Raindrop, falling away from
me now.
--
※ 發信站: 批踢踢實業坊(ptt.cc), 來自: 36.227.145.233 (臺灣)
※ 文章網址:
https://www.ptt.cc/bbs/Bunco/M.1780322927.A.CD8.html",ptt,Mon Jun  1 22:08:44 2026
[新聞] 租屋詐騙新變種破解 3招破解假房東,https://www.ptt.cc/bbs/Bunco/M.1780049324.A.589.html,"租屋詐騙新變種破解：揭秘「先匯訂金優先看房」的心理陷阱，3 招識破假房東
https://reurl.cc/Q2kM2o
租屋詐騙新變種破解：揭秘「先匯訂金優先看房」的心理陷阱，3 招識破假房東

租屋市場詐騙手段再進化！網路上看到精美裝潢、租金卻遠低於行情的夢幻物件，小心是
詐騙陷阱。本文深度拆解「先匯款搶優先看房權」的心理戰術，整理最新假房東詐騙手法
與對話劇本。傳授 3 招防詐黃金守則，教你如何查驗產權、善用反向搜索，並附上受騙
後的緊急補救指南，助你在租屋攻防戰中保全資產、安心成家。

一、 前言：當找房焦慮撞上完美物件
在租屋族群的尋房過程中，最折磨人的往往不是搬家的勞頓，而是那種「好房子一轉眼就
被租走」的集體焦慮。隨著都市人口持續飽和，捷運周邊、科學園區附近的優質物件長期
處於供不應求的狀態。

當你在各大租屋社團、樂屋網或臉書粉專上，滑到一間生活機能絕佳、北歐風精美裝潢、
採光無敵，而且租金竟然只要市價的 7 折時，你的心跳是不是漏了一拍？

「運氣也太好了吧！這間不搶絕對會後悔。」——正是這種內心的狂喜與隨之而來的「
FOMO 焦慮（ Fear of Missing Out，錯失恐懼症）」，讓無數理性的租屋族，一步步踏
入詐騙集團精心佈置的心理陷阱。

如今的租屋詐騙早已不再是粗糙的簡訊廣告，而是演變成利用精美 AI 渲染圖、Airbnb
盜圖，並結合高度人性化對話劇本的新變種詐騙。本文將帶你直擊這些高明騙局的底層邏
輯，幫你建立最強的數位防線。

二、 心理陷阱剖析：為什麼高學歷、高資產族也會中招？

很多人以為會被騙的人都是因為缺乏社會經驗，但根據警政署 165 反詐騙專線的統計，
租屋詐騙的受害者中，不乏工程師、上班族與高學歷的研究生。這群人具備極高的資訊素
養，為什麼依然會在還沒看房前就把錢匯出去？

詐騙集團玩的是一場精密的心理壓力學，其核心劇本通常包含以下三個致命節奏：

1. 製造極度稀缺性
騙子會貼出完全符合現代年輕人審美的精緻裝潢照片（多為極簡無印風或現代輕奢風），
並配上一個令人無法抗拒的低價。這時，你的理智線已經被撿到便宜的興奮感悄悄遮蔽。

2. 虛構競爭壓力
當你私訊詢問時，對方不會馬上答應，而是會拋出這樣的誘餌：

「目前這間房子非常熱門，今天已經有 4 組人在排隊看房了。排在你前面的黃小姐甚至
說要直接帶押金過來簽約……」

這種別人在跟你搶的氛圍，會讓你的大腦瞬間進入戰鬥或逃跑模式，失去冷靜思考的時間
。

3. 提供虛假的保障
接著，騙子會點出核心訴求，但包裝得極其體貼：

「我看你很有誠意，如果你真的很喜歡，可以先匯款半個月的租金（約 5,000 到
15,000 元）作為『保留訂金』。我會直接幫你排到第一順位優先看房。如果看房後不滿
意，我當場現金全額退還給你，這對你完全沒有損失。」

「可以全額退款」這句話，成了擊碎房客最後一絲防線的溫柔一刀。多數人會心想：反正
不租也可以退錢，那就先搶先贏吧！然而，當你把錢匯入對方指定的帳戶後，等待你的通
常是 LINE 被封鎖、社團帳號人間蒸發。

三、 變種租屋詐騙的四大紅線特徵

要在資訊爆炸的網路世界中自保，你必須學會像大數據演算法一樣，一眼識破那些不正常
的物件。只要符合以下四個特徵中的兩個，高機率就是詐騙：

1. 照片完美到像飯店或樣品屋
真正的租屋物件，照片中多少會帶有生活痕跡，或是採光、角度不夠完美。如果照片中的
客廳一塵不染、落地窗外的風景精美如畫、家具陳列像高級雜誌，且完全沒有擺放任何私
人物品，這極可能是從國外 Airbnb、設計師網站盜來的圖片，甚至是利用高精細度 AI
工具生成的虛構空間。仔細觀察，有時甚至會發現插座孔洞、窗外街景等不符合台灣生活
環境的破綻。

2. 租金與地段嚴重脫節
「地段決定房價」是鐵律。如果在大安區捷運站走路 3 分鐘的獨立大套房，市價行情普
遍落在 25,000 元，但該物件卻只開價 12,000 元，且「還包含水費、網路、第四台與管
理費」，這絕對不是房東佛心發作，而是誘引你上鉤的毒蘋果。

3. 房東身分極度神祕，無法當場通話
詐騙集團多使用臉書假帳號或剛創立的 LINE 帳號。當你要求電話聯繫或撥打 LINE 語音
時，對方通常會以各種理由拒絕：

「我現在人在國外度假/出差，有時差不方便接電話。」

「我是幫我姊姊代刊登的，我平時工作很忙不方便講電話，我們用文字聯繫就好。」

「我聽力有些不方便，希望你能多包涵，用訊息溝通。」

4. 字裡行間不斷催促匯款保留
無論你問什麼屋況細節（如管理費、電費度數怎麼算），對方都會把話題繞回：「你要不
要先付訂金？後面還有人在等。」 這種強烈的催促感，就是為了不讓你有機會向朋友諮
詢或冷靜思考。


四、 3 招黃金守則：徹底撕下假房東的面具
面對層出不窮的數位騙局，請將以下三招刻進你的找房基因裡。只要堅持這三個原則，任
何租屋詐騙在第一階段就會被你徹底瓦解：

第一招：反向圖像搜索（查驗照片真偽）
收到對方提供的精美照片後，不要只用眼睛看。

操作方法： 使用智慧型手機下載 Google App，點擊搜尋列旁的相機圖示，利用「
Google 智慧鏡頭」功能將該物件的照片上傳進行反向檢索。

識破瞬間： 你常會驚訝地發現，這間宣稱位於「台中西屯區」的夢幻套房，其實是日本
東京的某家精品旅店，或是上海某位室內設計師的獲獎作品。照片一旦確認是盜用的，直
接檢舉並封鎖。

第二招：堅持不見面、不看房、不匯款
在實務租屋中，任何在實地踏入房屋、核對身份之前要求匯款的行為，一律視為詐騙。

正確觀念： 正常的房東或合法仲介，絕對不會在帶看前向房客收取任何費用。如果因為
不先匯款而錯失這間房子，那就大方地錯過它。因為真正的優質物件，房東更在乎的是「
親眼見到房客，確認對方的職業與生活習慣是否單純」，而不是那區區幾千元的保留費。

第三招：現場核對雙證件與產權證明
當你順利約到現場看房時，攻防戰還沒結束。有些高階詐騙甚至會短租公寓或日租套房，
假冒房東帶你看房。此時請啟動查驗產權 SOP：

核對身分：請對方出示身分證正本。

查驗權權：要求查看「建物所有權狀」或最新的「第一類建物謄本」，確認權狀上的姓名
、身分證字號，與眼前的房東是否為同一人。

委託授權：如果對方是二房東、代理人或房仲，必須要求出示「轉租同意書」、「房東授
權委託書」或「不動產經紀業營業員證照」。


五、 租屋自保：定金與訂金的法律自衛術
大家常以為字面上的「定金」與「訂金」含義大相徑庭，甚至誤以為寫「訂金」反悔就能
全額退款。然而，這是一個極大的法律盲點：

法院重「真意」而非字面：我國民法其實只有「定金」一詞。實務上，不論對話紀錄或收
據上寫的是「定」還是「訂」，只要其目的是為了「保留房屋、擔保後續契約成立」，法
院一律會認定它具備《民法》第 248 條的「定金」效力。

一旦給付後的法律後果：根據《民法》第 249 條，若房客後來反悔不租，房東有權沒收
這筆錢；若房東反悔不租，則必須加倍返還。

因此，詐騙集團口中承諾的「不喜歡當場全額退款」，在真實法律實務上往往存在高度的
拉鋸空間。最安全的終極做法是：在還沒見到房東本人、還沒進入房屋實地查驗、以及還
沒核對建物謄本產權之前，絕對不支付任何 1 塊錢。

六、 萬一不幸被騙了？黃金緊急補救 3 步驟
如果你此時此刻正在閱讀這篇文章，而手已經不小心把錢匯出去了，請不要慌張，更不要
自責。詐騙集團利用的是專業的心理學漏洞，你現在要做的是跟時間賽跑，啟動資產防禦
機制：

1. 立即撥打 165 反詐騙專線
匯款後的 1 小時內是攔截資金的黃金期。立刻撥打 165，告知警方你遭遇了租屋詐騙，
並提供：你的匯款帳戶、對方的轉入帳戶、匯款金額與精確時間點。警方有權在第一時間
對該目標帳戶進行「緊急圈存」，凍結該帳戶 24 小時，阻止詐騙集團將你的血汗錢提領
出來。

2. 蒐集完整數位證據
不要因為憤怒而刪除對話！完整截圖保留以下資訊：

臉書或各大平台的物件廣告頁面（包含網址）。

對方的 LINE 帳號、大頭照、電話號碼。

所有的對話紀錄： 特別是對方提到「先匯款即可優先看房、不滿意可退款」的關鍵承諾
。

銀行或行動支付的轉帳成功明細電子單據。

3. 前往派出所報案並取得受（處）理案件證明單
攜帶上述列印出來的紙本證據，立刻前往最近的派出所正式報案，製作筆錄。確保拿到案
件證明單，讓該帳戶正式列為「人頭帳戶（警示帳戶）」。雖然追回資金需要走後續的法
律流程，但這是唯一的合法防護手段。


七、 FAQ：租屋防詐常見問題快速解答
Q1：海外房東說可以把鑰匙快遞給我，讓我自己進去驗屋，只要我先付押金，這能信嗎？

A： 絕對不能信。 這是非常經典的國際租屋詐騙手法。騙子通常會盜用高級公寓的照片
，宣稱自己因涉外工作、外交任務長期旅居海外，無法親自帶看。任何「見不到人、拿不
到實體鑰匙」的租屋模式，幾乎都是騙局。

Q2：如果對方出示了身分證照片和房屋權狀截圖，我是不是就可以先匯款了？

A： 不行。 現代數位技術非常發達，身分證與房屋權狀的圖片極易透過修圖軟體偽造，
甚至騙子手中的身分證也是上一位受害者的個資。在沒有約在房屋現場、親眼核對正本文
件之前，網路上的任何圖片都不能作為匯款的依據。

Q3：在知名大型租屋平台（如 591 或樂屋網）上看房，就絕對不會遇到詐騙嗎？

A： 大型平台雖然有審核機制，但詐騙集團常利用合法帳號實名制的時間差，在帳號被檢
舉下架前瘋狂作案。近年許多騙子更傾向於將戰場轉移到無審核機制的臉書租屋社團。不
論在任何平台找房，個人的防詐警覺才是最重要的防線。

Q4：有些房仲說要收取帶看費或車馬費才肯帶看，這是合法的嗎？

A： 根據中華民國法規，合法的不動產經紀業（房仲）在撮合成功前，不得向買方或租客
收取任何「預約費、帶看費」。合法的仲介服務費（通常為半個月租金）是在「正式簽定
租約」的那一刻才會產生。任何提前收取的名目皆不符合商業規範。

八、 結論：讓理性走在感性前面
尋找理想的居住空間，是一場體力與心力的考驗。我們理解在找房處處碰壁後，看到那個
完美又便宜的物件時，內心是多麼渴望那是真的。

然而，在資訊紛亂的數位時代，保護自己資產的終極心法依然是那句老話：「Too good
to be true（如果好得不可思議，那它高機率是假的）。」

把找房的步調放慢，讓理性走在感性的前面。死守「先看房、再核對產權、最後簽約付錢
」的鐵律。別讓你的善良與成家渴望，成了投機分子荷包裡的燃料。


--
Mr.
Raindrop, falling away from
me now.
/
/
∕︵︵︵︵︵︵︵﹨
Mr. Raindrop, falling away form me now.
/
/
◢██◣
∥
/     /
Do you know how much you mean to me, why must you leave?
⊙
⊙
∥
I'm just a flower on a tree, why must you leave?
◢
▆
/
/
Mr.
Raindrop, falling away from
me now.
--
※ 發信站: 批踢踢實業坊(ptt.cc), 來自: 36.227.153.49 (臺灣)
※ 文章網址:
https://www.ptt.cc/bbs/Bunco/M.1780049324.A.589.html",ptt,Fri May 29 18:08:40 2026
[資訊] OTP平台遭駭後，詐騙可能全面升級,https://www.ptt.cc/bbs/Bunco/M.1779965071.A.4FE.html,"OTP平台遭駭後，詐騙可能全面升級

轉貼自脆
https://www.threads.com/@wasitaiwanlan/post/DY268i-EjDQ
全民注意
【 OTP平台遭駭後，詐騙可能全面升級】
這次最可怕的，
不是只有電話或簡訊外流。
而是——
詐騙集團未來可能會知道你：
 最近有沒有辦護照
 有沒有看醫生
 用哪家銀行
 有沒有貸款
 最近有沒有收政府通知


接下來的詐騙，很可能會變成：「超級擬真版客製化詐騙」！

對方甚至能講出你最近真實生活資訊，讓人誤以為：「他真的知道我的資料！」

尤其家中長輩，
會是這波最危險的族群！

所以請大家務必：

不亂點簡訊連結

OTP驗證碼絕不提供

改用雙重驗證App

開啟銀行即時通知

接到客服電話先掛掉再自己重打

遇到「限時處理」先冷靜查證

 已整理成 10 張防詐圖卡

請幫忙分享給家人、長輩、朋友！
現在的詐騙，
最可怕的不是一看就假的。
而是：
「看起來完全像真的。」
多一人看到，少一人受害

--
Mr.
Raindrop, falling away from
me now.
/
/
∕︵︵︵︵︵︵︵﹨
Mr. Raindrop, falling away form me now.
/
/
◢██◣
∥
/     /
Do you know how much you mean to me, why must you leave?
⊙
⊙
∥
I'm just a flower on a tree, why must you leave?
◢
▆
/
/
Mr.
Raindrop, falling away from
me now.
--
※ 發信站: 批踢踢實業坊(ptt.cc), 來自: 36.227.153.49 (臺灣)
※ 文章網址:
https://www.ptt.cc/bbs/Bunco/M.1779965071.A.4FE.html",ptt,Thu May 28 18:44:28 2026
[新聞] 警示帳戶解除不須等不起訴書　遭詐騙惡意,https://www.ptt.cc/bbs/Bunco/M.1779964190.A.82A.html,"警示帳戶解除不須等不起訴書　遭詐騙惡意盜用可申請撤銷
https://www.cna.com.tw/news/asoc/202605270212.aspx
首頁 / 社會
警示帳戶解除不須等不起訴書　遭詐騙惡意盜用可申請撤銷
2026/5/27 15:12（5/27 18:42 更新）
示意圖。（中央社檔案照片）
（中央社記者黃麗芸台北27日電）媒體報導有民眾的帳戶因多25筆小額匯款，報警卻成警
示戶而卡死生活開銷。對此，刑事局今天表示，若符合遭詐團惡意報復等特殊要件者，可
檢具佐證文件向警方申請撤銷警示。

警政署刑事局下午透過新聞稿表示，關於近日媒體報導有民眾遭不明人士惡意發動多筆小
額匯款，導致其名下金融帳戶遭通報為警示並影響日常生活開銷，且提及「只能等到取得
不起訴處分書才可解除警示戶身分」等說法，部分內容實為誤解。

刑事局澄清說，為兼顧善意民眾的生活權益，現行警示帳戶救濟機制相當彈性，除不起訴
處分書等「司法判決確定」的解除要件外，若符合一般商業交易糾紛、三方詐騙案件、遭
詐騙集團惡意報復（如遭小額匯款騷擾）、存款帳戶遭盜（冒）用、行政程序或資料登錄
錯誤等特殊要件者。民眾即可檢具對話紀錄、交易資料等相關佐證文件，親赴案關管轄分
局申請撤銷警示。

刑事局表示，經警方查證屬實即依法撤銷，無須等待冗長司法程序。

此外，若民眾未能符合上述特殊要件，直接持警示帳戶以外的名下其他金融帳戶，仍可至
金融機構臨櫃提款，維持基本生活開銷。

刑事局呼籲，民眾若發現帳戶遭異常匯款、冒名使用或疑涉詐騙情事，應立即向警方報案
並保全相關資料，以利後續查證及保障自身權益；另切勿任意提供金融帳戶、提款卡或網
路銀行帳號密碼予他人使用，以免淪為詐欺集團犯罪工具。（編輯：李淑華）1150527

--
※ 編輯: petestar (36.227.153.49 臺灣), 05/28/2026 18:30:02",ptt,Thu May 28 18:29:44 2026
[資訊] AI讓商業電郵詐騙難辨識 企業如何應對,https://www.ptt.cc/bbs/Bunco/M.1779497459.A.542.html,"AI讓商業電郵詐騙難辨識 企業如何應對
https://www.epochtimes.com/b5/26/5/22/n14772628.htm
【大紀元2026年05月23日訊】

作者：Adam H. Douglas／張純之編譯

聯邦調查局（FBI）的報告指出，2025年網絡犯罪造成的損失超過200億美元，而商業電子
郵件詐騙（Business Email Compromise，BEC）是第二大攻擊方式，小型企業是其主要詐
騙目標。

BEC是一種定向詐騙手法，犯罪分子會冒充可信聯絡人，例如供應商、會計師，甚至公司
CEO，要求企業進行電匯、支付發票或更改銀行帳戶資訊，以此來竊取企業的資金。

而AI使這類攻擊更難被識破，因為它能生成高度個人化的郵件，模仿真實寫作風格與既有
商業關係，使企業難以辨識欺詐。

等到您意識到出問題時，匯出的錢通常已經消失。電匯資金一旦離開美國國內銀行系統，
幾乎無法追回。不過，有5項零成本的驗證步驟，可以幫助企業大幅降低風險。

與通常的釣魚詐騙有何不同
BEC並不是典型的釣魚郵件。通常不會出現可疑鏈接、不會拼錯銀行名稱，也不會有「中
了樂透」之類內容。

一般釣魚郵件會向數千人發送相同內容，希望有人點擊。BEC則完全相反：它是針對您的
企業的客製化詐騙手段。

為何AI讓情況嚴重惡化
多年來，人們辨識電郵詐騙的方法，通常是檢查文法錯誤、不自然措辭，或寄件者名稱與
網域不符。但這種方式如今已經失效。

而AI工具現在可以做到：1. 抓取LinkedIn個人檔案、網站與公開的商業文件，以分析您
的供應商關係與公司架構；2. 分析寫作樣本，複製特定人物的語氣與風格；3. 生成包含
真實項目、真實發票號碼與真實業務歷史的電子郵件；4. 寫出毫無破綻的英文，不再出
現過去常見的錯字與語病。

結果就是，這些郵件讀起來完全像是財務長或合作多年的供應商所寫。過去識別詐騙的常
用做法，面對能大規模生成欺騙內容的AI工具，已經被徹底削弱。

典型攻擊方式
以下兩種情境，經常發生在小企業與自由工作者身上。

情境一：假供應商發票

您收到一封看似來自合作兩年的供應商的郵件，地址乍看正確，郵件提到最近合作的項目
，並附上一張更新後的發票，其中包含新的銀行帳戶資訊，語氣也與該供應商平時的溝通
方式一致。

您完成付款後，才發現真正供應商的帳戶根本沒有收到錢。

情境二：高管要求電匯

您收到一封來自公司老闆或高級合夥人的郵件，郵件稱某筆交易今天必須完成，需要立刻
匯款，內容強調急迫性與保密性。寫作風格吻合，金額也在公司平常交易範圍內。於是您
就匯款了。

遭遇上述兩種詐騙手段，小企業可能一筆轉帳就損失數十萬美元。

為何小企業更容易成為目標
大型企業通常擁有多層付款審批制度、專門的詐騙偵測軟件，以及內部的網絡安全團隊，
但中小企業通常沒有。

在許多小企業中，單一員工可能就擁有完整的電匯權限，無需二次審批。犯罪分子了解這
點，並系統性地加以利用。

五項零成本驗證步驟
實際上，企業無需專業軟件或網絡安全團隊，也能降低BEC風險。您需要做的是養成一些
習慣。

1. 建立「打電話確認」制度。凡涉及付款、電匯或更改銀行帳戶資訊的要求，都應透過
電話確認，而且必須使用公司原本記錄中的電話號碼，而非郵件內提供的號碼。

2. 制定付款變更政策。明確規定，不得僅依電子郵件更新供應商或員工的銀行信息；必
須要求書面申請，並進行即時電話確認。

3. 把「急迫性」視為警訊。急迫感是BEC攻擊常見的操控手法。如果郵件要求您跳過正常
審批流程，即使郵件看起來再真實，也應放慢腳步。

4.檢查真正的寄件網域。顯示名稱可能是「Sarah at Metro Supplies」，但實際地址可
能是
[email protected]
，而非
[email protected]
。相似網域是BEC常
見的工具。

5. 要求雙重授權。即使只有兩人營運的公司，也應規定：超過一定金額的電匯，必須有
第二人批准。

企業能追回BEC詐騙損失嗎？
有可能，但無法保證。因為電匯速度極快，資金通常在數小時內就會流向海外帳戶。

企業一旦懷疑遭到詐騙，應立即聯絡銀行要求撤回電匯，並向聯邦調查局（FBI）網絡犯
罪投訴中心（IC3）提交報案，網址為ic3.gov。如果損失重大，應直接聯絡當地FBI辦公
室。

若能在24至48小時內採取行動，最有機會追回部分或全部資金；一旦資金離開美國國內銀
行系統，追回難度將大幅提高，很多情況下甚至無法追回。

是否需網絡責任險來防範BEC？
此外，也應檢查保險保障範圍。一般商業責任保險通常不涵蓋資金轉帳詐騙；網絡責任保
險或犯罪保險附加條款，可能提供保障。

如果企業經常處理電匯、供應商發票或客戶財務資料，那麼建議您與商業保險經紀人討論
增加網絡責任保險或犯罪保險附加條款。對小企業而言，相比潛在的損失，保費可能並不
算高。◇

本文代表作者本人觀點，僅供參考。

--
Mr.
Raindrop, falling away from
me now.
/
/
∕︵︵︵︵︵︵︵﹨
Mr. Raindrop, falling away form me now.
/
/
◢██◣
∥
/     /
Do you know how much you mean to me, why must you leave?
⊙
⊙
∥
I'm just a flower on a tree, why must you leave?
◢
▆
/
/
Mr.
Raindrop, falling away from
me now.
--
※ 發信站: 批踢踢實業坊(ptt.cc), 來自: 111.243.7.236 (臺灣)
※ 文章網址:
https://www.ptt.cc/bbs/Bunco/M.1779497459.A.542.html",ptt,Sat May 23 08:50:56 2026
[新聞] 今年84％詐騙案都Meta平台！打詐中心4方,https://www.ptt.cc/bbs/Bunco/M.1779496262.A.FBC.html,"今年84％詐騙案都Meta平台！打詐中心4方向防堵

Facebook、Threads不改演算法就「按人頭」重罰
https://reurl.cc/epoVnM
詐騙案件層出不窮，政府加強打詐，需要社群平台業者配合，行政院打擊詐欺指揮中心5
月20日點名Meta所屬社群平台詐騙內容氾濫，占從今年開始至4月底的詐騙案件數8成4。

打詐中心要求Meta立即主動修改演算法與偵測系統，若持續消極以對，將進行《詐欺犯罪
危害防制條例》再修正，提出相對應管制措施及罰則。



打詐中心指出，據刑事局統計，從今年1月1日至4月30日止，Meta所屬社群平台涉及詐騙
案件數為1萬4073件，案件占比為84.31％，總財損金額為13億6178萬1574元，財損占比為
86.2％。



此外，根據數發部「網路詐騙通報查詢網」最新資料顯示，過去7日的通報疑似詐騙訊息
數，有高達44827則的媒介是Facebook、6556則是Threads，皆為Meta平台所屬，合計占總
數約94.9%；再再顯示，Meta所屬社群平台仍是詐騙集團主要詐騙渠道。





▲數位發展部「網路詐騙通報查詢網」統計，近7日來，Meta所屬社群平台的通報數暴增
。取自「網路詐騙通報查詢網」網站。

蒜頭、山竹也在騙？Threads 爆發「季節農產品」偽冒潮，倒店出清全是假的


其中Threads平台於網路購物詐騙貼文中，以季節性及時事性商品為內容的詐騙持續高發
，尤以偽冒政府機關的農產品為大宗 （如：蒜頭、山竹、荔枝、桃子、酪梨、芒果等）
。



另網路購物詐騙中iPhone、Switch 2、PS5等詐騙具相同特徵，均為利用倒店為由低價出
清，或以新開幕為由免費贈送進行詐騙，並盜用實體商店街景照片，取信被害人。



打詐中心表示，社群平台已成為國人生活重心，目前民眾於社群平台購物頻傳受騙，Meta
對於原生用戶內容（貼文）未能有效落實防詐自我管理，導致詐騙貼文內容重複出現，不
僅損害消費者權益，更讓無數仰賴社群創業的商家與個體工作者信譽受損。



「打擊詐騙沒有模糊空間！」打詐中心強調，Meta必須負起應有的社會責任；而政府抑制
平台詐騙貼文的關鍵不在「刪文」，而是在「提前預警、快速降溫、提高詐騙成本」。





▲打詐中心點出社群平台貼文詐騙的6大主要類型，提醒民眾勿受騙。打詐中心提供。


打詐中心祭出「防堵四大方向」逼Meta補技術漏洞

對於如何提前預警提高詐騙成本，打詐中心也提出四大未來方向，全力防堵今年以來社群
平台的詐騙管道。



首先，Meta應修正技術漏洞，從源頭阻斷詐騙。



打詐中心點名Meta的「偵測系統存在嚴重技術缺口」，許多詐騙貼文在被檢舉移除後，短
時間內又以相同圖文重複上架。



政府嚴正要求，Meta應主動修改演算法與建立「重複詐騙內容識別機制」，對於已被列為
詐騙的資訊應即時攔截，而非事後補救。



第二，打詐中心指出，社群平台是許多台灣商家與手創工作者的命脈，卻常遭詐騙集團冒
名開設假粉專。



Meta應針對在地小型商業經營者提供更便捷、可信的「身分驗證服務」（藍勾標誌或其他
明確識別），幫助消費者區分合法業者與詐騙帳號，保障合法業者的生存空間。



第三，要是Meta持續不作為，政府也不排除修法加嚴平台業者責任，拒絕自願改善則改採
「強制重罰」，研議修改《詐欺犯罪危害防制條例》，將評估以「受害者人數」或「詐騙
貼文篇數」作為裁罰基準課以重罰，要求平台業者在台灣經營必須尊重台灣法治與民眾財
產安全。



第四，打詐中心表示，支持受害者向平台提出損害賠償的法律救濟。



現行法律規範下，消費者具有向平台主張權利的空間。目前消費者保護協會已針對特定案
例進行法律行動，政府將密切關注並提供法律協助。受害者可向平台求償，讓企業明瞭「
忽視使用者安全是須付出代價的」。





▲打詐中心拆解詐騙集團利用AI與時事進行詐騙的流程。打詐中心提供


搶不到熱門演唱會門票？打詐中心示警：社群「求票換票」遭詐風險最高


打詐中心強調，打擊詐騙是政府施政重中之重。未來持續整合內政部、數位發展部、通傳
會（NCC）、金管會及法務部等跨部會資源，除強化對平台的監督外，也將持續提升民眾
反詐意識。政府絕對有決心、有行動，與國人站在一起，建構安全的網路環境。



對於近期出現的相關演唱會、運動賽事票券的詐騙案，打詐中心提醒，社群平台有許多利
用民眾急需購買熱門演唱會、運動賽事門票的求票、讓票、換票、代購社團，其遭詐騙的
風險性相當高，建議選擇具有審核機制的官方網站購買，匯款前並仔細確認交易對象及商
品，以免受詐。



打詐中心呼籲，民眾除自己切勿貪圖暴利，以身觸法外，應共同抵制，拒絕購買黃牛票，
杜絕歪風、保障民眾購票權益。

--
Mr.
Raindrop, falling away from
me now.
/
/
∕︵︵︵︵︵︵︵﹨
Mr. Raindrop, falling away form me now.
/
/
◢██◣
∥
/     /
Do you know how much you mean to me, why must you leave?
⊙
⊙
∥
I'm just a flower on a tree, why must you leave?
◢
▆
/
/
Mr.
Raindrop, falling away from
me now.
--
※ 發信站: 批踢踢實業坊(ptt.cc), 來自: 111.243.7.236 (臺灣)
※ 文章網址:
https://www.ptt.cc/bbs/Bunco/M.1779496262.A.FBC.html
※ 編輯: petestar (36.227.153.235 臺灣), 06/29/2026 19:21:16",ptt,Sat May 23 08:30:58 2026
[新聞] 「假退稅通知」要填信用卡即是詐騙,https://www.ptt.cc/bbs/Bunco/M.1779429072.A.72A.html,"「假退稅通知」竟可退3萬　要填寫信用卡資料是詐騙
https://news.cts.com.tw/cts/life/202605/202605223034537.html
報稅退稅，千萬不要被騙！有民眾最近收到假冒財政部的退稅郵件，說民眾可領取3萬元
退稅，要求他填寫信用卡號等個資。

台灣事實查核中心提醒，這是典型的詐騙手法，強調國稅局不會透過簡訊或電子郵件主動
聯繫退稅，更不會要求民眾點擊連結或提供信用卡資料。真正的退稅，會在7月份,直接匯
入你的帳戶，你只會收到完成退稅的簡訊，不會要你填任何資料喔。

--
Mr.
Raindrop, falling away from
me now.
/
/
∕︵︵︵︵︵︵︵﹨
Mr. Raindrop, falling away form me now.
/
/
◢██◣
∥
/     /
Do you know how much you mean to me, why must you leave?
⊙
⊙
∥
I'm just a flower on a tree, why must you leave?
◢
▆
/
/
Mr.
Raindrop, falling away from
me now.
--
※ 發信站: 批踢踢實業坊(ptt.cc), 來自: 111.243.7.236 (臺灣)
※ 文章網址:
https://www.ptt.cc/bbs/Bunco/M.1779429072.A.72A.html",ptt,Fri May 22 13:51:09 2026
[資訊] 發票中獎詐騙郵件頻傳，別點擊信中假連結,https://www.ptt.cc/bbs/Bunco/M.1779427842.A.E21.html,"剛剛同事收到了，還笑問我「這麼早就開始對發票了嗎？」

建議大家先看它寄件人，通常寄件人就很好分辨了。
--

發票中獎詐騙郵件頻傳，民眾千萬別點擊假連結！
財政部臺北國稅局表示，近日常有不法人士以財政部電子發票整合服務平台或知名購物平
台業者等名義，寄送電子郵件通知民眾雲端發票中獎，並偽造官方網站連結，誘騙民眾點
擊、輸入信用卡卡號等個人敏感資料，致民眾信用卡遭盜刷。

該局說明，中獎發票領獎無須提供信用卡資料，民眾收到類此電子郵件時，請務必確認寄
件者是否為財政部電子發票整合服務平台電子信箱（
[email protected]
）或
購物平台業者之官方信箱，未確認正確官方網站前，請勿點擊信件中網址連結，也不要隨
意輸入信用卡卡號等金融資訊，避免遭詐。

該局舉例說明，民眾甲君收到1封主旨為「【○○購物網】雲端發票中獎通知」的電子郵
件，信件內附有網址連結，甲君不疑有他便點擊連結後進入網站，依網站指示輸入身分證
字號、信用卡卡號及有效日期等金融資訊進行身分核對，隨後網頁跳出「發送驗證碼以確
認帳戶」提示，並收到驗證碼簡訊，於網頁輸入驗證碼完成後，收到銀行通知刷卡交易的
訊息，甲君不僅沒有拿到獎金，反而自己的信用卡遭盜刷。

該局提醒，民眾如接獲可疑之電子郵件通知時，應提高警覺，務必先確認電子郵件來源，
切勿點開郵件所附之網址，以免掉入詐騙集團的陷阱，如有任何疑義，可撥打165反詐騙
專線或財政部電子發票整合服務平台客服專線0800-521988查證，以免遭詐騙。

（聯絡人：銷售稅組；電話02-23113711分機1704）

原文網址
https://reurl.cc/bdoEj6
--
Mr.
Raindrop, falling away from
me now.
/
/
∕︵︵︵︵︵︵︵﹨
Mr. Raindrop, falling away form me now.
/
/
◢██◣
∥
/     /
Do you know how much you mean to me, why must you leave?
⊙
⊙
∥
I'm just a flower on a tree, why must you leave?
◢
▆
/
/
Mr.
Raindrop, falling away from
me now.
--
※ 發信站: 批踢踢實業坊(ptt.cc), 來自: 111.243.7.236 (臺灣)
※ 文章網址:
https://www.ptt.cc/bbs/Bunco/M.1779427842.A.E21.html
※ 編輯: petestar (111.243.7.236 臺灣), 05/22/2026 13:31:00
※ 編輯: petestar (111.243.7.236 臺灣), 05/22/2026 13:49:04",ptt,Fri May 22 13:30:37 2026
[新聞] 又有詐騙！3C達人差點中招　非本人登入,https://www.ptt.cc/bbs/Bunco/M.1778813384.A.EC0.html,"又有最近詐騙！3C達人差點中招　「不是我本人登入」超逼真
https://www.ettoday.net/news/20260515/3166263.htm
記者劉維榛／綜合報導

又有最新詐騙！3C科技YouTuber Tim哥透露，收到一封假冒Facebook官方的通知信，內容
聲稱帳號出現異常登入，讓他差點點進去。對此，Tim哥提醒，收到這類信件千萬別急著
點按鈕，務必確認寄件網址，並直接登入自己的Facebook檢查帳號狀態，同時開啟雙重認
證保護帳號安全。

Tim哥在臉書粉專指出，他收到一封看似Facebook官方寄來的通知信，內容提到帳號疑似
有異常登入紀錄，還出現「不是我本人」等警告字眼，讓他當場超緊張，差點直接按下信
中的按鈕處理。

不過Tim哥冷靜後，決定先自行打開Facebook檢查登入紀錄，結果發現帳號根本沒有異常
。他隨後仔細查看信件寄件者，才發現寄件網址根本不是Facebook或Meta官方網域，這才
驚覺是一封釣魚詐騙信件。

Tim哥指出，這類詐騙最可怕的地方，就是故意利用使用者看到警告後的慌張心理，誘導
大家立刻點擊按鈕。一旦真的點進去，頁面就會要求輸入Facebook帳號密碼，而當輸入完
成後，帳號恐怕就會直接被盜走。

對此，Tim哥也分享3大自保重點，第一，不要隨便點擊信件內的按鈕；第二，務必要確認
寄件者是否為官方網域；第三，可以直接打開自己的Facebook帳號，查看登入裝置與位置
紀錄。此外，他也強調一定要開啟雙重認證功能，才能大幅提升帳號安全性，最後喊話「
現在詐騙真的很多，大家一定要小心！」


--
Mr.
Raindrop, falling away from
me now.
/
/
∕︵︵︵︵︵︵︵﹨
Mr. Raindrop, falling away form me now.
/
/
◢██◣
∥
/     /
Do you know how much you mean to me, why must you leave?
⊙
⊙
∥
I'm just a flower on a tree, why must you leave?
◢
▆
/
/
Mr.
Raindrop, falling away from
me now.
--
※ 發信站: 批踢踢實業坊(ptt.cc), 來自: 111.243.9.79 (臺灣)
※ 文章網址:
https://www.ptt.cc/bbs/Bunco/M.1778813384.A.EC0.html",ptt,Fri May 15 10:49:41 2026
[新聞] 假寄鞋真寄卡 男子險淪詐騙人頭戶,https://www.ptt.cc/bbs/Bunco/M.1778568846.A.071.html,"假寄鞋真寄卡 男子險淪詐騙人頭戶
https://reurl.cc/2avldm
[NOWNEWS今日新聞] 臺中市一名男子深夜準備寄送包裹，聲稱寄的是「鞋子」，卻被巡邏
員警一句話當場拆穿。原來鞋子只是掩護，裡面竟藏有提款卡與密碼，幸好遇到雞婆員警
主動提醒查問，才成功阻止男子成為詐騙集團的人頭帳戶。

臺中市政府警察局第六分局西屯派出所警員陳鐸元、劉宥佐，於日前執行巡邏勤務，行經
轄內一處寄貨站時，發現一名男子正在店內準備寄送包裹便主動上前關心。員警起先詢問
寄送物品內容，男子一開始表示只是寄送「鞋子」，但員警憑藉過去處理詐騙案件的經驗
，隨口提醒：「確定是鞋子嗎？不是寄提款卡吧？很多詐騙都叫人把卡藏在包裹裡寄出去
。」沒想到這句話竟讓男子當場愣住，神情明顯慌亂，才坦承自己其實就是要寄送提款卡
。

員警隨即查看包裹內容，發現包裹內確實放有一雙鞋子，但鞋內藏有一張提款卡，且以紅
包袋包裝，紅包袋上更是寫有銀行帳號及密碼，經了解，該名梁姓男子（20歲）表示，因
想申請貸款，才會遭不明人士以話術誆稱需先寄送提款卡提供「審核」，待審核通過後，
貸款金額才會撥入指定帳戶，而梁男信以為真，才依對方指示將提款卡藏入鞋內準備寄出
。

警方當場向男子說明詐騙集團慣用手法，並提醒若將提款卡與密碼交付他人使用，極可能
淪為人頭帳戶，不僅會被詐騙集團利用進行詐騙或洗錢，還可能涉及違反洗錢防制相關法
令，後果嚴重。經警方耐心解說後，男子才恍然大悟，當場打消寄送念頭，並對警方及時
提醒表達感謝。

警方呼籲，詐騙集團常以「辦理貸款」、「快速放款」等理由，要求民眾提供或寄送提款
卡、存摺或金融帳戶資料，民眾務必提高警覺，切勿將金融帳戶資料交付他人，以免在不
知情的情況下淪為詐騙集團幫兇，甚至觸法受罰。

--
Mr.
Raindrop, falling away from
me now.
/
/
∕︵︵︵︵︵︵︵﹨
Mr. Raindrop, falling away form me now.
/
/
◢██◣
∥
/     /
Do you know how much you mean to me, why must you leave?
⊙
⊙
∥
I'm just a flower on a tree, why must you leave?
◢
▆
/
/
Mr.
Raindrop, falling away from
me now.
--
※ 發信站: 批踢踢實業坊(ptt.cc), 來自: 36.227.149.48 (臺灣)
※ 文章網址:
https://www.ptt.cc/bbs/Bunco/M.1778568846.A.071.html",ptt,Tue May 12 14:54:03 2026
[新聞] 網傳「漢坦病毒防疫國家隊」？疾署斥詐騙,https://www.ptt.cc/bbs/Bunco/M.1778568700.A.D82.html,"網傳「成立漢坦病毒防疫國家隊」？疾管署急闢謠：典型詐騙
https://newtalk.tw/news/view/2026-05-12/1034675
近期網路流傳政府成立「漢坦病毒防疫國家隊」並研發疫苗快篩，藉此炒作概念股的訊息
。疾病管制署今(12)日表示，此為冒用政府機關名義的典型投資詐騙，已通報相關單位迅
速下架貼文。疾管署強調，政府並無相關計畫，籲請民眾切勿輕信「內線消息」以免受騙
。

疾管署說明，近日在各大網路平台上，頻繁流傳所謂「漢坦病毒防疫國家隊」的不實訊息
與圖卡。這些內容妄稱政府即將啟動疫苗與快篩試劑的研發計畫，並藉機影射特定的相關
概念股將會受惠上漲。不僅如此，詐騙集團更惡意冒用衛生福利部以及國家衛生研究院的
名稱與Logo，企圖以假亂真，這些全部都是未經授權的不實資訊。

現正最夯：台中三級古蹟萬和宮遭蓄意 男子控推倒供桌、神尊落地被逮

疾管署指出，針對這類詐騙手法，相關貼文刻意使用「內線消息」、「概念股」等金融市
場常見的誘惑性話術，藉此誘導不知情的民眾透過私訊詢問投資標的，或是加入不明的投
資群組，這是一套非常典型的投資詐騙模式。疾管署在5月10日到5月11日期間，監測到這
些異常資訊後，便立刻採取防範行動，及時通報數位發展部的《網路詐騙通報查詢網》。

隨後，金融監督管理委員會迅速認定這確實是詐騙訊息，並在第一時間通知各大社群平台
將這些違規貼文全數下架。另外，網路媒體台灣事實查核中心也已經分別向疾管署及國家
衛生研究院進行查證，確認政府並沒有成立相關的防疫國家隊，也完全沒有研發或生產相
關疫苗與試劑的計畫。

疾管署表示，「漢坦病毒」其實是中港澳地區的疾病用語。經過進一步調查發現，散佈這
類詐騙訊息的相關社群帳號，大多數都是設立在境外地區，而且發文的模式具有高度的一
致性，展現出非常明顯的異常操作特徵。因此，疾管署強調，請民眾務必提高警覺，切勿
輕信網路上宣稱擁有「內線消息」，並且表示可以私訊加入投資群組的任何言論。為了保
護自身的資訊與財產安全，請切勿點擊不明連結，也不要提供任何個人資料，以免落入詐
騙集團的陷阱。

現正最夯：澳學者：中國併吞後台灣數萬人將遭監禁　數百萬人遭整肅

最後，疾管署提醒，如果民眾在網路上看到任何疑似詐騙的訊息，都可以透過數位發展部
的《網路詐騙通報查詢網》來進行即時查詢，並主動通報可疑資訊，大家一起共同防堵網
路詐騙的擴散。同時，疾管署也特別感謝金管會、數位發展部以及台灣事實查核中心的積
極主動協助，透過跨部會與民間機構的攜手合作，共同維護民眾的防疫認知與財產安全。

--
Mr.
Raindrop, falling away from
me now.
/
/
∕︵︵︵︵︵︵︵﹨
Mr. Raindrop, falling away form me now.
/
/
◢██◣
∥
/     /
Do you know how much you mean to me, why must you leave?
⊙
⊙
∥
I'm just a flower on a tree, why must you leave?
◢
▆
/
/
Mr.
Raindrop, falling away from
me now.
--
※ 發信站: 批踢踢實業坊(ptt.cc), 來自: 36.227.149.48 (臺灣)
※ 文章網址:
https://www.ptt.cc/bbs/Bunco/M.1778568700.A.D82.html",ptt,Tue May 12 14:51:37 2026
Re: [新聞] 銀行員神救援！替民眾擋下1694萬詐騙,https://www.ptt.cc/bbs/Bunco/M.1777354796.A.642.html,"※ 引述《petestar》之銘言
: 銀行員神救援！替民眾擋下1694萬詐騙款
:
https://today.line.me/tw/v3/article/MLj1e5Q
: 宜蘭縣今年7-8月，就有 49件詐騙案被銀行員神救援擋下，總金額高達 1694萬4674元！
: 詐騙手法排行榜：1 假投資 20件2 假交友 10件3 猜猜我是誰 9件4 假
: 網路購物 9件5 假冒公務機關 1件 其中一個案例是：詐騙集團假裝在網路賣東西，
: 要求買家去銀行設定轉帳。
: 遇到可疑狀況，馬上撥打 165反詐騙專線 或 110報案！保護荷包，記得冷靜查證再匯款
: ！
: ★立即關注《宜蘭新聞網》Line官網！宜蘭在地新聞訊息不漏接！★
: 銀行員神救援！替民眾擋下1694萬詐騙款
: 銀行員神救援！替民眾擋下1694萬詐騙款
: 銀行員神救援！替民眾擋下1694萬詐騙款
: 銀行員神救援！替民眾擋下1694萬詐騙款
: --
: Mr. Raindrop, falling away from me now.     /       /      ∕︵︵︵︵︵︵︵﹨
: Mr. Raindrop, falling away form me now.   /       /   ◢██◣ ∥ /     /
: Do you know how much you mean to me, why must you leave?   ⊙  ⊙  ∥
: I'm just a flower on a tree, why must you leave?      ◢   ▆         /  /
: Mr. Raindrop, falling away from me now.
今天去匯款的時候
直接目睹了一場擋詐現場
隔壁櫃臺的阿伯說要匯款買什麼幣
一聽就超怪

行員是一個感覺蠻年輕的女生
很仔細的詢問對方是誰、買什麼幣、怎麼買
就過阿伯一個爆氣在櫃檯嗆說要找主管出來
但說實在金額也沒很大...

我覺得現場大家都覺得是詐騙 但沒人敢勸
只有行員還是很冷靜跟阿伯溝通 然後不給匯款
後來好像搞到差點要叫警察
總之阿伯可能有發現真的怪怪的但不敢承認
所以就自己走了

搭配這則新聞來看
只能說行員會這麼謹慎
絕對是因為太多人被騙了
覺得行員蠻辛苦 做善事還會被不明理的人嫌棄…
奉勸大家轉帳匯款之類的能自己手機或是ATM解決的事
盡量就自己解決吧 讓行員把時間留給處理真正有意義的事情


--
※ 發信站: 批踢踢實業坊(ptt.cc), 來自: 27.52.4.26 (臺灣)
※ 文章網址:
https://www.ptt.cc/bbs/Bunco/M.1777354796.A.642.html",ptt,Tue Apr 28 13:39:54 2026
[新聞] 從「話術」到「技術」！詐騙園區升級技術偷錢MaaS工具恐攻21,https://www.ptt.cc/bbs/Bunco/M.1777223060.A.4DC.html,"從「話術」到「技術」！詐騙園區升級技術偷錢MaaS工具恐攻21國

國際中心陳貞妤／綜合報導
2026-04-25 10:55:56

柬埔寨詐騙園區再被點名，這次已從「話術騙錢」升級成「技術偷錢」。網路安全研究指
出，西哈努克市K99凱旋城疑成「惡意軟體即服務」（MaaS）操作據點，詐騙分子即使不
懂高階駭客技術，也能靠外包式工具散布假網站、植入木馬，進一步竊取銀行帳戶、個資
，甚至生物辨識資料，讓東南亞詐騙產業鏈更加自動化、全球化。

美國網路安全公司Infoblox與越南非營利反詐組織Chong Lua Dao日前發布調查，追查到
一款Android銀行木馬，可能由多個詐騙據點操作，其中包括柬埔寨西哈努克市K99
Triumph City園區。研究團隊指出，這套平台會大量註冊仿冒網域，偽裝成銀行、政府機
關、稅務、社福或投資服務網站，誘使受害者下載惡意App。

傳統詐騙集團過去若要發動木馬攻擊，通常得依賴專業駭客協助；MaaS模式出現後，技術
門檻被大幅壓低。開發者負責寫程式、更新系統與維護後台，第一線詐騙人員只要購買網
域、發送連結，再引導受害者點入假網站，就能取得遠端控制手機、攔截簡訊驗證碼、竊
取金融帳密等能力。

Infoblox說，這套平台已在至少21個國家活動，每月約新增35個惡意網域，鎖定對象包含
印尼、泰國、西班牙、土耳其等地用戶。部分假網站還會設計成「身分驗證」流程，要求
受害者上傳個資、臉部或指紋等資料，讓犯罪者可進一步突破金融App安全機制。

Chong Lua Dao創辦人吳明孝表示，團隊多年來持續追蹤大型惡意軟體活動，後來因一名
K99凱旋城內部人員傳出大量隱藏訊息，才取得進一步線索。研究人員分析代碼後研判，
MaaS背後開發者具高度技術能力，且母語可能為中文，但真實身分仍未明。

這波變化也反映東南亞詐騙園區正加速轉型。除了傳統「殺豬盤」話術，詐團已把惡意軟
體、AI翻譯、深偽影像與自動化流程結合，用來擴大鎖定全球受害者。南華早報報導，工
業化惡意軟體正在取代部分人工作業，使柬埔寨詐騙中心能以更快速度發動數位竊盜。

網安專家警告，這類犯罪與人口販運、強迫勞動及跨國洗錢糾纏在一起，即使研究人員能
鎖定具體園區，執法仍面臨司法管轄權、地方保護傘與跨境協作不足等難題。若相關技術
持續擴散，受害範圍將不再限於個人財損，也會削弱民眾對數位金融、線上身分驗證與政
府數位服務的信任。

東南亞詐騙園區已不只是靠話術行騙，而是逐步發展成結合惡意軟體、AI工具與跨國金流
的犯罪產業鏈。當駭客技術被包裝成可租用服務，詐騙門檻降低，受害者風險卻急速升高
。各國若無法加快跨境執法、追查開發者與資金流向，類似工具恐怕還會被更多詐團複製
使用，讓一般民眾在日常上網、投資或使用金融服務時，暴露在更難察覺的威脅之中。


新聞出處:NOWnews今日新聞
https://www.nownews.com/news/6811027
--
※ 發信站: 批踢踢實業坊(ptt.cc), 來自: 118.166.31.19 (臺灣)
※ 文章網址:
https://www.ptt.cc/bbs/Bunco/M.1777223060.A.4DC.html",ptt,Mon Apr 27 01:04:17 2026
[新聞] 啦啦隊女孩淪詐騙車手被逮　認罪和解,https://www.ptt.cc/bbs/Bunco/M.1775689492.A.24E.html,"啦啦隊女孩淪詐騙車手被逮　認罪和解分期償款求緩刑
https://www.mirrormedia.mg/story/20260408edi023
台北市一名21歲游姓女子，因涉嫌擔任詐騙集團面交車手，遭檢方依違反《組織犯罪條例
》、洗錢等罪嫌起訴。法院開庭審理時，游女當庭認罪並與被害人達成和解，將分期償還
款項換取緩刑。

根據《ETtoday新聞雲》《公視新聞網》報導，游女曾是運彩啦啦隊「紅運少女」成員，
網路上小有名氣，2024年曾12強棒球賽替台灣應援，不料她去年10月加入詐團擔任面交車
手。

游女去年10月間加入暱稱「Abby醫美諮詢」「景澤」「李凱族」等人組成的詐團，以每日
報酬1,500元擔任面交車手。該集團營造虛擬貨幣獲利假象，誘騙被害人至網站投資。幾
天後就按指示到北市內湖，向被害人收取約20萬元現金後，再轉手交給其他詐團成員。除
了每日固定酬勞，游女還能從中抽成，不法獲利超過3萬元。

由於游女涉案事證明確，檢方偵結後依違反《組織犯罪條例》、洗錢等罪嫌提起公訴。法
院日前傳喚游女出庭，她當庭坦承犯行，與被害人達成和解，將分期償還約20萬元的款項
，全數清償被害人才同意請求法院給予緩刑。

更新時間｜2026.04.08 22:04 臺北時間

--
Mr.
Raindrop, falling away from
me now.
/
/
∕︵︵︵︵︵︵︵﹨
Mr. Raindrop, falling away form me now.
/
/
◢██◣
∥
/     /
Do you know how much you mean to me, why must you leave?
⊙
⊙
∥
I'm just a flower on a tree, why must you leave?
◢
▆
/
/
Mr.
Raindrop, falling away from
me now.
--
※ 發信站: 批踢踢實業坊(ptt.cc), 來自: 111.243.19.176 (臺灣)
※ 文章網址:
https://www.ptt.cc/bbs/Bunco/M.1775689492.A.24E.html",ptt,Thu Apr  9 07:04:47 2026
[新聞] 經濟部攜手4大超商 詐騙包裹退貨率逾6成,https://www.ptt.cc/bbs/Bunco/M.1774923118.A.A23.html,"經濟部攜手4大超商 詐騙包裹退貨成功率逾6成
https://reurl.cc/DxXDj6
記者郭曉蓓／臺北報導

超商據點密集，已成為政府識詐及阻詐的好夥伴。經濟部商業發展署今（30）日邀集四大
超商說明打詐成果，超商已全面建置「線上申訴平台」與「防詐騙服務專線」，協助民眾
在誤收詐騙包裹時能快速退貨退款；114年4大超商爭議包裹受理件數逾18.2萬件，退貨退
款比率已成長至64.62%，今年力拚目標為68%。

經濟部商業署長蘇文玲今日主持「經濟部攜手超商．打造阻詐最前線」記者會，說明落實
行政院「新世代打擊詐欺策略行動綱領2.0版」相關防詐機制與執行成果。蘇文玲指出，
統計114年爭議包裹退貨退款的受理案件超過18萬2245件，成功退貨退款件數11萬7770件
，成功率為64.62%，較上一年度增加6.45%，以達打詐綱領2.0提高處理比率4%政策目標值
，今年希望再成長至68%。

統一超商說明，7-11推動「安心取」退貨平台，會落實賣家端多元防詐措施與身份驗證，
民眾若收到可疑包裹，在退貨平台申訴審核退款流程，也已經從7個工作天縮短至在3個工
作天內完成。


全家便利商店表示，全家提供「FUN心取」退貨平台，若收到可疑包裹，取貨7天內線上申
請，審核10天內完成退款。近期發現幽靈包裹有增加的跡象，詐騙手法包括購買1件卻變3
件，甚至消費者根本沒有下單，過去1年退貨退款平台受理約5萬件退貨，退貨金額超過新
臺幣6,500萬元。

萊爾富表示，已設置申訴平台，要求廠商7天內結案，只要逾期未結案，就會由超商客服
自第8天起主動追蹤協助結案。OK便利商店表示，常見的詐騙樣態包括來自境外的爭議包
裹、遊戲點數、交友詐騙，超商每週甚至每日會在教育訓練中分享詐騙案件，當熟客消費
金額異常改變，也會第一時間提供協助，若消費者不聽勸時，會主動聯繫警局前來協助處
理。

經濟部商發署已攜手4大超商，全面建置「線上申訴平台」與「防詐騙服務專線」，超商
內部教育訓練也會加強反詐騙宣導，要求門市人員協助並主動提醒民眾，領取包裹前務必
確認近期的購物紀錄，避免遭到幽靈包裹詐騙。政府也加強保護店員人身安全，會以門市
人員安全為優先考量，建立可行通報管道達成阻詐； 另請超商彙整「幽靈包裹」件數異
常偏多的集運商或物流商，建立高風險黑名單，提供行政院打詐指揮中心及警政單位參考
。
--
政府有努力打詐，給個讚。

--
Mr.
Raindrop, falling away from
me now.
/
/
∕︵︵︵︵︵︵︵﹨
Mr. Raindrop, falling away form me now.
/
/
◢██◣
∥
/     /
Do you know how much you mean to me, why must you leave?
⊙
⊙
∥
I'm just a flower on a tree, why must you leave?
◢
▆
/
/
Mr.
Raindrop, falling away from
me now.
--
※ 發信站: 批踢踢實業坊(ptt.cc), 來自: 111.243.0.58 (臺灣)
※ 文章網址:
https://www.ptt.cc/bbs/Bunco/M.1774923118.A.A23.html",ptt,Tue Mar 31 10:11:51 2026
[資訊] 歐告娃娃的一頁式詐騙廣告 請勿上當,https://www.ptt.cc/bbs/Bunco/M.1773639786.A.C63.html,"歐告娃娃的一頁式詐騙廣告，即使有客服也不代表是正版，請勿受騙。

無論是個資和加友都要小心。
https://reurl.cc/mpqaLl
蔡其昌 3 月 13 日在立法院黨團會議後受訪，話題竟也是圍繞著「歐告」。他隨即化身
「蔡總機」專業呼籲：針對網路上的歐告蟑螂，只有官方商城才是正版，呼籲民眾別受騙
。除此之外，更加碼透露，目前團隊正評估尋找固定廠商，未來「歐告」不只會持續生產
，體態、服裝還可能有新變化，讓球迷相當期待「歐告宇宙」的誕生。

轉貼自
https://reurl.cc/dpVRxM
--
Mr.
Raindrop, falling away from
me now.
/
/
∕︵︵︵︵︵︵︵﹨
Mr. Raindrop, falling away form me now.
/
/
◢██◣
∥
/     /
Do you know how much you mean to me, why must you leave?
⊙
⊙
∥
I'm just a flower on a tree, why must you leave?
◢
▆
/
/
Mr.
Raindrop, falling away from
me now.
--
※ 發信站: 批踢踢實業坊(ptt.cc), 來自: 36.227.157.43 (臺灣)
※ 文章網址:
https://www.ptt.cc/bbs/Bunco/M.1773639786.A.C63.html",ptt,Mon Mar 16 13:43:02 2026
[新聞] AI生成垃圾 詐騙集團詐騙個資收廣告費,https://www.ptt.cc/bbs/Bunco/M.1773109123.A.820.html,"用 AI 快速生成 200 多個垃圾內容網站，詐騙集團詐騙個資並收取廣告費
https://reurl.cc/dp0okM
釣魚詐騙網站早已存在，但生成式 AI 卻大幅降低了擴大這類行動規模所需的成本與時間
。數位媒體安全方案商 DoubleVerify 的研究人員日前發現了一個由 200 多個「為廣告
量身打造」之垃圾內容網站組成的協同網路，它是由單一詐騙團體營運，所有垃圾網站皆
透過大型語言模型中的範本提示快速生成。

在被 DoubleVerify 稱為「AutoBait」的詐騙行動中，詐騙團體建立了一系列架構簡單的
網站，內容多為帶有吸睛照片與標題的幻燈片頁面，其一方面誘騙毫無戒心的網路使用者
分享敏感資料；另一方則從被欺騙的廣告主身上收錢，讓他們誤以為在這些網站投放廣告
是有效的。

有別於過去的釣魚詐騙網站，這些垃圾內容網站的主要目的在於獲取數位廣告收入，換言
之，所有文章不是為了培養讀者忠誠度，而是快速增加廣告曝光數。

詐騙者向大型語言模型（LLM）下達了非常具體的指示，包括要求模型在前幾張幻燈片中
優先放入「最具煽動性或最令人震驚的內容」；標題必須「極度直白」，而正文則需要「
在每一段文章中注入恐懼、憤怒、震驚等真實情緒」；此外更要求模型生成「極度逼真」
的照片。

由於過去這些網域曾經承載過合法內容，這使得詐騙者能夠利用既有的網域歷史紀錄與流
量。其中一個網站甚至保留一名已過世的金融部落客文章。

DoubleVerify 發現，「AutoBait」背後的詐騙團體生成每一個文章頁面的成本不到
2.25 美元。而且每個網站都布滿多個廣告橫幅，為詐騙者提供了迅速回收成本的管道。
這意味著，合法品牌可能在毫不知情的情況下，資助了這樣的垃圾內容網站。

有趣的是，該團體將要求 AI 生成內容的提示，直接暴露在網站的 JavaScript 程式碼中
，這也讓外界罕見地窺見 AI 如何被用來強化詐騙。總之，面對垃圾內容網站或釣魚詐騙
網站，許多資安公司（包括 DoubleVerify）已推出針對AI垃圾內容/詐騙網站的偵測工具
，使用者或廣告商可以藉助它們做好時刻防範詐騙的準備。

--
Mr.
Raindrop, falling away from
me now.
/
/
∕︵︵︵︵︵︵︵﹨
Mr. Raindrop, falling away form me now.
/
/
◢██◣
∥
/     /
Do you know how much you mean to me, why must you leave?
⊙
⊙
∥
I'm just a flower on a tree, why must you leave?
◢
▆
/
/
Mr.
Raindrop, falling away from
me now.
--
※ 發信站: 批踢踢實業坊(ptt.cc), 來自: 111.243.28.51 (臺灣)
※ 文章網址:
https://www.ptt.cc/bbs/Bunco/M.1773109123.A.820.html",ptt,Tue Mar 10 10:18:40 2026
[新聞] 小紅書停止解析後 月平均詐騙件數減少73%,https://www.ptt.cc/bbs/Bunco/M.1773108792.A.08F.html,"小紅書停止解析後　月平均詐騙件數減少73%
https://www.cna.com.tw/news/aipl/202603080102.aspx
（中央社記者高華謙台北8日電）行政院打擊詐欺指揮中心統計，執行停止解析後，小紅
書月平均詐騙件數減少73%、財損減少51%，顯示有效預先部署降低民眾遭詐風險；若要解
除限制，小紅書仍需達成配合下架詐騙廣告等3項作為，但目前3度聯繫該公司都未於限期
內回應。

內政部去年12月宣布，中國社群平台小紅書資安檢測不合格，且近2年涉詐案1706件，經
發函已讀不回，因此依詐欺犯罪危害防制條例第42條「詐欺犯罪防制緊急事件」規定，發
布網際網路停止解析及限制接取的命令，暫定1年。

行政院打擊詐欺指揮中心向中央社記者表示，針對小紅書所衍生詐騙風險，經研判若不限
制，將成為未來急速升高詐騙案來源，且完全無法追訴。因此必須提前執行停止解析等相
關防制機制措施。實施後經持續追蹤分析，近期利用小紅書進行詐騙案件數明顯呈現下降
趨勢，顯示有效預先部署後，降低民眾遭詐風險。

打詐中心指出，民國114年1至11月小紅書詐騙件數756件，財損為新台幣1億1477萬8531元
，月平均件數為68.7件，月平均財損為1043萬4411元；經宣布停止解析及限制接取措施後
，114年12月至115年2月發生詐騙件數55件，財損1515萬9784元，月平均件數為18.3件，
月平均財損為505萬3261元。

打詐中心指出，相較於114年1至11月，114年12月至115年2月期間，小紅書詐騙案件的月
平均件數減少73%，財損金額減少51%。

至於針對解除限制接取是否會有判斷標準。打詐中心指出，首先，小紅書須向中華民國政
府正式提交完整技術及管理改善計畫，並確實執行相關風險控管措施；第二，小紅書應積
極改善詐騙廣告氾濫情形，並依法配合提供必要資料供執法機關調查，以保障民眾權益，
並避免衍生求償困難等問題。

第三，針對國安檢測15項資安指標皆未符合規範情形，小紅書須提出具體改善作為。

打詐中心指出，行政院於114年10月14日、114年12月30日、115年1月30日函請「小紅書」
的經營者「行吟信息科技（上海）有限公司（代表人：任爽）」研提具體改善作為，經囑
託財團法人海峽交流基金會代為送達，但該公司未於限期內回應。（編輯：林淑媛）
1150308

--
Mr.
Raindrop, falling away from
me now.
/
/
∕︵︵︵︵︵︵︵﹨
Mr. Raindrop, falling away form me now.
/
/
◢██◣
∥
/     /
Do you know how much you mean to me, why must you leave?
⊙
⊙
∥
I'm just a flower on a tree, why must you leave?
◢
▆
/
/
Mr.
Raindrop, falling away from
me now.
--
※ 發信站: 批踢踢實業坊(ptt.cc), 來自: 111.243.28.51 (臺灣)
※ 文章網址:
https://www.ptt.cc/bbs/Bunco/M.1773108792.A.08F.html
※ 編輯: petestar (36.227.145.250 臺灣), 03/29/2026 21:33:31",ptt,Tue Mar 10 10:13:08 2026
[新聞] 酸「詐騙王國開玩笑」　台南女仍成人頭戶,https://www.ptt.cc/bbs/Bunco/M.1772769781.A.9D3.html,"酸「詐騙王國開玩笑」　台南女仍成人頭戶！代價要關4個月
https://www.ettoday.net/news/20260306/3127687.htm
酸「詐騙王國開玩笑」　台南女仍成人頭戶！代價要關4個月
記者黃翊婷／綜合報導

女子小芸（化名）去年7月間將自己的銀行帳戶提款卡及密碼，交給詐騙集團成員使用，
導致4人被騙，共計損失9萬4164元。小芸雖然曾在通訊軟體訊息中質疑詐團，「詐騙王國
，開玩笑」，但台南地院法官日前審理之後，仍認定她觸法，並依幫助犯洗錢防制法第19
條第1項後段之洗錢罪，判處她有期徒刑4個月，併科罰金1萬元。


判決書中記載，小芸2025年7月間透過超商服務，將自己名下的銀行帳戶提款卡寄給詐團
，接著用LINE告知密碼；該詐團取得帳戶之後，隨即使用話術誘騙4名受害者，成功得手9
萬4164元贓款。

其中3名受害者發現異狀，決定報警提告。小芸落網之後，辯稱她是在抖音看到借貸影片
，才會加對方LINE好友並開始詢問，對方說要寄送帳戶給公司做查核，當時就有點起疑心
，擔心被詐騙。

此外，小芸還出示她與「借貸人員」的對話紀錄，她曾傳送「詐騙王國，開玩笑」、「那
個提款卡會還我嗎」、「因為很多人都說融資不用拿」、「怕被詐騙帳戶」等訊息。但檢
方認為，小芸明知交出帳戶可能會成為詐團利用的工具，起了疑心之後仍決定將提款卡寄
出，顯然已經觸犯幫助詐欺取財等相關罪嫌，訊後依法將她起訴。

台南地院法官表示，小芸想透過網路貸款，卻沒有審慎思慮，反而輕率提供銀行帳戶提款
卡及密碼給他人使用，結果淪為詐團的工具，考量到她終於在法院審理程序期間坦承犯行
，但至今未能與受害者達成調解或賠償損害，最終依幫助犯洗錢防制法第19條第1項後段
之洗錢罪，判處她有期徒刑4個月，併科罰金1萬元，前者得易科罰金12萬元，後者得易服
勞役10日，全案仍可上訴。

--
Mr.
Raindrop, falling away from
me now.
/
/
∕︵︵︵︵︵︵︵﹨
Mr. Raindrop, falling away form me now.
/
/
◢██◣
∥
/     /
Do you know how much you mean to me, why must you leave?
⊙
⊙
∥
I'm just a flower on a tree, why must you leave?
◢
▆
/
/
Mr.
Raindrop, falling away from
me now.
--
※ 發信站: 批踢踢實業坊(ptt.cc), 來自: 36.227.153.195 (臺灣)
※ 文章網址:
https://www.ptt.cc/bbs/Bunco/M.1772769781.A.9D3.html
※ 編輯: petestar (36.227.153.195 臺灣), 03/06/2026 12:03:18
※ 編輯: petestar (111.243.28.51 臺灣), 03/08/2026 07:38:34
※ 編輯: petestar (36.227.145.250 臺灣), 03/29/2026 21:33:21",ptt,Fri Mar  6 12:02:58 2026
[新聞] 小心「假租客6大詐騙」最慘連房子都被賣,https://www.ptt.cc/bbs/Bunco/M.1772769583.A.874.html,"小心「假租客6大詐騙」最慘連房子都被賣掉
https://www.ctee.com.tw/news/20260305701288-430601
房市買氣降溫，市場庫存居高不下，據業者統計，今年2月全國待售庫存量達 27.7萬戶，
仍在歷史高水位。而在成交速度放緩、議價壓力加大的市況下，目前不少屋主為避免降價
出售，開始採取「邊租邊售」或「以租代售」策略，希望在等待買方期間，先透過租金補
貼房貸與持有成本。

然而，隨出租需求增加，近年租屋詐騙案件卻也開始激增，依內政部警政署統計，2025年
1至9月租屋相關詐騙損失金額已突破3,000萬元。詐騙集團不只鎖定租客，近期更開始將
目標轉向房東，以「假租客」方式進行各種詐騙甚至不動產犯罪，一不小心不僅租金沒拿
到，房子還可能被騙走賣掉。

假租客詐騙升級　六大常見手法曝光
從591房屋交易網資料可發現，目前六大直轄市待租刊登量合計 6萬5001件，台中、台北
、新北均突破萬筆，其中台中更達 1萬9380件，目前大量的房子在找租客，也讓詐騙集團
更容易混入其中。

目前市場所謂「假租客」，是指表面以承租為名，實際目的卻是詐財、轉租或從事不法行
為的人。近年詐騙手法愈來愈多樣，常見模式包括以下六種：

一、 假匯款截圖騙交屋

詐騙者看屋後表示願意立即承租，並提供「已匯訂金」的銀行轉帳截圖，催促房東先交鑰
匙或簽約，但截圖多為偽造或延遲入帳，一旦房東交屋後才發現沒有匯款，對方早已失聯
。

二、 誤匯退款詐術

假租客聲稱匯款時不小心多匯一筆金額，要求房東先行退回差額，實際上原匯款可能為偽
造紀錄或短時間內撤銷的交易，房東退款後反而蒙受損失。

三、 假高收入身分博取信任

部分詐騙者會自稱外商主管、科技業工程師或金融從業人員，甚至提供偽造名片與在職證
明，讓房東放鬆警戒，入住後可能拖欠租金，甚至轉租給他人牟利。

四、 看屋踩點蒐集資訊

詐騙者以看屋為由，多次進出屋內與社區，實際上是觀察監視器位置、門禁系統與屋內設
備，蒐集資訊後從事竊盜或其他犯罪。

五、 短租轉非法用途

假租客先以正常租屋名義入住，之後將房屋改作日租套房、地下賭博或詐騙機房使用，一
旦遭警方查獲，屋主可能也需要配合調查，甚至面臨法律責任。

六、 房子被詐騙「轉賣」

最嚴重的案例，是詐騙集團承租後蒐集屋主與房屋資料，偽造文件或冒用身分，甚至私刻
印章、假冒屋主委託仲介出售，將房屋詐騙出售給第三人。過去就曾發生屋主長期出租、
未定期查看房屋，結果房子被詐騙集團非法過戶的案例。

房東出租前　四道防線必須做
竑誠法律事務所律師陳昱帆指出，在目前市場供給增加，若屋主急於出租的情況下，遇到
詐騙風險反而更高，為避免成為受害者，房東出租前應建立基本防線：

第一， 款項務必確認入帳再交屋

不要只憑轉帳截圖或口頭承諾，必須確認款項實際入銀行帳戶後再交鑰匙。

第二， 查核身分與工作資訊

要求提供身分證與工作證明或名片，必要時可透過公開管道確認任職公司是否存在。

第三， 使用正式租約與完整點交

簽署標準租賃契約，並拍照記錄屋況、設備與鑰匙數量，避免日後產生爭議。

第四， 戶籍設在可確保收件的地址

假租客可能會偽造與房東的債務，向法院聲請法律支付命令，要求房東償還虛構的債務，
卻因法院的支付命令或公文會寄到戶籍地，倘若房東的戶籍設在出租房子內，將收不到法
院通知，房子可能會因此被拍賣掉。

專家也提醒，若出租期間較長，屋主想降低房子非法使用或被騙走的可能，最好定期查看
房屋或透過管理員掌握使用狀況，除上述基本防線外，還可至地政機關申辦「地籍異動即
時通」，即時掌握房地的產權動態，並且合法報繳房租收入，才能有效避免被詐騙的可能
。

--
Mr.
Raindrop, falling away from
me now.
/
/
∕︵︵︵︵︵︵︵﹨
Mr. Raindrop, falling away form me now.
/
/
◢██◣
∥
/     /
Do you know how much you mean to me, why must you leave?
⊙
⊙
∥
I'm just a flower on a tree, why must you leave?
◢
▆
/
/
Mr.
Raindrop, falling away from
me now.
--
※ 發信站: 批踢踢實業坊(ptt.cc), 來自: 36.227.153.195 (臺灣)
※ 文章網址:
https://www.ptt.cc/bbs/Bunco/M.1772769583.A.874.html
※ 編輯: petestar (111.243.28.51 臺灣), 03/08/2026 07:38:50",ptt,Fri Mar  6 11:59:37 2026
[新聞] 羅浮宮爆門票詐騙！內鬼聯手導遊10年削3.8億 警方逮9人,https://www.ptt.cc/bbs/Bunco/M.1771176569.A.966.html,"羅浮宮爆門票詐騙！內鬼聯手導遊10年削3.8億 警方逮9人

2026/02/15 21:57 編譯林家宇／綜合報導
https://img.ltn.com.tw/Upload/news/600/2026/02/15/5344377_1_1.jpg
法國警方破獲從事羅浮宮票券詐欺長達10年的犯罪網絡。（美聯社）

據巴黎檢察官辦公室14日聲明，法國警方在一起針對羅浮宮票券詐欺的調查案中逮捕9人
，造成的收益損失上看1千萬歐元（約台幣3.8億元）。

遭羈押的涉案者包括2名羅浮宮官員、數名導遊和一名疑似策畫主謀。警方還扣押了近100
萬歐元現金及近50萬歐元的銀行帳戶資金。

本起詐欺案的調查始於2024年12月，羅浮宮館方當時注意到，2名中國籍導遊疑似讓中國
團客重複使用博物館的單程票券。經過1年多追查，警方查獲背後存在一個完整的犯罪網
絡，行賄羅浮宮官員，每日以欺詐手段接待入館的團客可達20組，犯行長達10年之久。

羅浮宮近來諸事不順，去年10月19日在光天化日之下遭竊賊盜走估計價值1億200萬美元的
王冠珠寶，引發國際震驚，後來還接連發生約400本珍稀書籍文獻因管線漏水受損及罷工
等爭議，在在使得這座全球最多遊客造訪的博物館在行政管理層面受到嚴密檢視。


新聞出處:自由時報電子報
https://reurl.cc/qKQXVg
--
※ 發信站: 批踢踢實業坊(ptt.cc), 來自: 118.166.32.104 (臺灣)
※ 文章網址:
https://www.ptt.cc/bbs/Bunco/M.1771176569.A.966.html",ptt,Mon Feb 16 01:29:27 2026
[新聞] 日本詐騙受害額創新高 2025年突破約677億元,https://www.ptt.cc/bbs/Bunco/M.1770906535.A.35E.html,"日本詐騙受害額創新高 2025年突破約677億元

2026/2/12 12:25

（中央社東京12日綜合外電報導）日本警方初估2025年社群媒體型投資與戀愛詐欺，加上
特殊詐欺案的受害金額共3241億1000萬日圓（約新台幣677.7億元），較2024年增加1250
億4000萬日圓（約新台幣261億元）。

「每日新聞」報導，日本警視廳（相當於警政署）今天公布的犯罪情勢統計指出，去年上
述案例的受騙金額大幅超越過去最嚴重的2024年。

主要原因是「假冒警察詐欺」的案例增加，而且受害族群擴大到年輕世代。此外，以海外
為據點的匿名與流動型犯罪集團所造成的被害也接連發生。警察廳對此抱持的危機感增加
，表示「受害擴大的情況尚未受遏止」。

據日本警方掌握的案件數量，2025年特殊詐欺案較2024年增加31.9%，達2萬7758件；社群
媒體型的詐騙增加47.9%，達1萬5142件；受害金額方面，特殊詐欺為1414億2000萬日圓，
幾乎成長近2倍。

據警視廳網頁說明，特殊詐欺是以電話等方式，在不與被害人面對面接觸的情況下行騙，
並以匯款到指定銀行帳戶或其他方式，向不特定多數人騙取現金等財物，其中也含以威脅
手段奪取現金等恐嚇取財。

另外，社群媒體型詐欺受害金額增加43.6%，達1827億日圓，其中包含透過以名人代言勸
誘投資，以及藉由戀愛關係的網愛詐欺。包含特殊詐欺在內，不論是掌握的案件數或受害
金額，皆創下歷史新高。

關於特殊詐欺的受害金額，「假冒身分行騙」的手法是2024年的2.4倍。其中，冒充警察
來電稱「你的帳戶被用於犯罪」的案例詐欺金額達985億4000萬日圓，占特殊詐欺整體近7
成。

若依被害人年齡層來看「假冒警察」案，30多歲最多，40歲以下占了一半，這也顯示以往
特殊詐欺多集中於長者的趨勢正在改變。

在特殊詐欺中，犯嫌最初接觸被害人的方式以手機為主，較2024年增加至2.2倍；40歲以
下族群超過9成透過手機接觸，被認為與年輕族群受害擴大有關。

2025年因特殊詐欺而被捕或被函送者增加33人，達2307人，其中為集團首腦或主謀增加16
人至66人；因社群媒體型詐欺被捕或函送者則大幅從258人增加到387人。（編譯：楊惟敬
）1150212


新聞出處:中央通訊社
https://www.cna.com.tw/news/aopl/202602120101.aspx
--
※ 發信站: 批踢踢實業坊(ptt.cc), 來自: 118.166.32.104 (臺灣)
※ 文章網址:
https://www.ptt.cc/bbs/Bunco/M.1770906535.A.35E.html",ptt,Thu Feb 12 22:28:53 2026
[新聞] 付逾40萬卻拿不到文憑　留學代辦爆詐騙,https://www.ptt.cc/bbs/Bunco/M.1770418194.A.02B.html,"留學代辦業者「道格拉斯商學院」請台灣教授替學生上課，宣稱可拿到歐美大學的碩博士
學位。（翻攝業者臉書）

文/潘姵如  攝影/蘇立坤
https://www.mirrormedia.mg/story/20260130soc009
標榜在台灣上課，就可遠距取得18所歐美大學碩博士學位的代辦業者「道格拉斯商學院」
，號稱已替五千多名學生取得學位，不過，本刊最近接獲不少學生投訴，說他們依合約繳
交40萬到70萬元費用，也按時上課、提交論文，卻遲遲拿不到學位，業者則不斷推託。學
生聯繫校方，才知道業者根本沒把錢轉給學校，還私下登入學生帳號、竄改個資，斷絕學
生與學校聯繫、隻手遮天，目前已有十多名學生組成自救會，對業者提告，希望討回被騙
走的學費。

上個月，一家代辦歐美大學碩博士課程的業者「道格拉斯商學院」，在臉書粉專上傳英國
某大學畢業典禮的照片，並發文宣稱與歐美多所大學緊密合作，在職的台灣學生無須離開
家鄉，也能獲取國際認可的歐美學位，文末還標註「遙距課程」「免聯考碩士」，讓許多
想擁有歐美大學文憑的網友很感興趣。

道格拉斯商學院爆發詐騙爭議，但仍持續招生中。（翻攝業者官網）

繳費有上課　論文也交了
不過，有網友在業者的臉書留下負評，還語氣強烈地痛批道格拉斯商學院是詐騙集團，強
調學生付了高額學費，業者卻沒轉給學校，導致學生拿不到畢業證書，呼籲大家謹慎避雷
，也意外引發多名被害學生參與討論。

英國國際招生組織建議Ａ先生盡快支付註冊費餘款，才能保住畢業證書。（讀者提供）

一名被害學生Ａ先生告訴本刊，他為提升職場競爭力，興起攻讀MBA（工商管理碩士）念
頭，後來看到道格拉斯商學院標榜不需出國，就可取得英國大學的MBA學位，不但能兼顧
工作與家庭，還能省下出國念書的龐大開銷，所以預約諮詢，沒想到卻誤上賊船。
Ａ先生說，道格拉斯商學院的教育顧問強調，最快一年就可取得學位，還可飛到英國參加
畢業典禮，Ａ先生十分心動，選定一所英國頗具聲望的大學，他因為擔心被騙，還先透過
電子郵件向英國國際招生組織查證，確認道格拉斯商學院有被授權合作招生，於是安心簽
約，並繳交全額學費45萬元。

Ａ先生苦等不到畢業證書，多次向業者詢問，對方卻不斷推託。（讀者提供）
匯款後一週，業者通知Ａ先生已取得入學許可，並要求之後每個月要抽出一個週末，到業
者的教室上課，課後繳交報告，上完八個月的課，就可以著手撰寫論文，論文通過後1、2
個月，就能夠拿到學位。

Ａ先生告訴本刊，他到教室上課時，班上共有十多名同學，奇怪的是，授課的老師都是台
灣人，課程跟作業都是全中文，好不容易熬到寫論文階段，業者告知須在5個月內分3階段
繳交，包括一萬字英文論文、十頁PPT摘要及十分鐘的影片解說，這對還要上班的Ａ先生
來說，壓力十分龐大。

道格拉斯商學院宣稱總部在英國，台北辦公室（圖）則在信義區。
錢沒給校方　還竄改個資

雖然如此，Ａ先生還是努力完成論文，直到收到學校寄發的成績單，確認審核過關，他才
放下心中的大石，不過，奇怪的是，苦等多時，卻一直沒收到畢業證書，他詢問業者，對
方每次都說會催促、會詢問，之後藉口越來越多，最後甚至索性不讀不回。他擔心自己的
心血付諸流水，也懷疑業者有鬼，所以直接發電子郵件向英國大學詢問，結果讓他傻眼。

道格拉斯商學院台灣分公司負責人伍志偉（圖）是香港人，警方將通知他到案說明。（翻
攝業者臉書）

校方回覆Ａ先生，因為他未繳交英鎊3,600元（約新台幣15萬元）的註冊費尾款，所以無
法寄發畢業證書，更扯的是，校方還說因為有財務爭議，去年7月已終止和道格拉斯商學
院的合作，也要求不得再用該校的名義招生，業者官網的學校介紹也必須下架。

校方還表示，註冊時已提供Ａ先生一組學生帳號密碼，方便雙方聯繫，且在撰寫論文之前
，必須先登入帳號、觀看撰寫的教學影片，但業者完全未將此事告知Ａ先生，等Ａ先生取
回自己的帳號時，赫然發現上面留的地址、電話及電子郵件信箱，全都是道格拉斯商學院
香港分公司的資料，才知道受騙上當。

Ａ先生十分生氣，發信詢問英國國際招生組織，對方表示，學費應該自行繳給學校，代辦
業者不可以代收學費。得知真相之後，Ａ先生轉向道格拉斯商學院對質，卻沒得到實質回
應，為了拿到學位，Ａ先生只能繳錢給學校，之後再向業者提告求償。

學校黑名單　被終止合作
本刊調查，除了Ａ先生選擇的英國大學之外，去年5月，道格拉斯商學院代辦的西班牙大
學博士班也出問題，多名學生因為同樣狀況拿不到畢業證書，校方要求業者補繳學費，業
者卻未回信，也沒付錢，十多名被害學生無法接受，組成自救會，並在去年11月到警察局
報案，控告業者詐欺。

道格拉斯商學院香港分公司去年9月爆發財務糾紛，還驚動警方上門。（翻攝TVB東張西望
）
一名大學教授Ｂ先生也告訴本刊，他之前曾獲道格拉斯商學院邀請，替研讀歐美大學MBA
課程的學生授課，業者開出十分優渥的薪資，一個月只需要上2天課，改完作業就能拿錢
，他覺得很好賺，決定接受邀請，後來卻發現業者問題一堆、財務困窘，事後他查閱教育
部相關規定，發現代辦業者只能招生、不能教學，擔心自己被牽連，才趕緊脫身。

被害學生向英國大學查證，才知道校方早已終止與道格拉斯商學院的合作。（讀者提供）
去年2月開始，陸續有學生向Ｂ先生抱怨，說繳了論文卻沒拿到畢業證書，他協助學生向
歐美大學聯繫，才發現道格拉斯商學院因擅自收費等原因，已被部分學校終止合作。東窗
事發後，有學生找業者催討，他們才選擇性地與被害學生和解、退款，但仍有不少學生被
蒙在鼓裡或拿不回錢。Ｂ先生說，如此惡劣的業者卻持續在台灣招生、參加留學展，呼籲
大家小心、別再受騙。

道格拉斯商學院多次參加留遊學教育展，吸引不少學生。（翻攝業者臉書）
本刊調查，道格拉斯商學院宣稱已成立20年，打出「在家就能讀、工作學習兩不誤」的口
號對外招生，強調與18所歐美大學合作，已經幫助五千多名學生取得學位，官網指出其總
部在英國，日本、香港、新加坡、馬來西亞、澳洲等十多個國家都有分支機構，看似頗具
規模，台灣部分台北、台中、高雄都有辦公室，公司登記負責人伍志偉。

道格拉斯商學院標榜遠距上課，在家就可以拿到歐美大學的碩博士學位。（翻攝業者臉書
）
員工嗆學生　提告也沒用
Ｂ先生說，伍志偉是香港人，爭議爆發之後，台灣員工曾經嗆學生：「提告也沒有用！」
十分囂張。事實上，去年9月，道格拉斯商學院香港分公司也爆出類似糾紛，上了新聞；
日本、泰國也傳出相同糾紛。台灣學生得知後，致電向業者求證，卻無人接聽，在臉書詢
問則被刪除，非常詭異。

道格拉斯商學院日本、泰國分公司，也爆發如同香港、台灣的糾紛。（翻攝TVB東張西望
）
本刊詢問教育部，官員表示，留遊學代辦機構應依規定與學生簽訂「留學定型化契約」，
且依《大學辦理國外學歷採認辦法》規定，國外碩士累計修業時間須滿8個月，透過遠距
方式取得的學分數不得超過總學分數的1/3，道格拉斯商學院明知如此，故意將規定寫進
合約，研判就是為了規避責任。
道格拉斯商學院在官網宣稱，教育部認可他們合作的歐美大學文憑，但是官員指出，業者
引用的教育部單位名稱與參考名冊，都是過時的內容，民眾有任何疑問，都可向教育部查
證，千萬不要受騙上當。

--
Mr.
Raindrop, falling away from
me now.
/
/
∕︵︵︵︵︵︵︵﹨
Mr. Raindrop, falling away form me now.
/
/
◢██◣
∥
/     /
Do you know how much you mean to me, why must you leave?
⊙
⊙
∥
I'm just a flower on a tree, why must you leave?
◢
▆
/
/
Mr.
Raindrop, falling away from
me now.
--
※ 發信站: 批踢踢實業坊(ptt.cc), 來自: 36.227.148.99 (臺灣)
※ 文章網址:
https://www.ptt.cc/bbs/Bunco/M.1770418194.A.02B.html",ptt,Sat Feb  7 06:49:50 2026
[新聞] 打AI旗號詐騙7.6億元 首腦梁慶飛重判24年,https://www.ptt.cc/bbs/Bunco/M.1770182405.A.0F1.html,"打AI旗號詐騙7.6億元 首腦梁慶飛重判24年 、假律師李克毅12年
https://news.ltn.com.tw/news/society/breakingnews/5331453
未上市櫃股票仲介商梁慶飛，夥同假律師李克毅等人合組吸金詐騙集團，鎖定經營不善的
「歐司瑪再生能源」等4家公司，透過虛偽增資、變更營業項目，營造即將上市或上櫃假
象，Call客推銷鼓吹投資，聯手坑殺投資人吸金逾7億6000萬元；台北地院今依證券交易
法之「證券詐偽」等罪嫌，將梁慶飛判處24年、沒收6億多元不法所得，李克毅判12年、
沒收900餘萬元。

全案共起訴32人，除了梁、李被重判，3人獲判無罪，其餘27名共犯，公司負責人與財務
會計人員各判7年到12年徒刑，助理、業務等基層各判刑6月至3年半，另有多名代持股票
、提供人頭帳戶者，獲判緩刑；總計沒收犯罪所得共7億6000萬餘元。可上訴。

台北地檢署起訴指出，梁慶飛與同夥李順榮自2022年起，尋找有相當投資額但經營不善的
公司，與公司負責人簽立「專屬投資協議」，透過虛偽增資、改名、變更營業項目、虛增
業務績效等手法，將其包裝為經營綠能產業、智慧人車系統、AI、半導體等熱門產業。

梁男並指示與其合作的公司負責人，購買電子媒體版面報導其設計的利多消息，另由吳姓
部屬設立公司官網，營造前景可期、即將上市、上櫃的假象，最後由公司負責人據以向銀
行申請簽證發行實體股票後，再交給梁慶飛。

假律師李克毅則是以「恆凱外國法事務律師事務所」等數個戶名與信託、律師相關的銀行
帳戶，提供給投資者匯款，並出具假的履約保證，投資人渾然不知他是假律師。李克毅也
是目前唯一在押的本案被告。

檢警調查，梁慶飛再去尋找人頭當股東，藉此於形式上受讓這些公司的大量股票，將股票
交由與他配合的地下盤商，打電話隨機「叩（call）客」推銷，聲稱營收發展已達一定規
模即將上市櫃，搶先購有價格、張數優惠，上市櫃後可望增值數倍，利潤可期，並以李克
毅開立的履約保障安定人心，另指派員工進駐公司接聽電話，以降低投資人的戒心。

李克毅收款後，先扣除自身的3%報酬，再領出轉匯到梁的指定帳戶供其朋分。台北地院今
宣判，判決理由尚未公布。

--
Mr.
Raindrop, falling away from
me now.
/
/
∕︵︵︵︵︵︵︵﹨
Mr. Raindrop, falling away form me now.
/
/
◢██◣
∥
/     /
Do you know how much you mean to me, why must you leave?
⊙
⊙
∥
I'm just a flower on a tree, why must you leave?
◢
▆
/
/
Mr.
Raindrop, falling away from
me now.
--
※ 發信站: 批踢踢實業坊(ptt.cc), 來自: 111.243.26.80 (臺灣)
※ 文章網址:
https://www.ptt.cc/bbs/Bunco/M.1770182405.A.0F1.html",ptt,Wed Feb  4 13:20:02 2026
[新聞] 手機號碼外洩慘噴2萬多塊？最新詐騙手法,https://www.ptt.cc/bbs/Bunco/M.1770092645.A.0FC.html,"手機號碼外洩慘噴2萬多塊？最新詐騙手法曝光小心別上當！
https://reurl.cc/zKdjvV
在數位時代，詐騙手法層出不窮，尤其是以借貸和信用為名的詐騙，讓許多善良的民眾深
受其害。以下是一些常見的詐騙手法，提醒大家在借貸時保持警覺，避免成為受害者。


-------------以下為內政部165dashboard公開的真實案例故事------------



《 門號給人太危險，美化信用必詐騙 》 我因為月底急缺6萬元費用，就上「台灣借錢網
」留下聯絡電話，過不到一天，就有人主動聯絡我，對方透過 LINE 加我好友，暱稱叫「
杰」。聊天過程中，我也很老實跟他說，我以前信用紀錄不太好，用銀行貸款方式過不了
。結果他聽完我的描述，不但沒有嫌棄，反而信誓旦旦地跟我說沒問題，還告訴我一個小
撇步，說可以透過電信公司的小額付費來「培養信用額度」，這樣銀行就會願意放款。當
下我一心只想趕快借到錢，對方說什麼我幾乎都照做了。我先後到不同門市申辦3組電話
號碼，並將電信服務APP的帳號、密碼都交給他。他說會幫我刷額度，但費用公司會處理
。從那之後的一段時間，我的手機不斷跳出消費通知和驗證碼，當他叫我把驗證碼傳給他
，我就完全照做。就這樣短短一段時間內，電信小額付費累積了兩萬多元，但他再三保證
公司會繳錢，說這些都是在幫我「養信用」，之後貸款比較容易下來。後來他又要求我直
接轉帳，說要用來顯示財力，我就從自己的銀行帳戶匯了一筆錢給他，剛開始，我都相信
他是真的在幫我處理貸款的事情。直到後來怎麼等都等不到貸款的消息，電信公司寄來存
證信函，我才發覺不對詢問對方，結果對方開始已讀不回、甚至直接消失。我回頭一看，
才發現不但貸款沒拿到，損失了幾筆錢，現在還身陷電信債務陷阱中。

1、聲稱「免財力證明」、「辦門號協助美化信用」都是假貸款行銷話術。

2、正規機構不會要你提供簡訊OTP驗證碼。

3、正規機構不會幫你美化信用，這些都是私人貸款公司的吸血手法。

4、如有問題，可撥打165反詐騙專線。



詐騙話術解析
1、假代辦機構在臉書社團、Google廣告投放貸款廣告，吸引被害人點擊，並透過LINE加
入假客服詢問基本資料及假諮詢。

2、假客服聲稱被害人條件還可以，不過需要配合辦門號刷小額代繳，需要配合提供簡訊
OTP驗證碼。

3、當被害人收到逾期帳單通知、存證信函等，發覺有異，詢問假客服卻不讀不回、甚至
遭封鎖。

相關資料參考來源：165打詐儀表板，以上內容由永豐金證券協助彙整，部分示意圖由AI
生成。

--
Mr.
Raindrop, falling away from
me now.
/
/
∕︵︵︵︵︵︵︵﹨
Mr. Raindrop, falling away form me now.
/
/
◢██◣
∥
/     /
Do you know how much you mean to me, why must you leave?
⊙
⊙
∥
I'm just a flower on a tree, why must you leave?
◢
▆
/
/
Mr.
Raindrop, falling away from
me now.
--
※ 發信站: 批踢踢實業坊(ptt.cc), 來自: 111.243.26.80 (臺灣)
※ 文章網址:
https://www.ptt.cc/bbs/Bunco/M.1770092645.A.0FC.html",ptt,Tue Feb  3 12:24:02 2026
[新聞] 詐騙橫行 全台上萬超商成重災區,https://www.ptt.cc/bbs/Bunco/M.1770092371.A.A87.html,"陽光行動／詐騙橫行 全台上萬超商成重災區
多種樣態：假抽獎騙個資、誘騙買點數、代收幽靈包裹
https://reurl.cc/GG3R1Z
台灣詐騙橫行，民眾不堪其擾之餘，打詐專法上路一年半，受害人數、受騙金額仍節節攀
升，過去外界的目光焦點大多集中在銀行、ATM，但事實上，民眾最常去的超商，早已成
為詐騙行為發生最頻繁的場域之一。超商業者一致表達願意全力配合政府打詐，但面對車
手於超商ATM領錢這個難題，更希望政府能夠挹注資源，尤其最好能讓超商與警察之間有
更密切的連線，別再讓超商獨立作戰。

超商取貨方便，但可能碰上「幽靈包裹」詐騙。超商業者提供線上申訴平台，助消費者防
詐並有退款機制。圖為示意圖。記者林澔一／攝影

不論是媒體報導，或是民眾的印象，銀行一向是防詐的重點，受過訓練的櫃檯行員，配合
警政系統，的確攔下了不少差一點被詐騙的民眾，但其實詐騙不只有匯款行為，詐團手法
日新月異，而台灣又是超商密度最高的國家，上萬家多功能、日常生活不可或缺的超商，
就成了詐騙行為發生的重災區。

廣告
現今超商面臨的詐騙樣態大致可分為四類，例如詐團假冒超商官網舉辦抽獎騙個資、誘騙
民眾購買點數再傳送序號、因為超商提供代收包裹服務而衍生出的「幽靈包裹」，以及幾
乎每家超商都有的ATM，也成詐團車手盯上的目標。


店員最常遇到的，莫過於車手在ATM領錢，超商員工留意到了卻很難直接報警，就怕自身安全受威脅，因
此也期盼，是否有可能可以建立警政、超商連線，透過連線方式，不但保障員工安全，還
能更快抓到車手，進而溯源抓出詐騙集團首腦。

對於超商業者難題，打擊詐欺警官說，面對詐騙，的確有不少店員熱心提供協助，但也有
部分店員態度消極，希望業者加強訓練及管理，公私協力才能防堵詐騙。

刑事局表示，各派出所也會與轄內超商建立聯繫管道，店員發現可疑車手，如滯留ATM時
間過長、持多張提款卡提領、短時間頻繁提領，應即時致電110或派出所，通報警方到場
盤查，若不便講電話，可透過與派出所建立的LINE群組通報。

店員阻詐 成額外負擔

對於政府打詐單位要求業者應加強訓練及管理，超商業者私下透露，警政機關經常要求超
商協助，不管是建立包裹退貨機制、店員阻止詐騙行為等，而為了打詐，大家都很願意配
合，但在協助打詐的背後，超商其實負擔了不小的風險與成本，例如協助民眾進行幽靈包
裹退貨，還必須去跟集運商追回款項，人力、成本都是額外的負擔。

此外，超商店員就算發現車手在店裡，也很難直接當著歹徒的面報警，就怕事後被詐團盯
上，人身安全受到威脅，而同時，不管是在包裹、點數勸阻上，也很常遇到不理性的消費
者。

多家超商業者呼籲，要有效打詐，是否能夠讓超商門市、至少初步讓車手取款的熱點門市
與警政單位建立緊密連線，畢竟，人身安全是超商業者的最優先考量。

--
Mr.
Raindrop, falling away from
me now.
/
/
∕︵︵︵︵︵︵︵﹨
Mr. Raindrop, falling away form me now.
/
/
◢██◣
∥
/     /
Do you know how much you mean to me, why must you leave?
⊙
⊙
∥
I'm just a flower on a tree, why must you leave?
◢
▆
/
/
Mr.
Raindrop, falling away from
me now.
--
※ 發信站: 批踢踢實業坊(ptt.cc), 來自: 111.243.26.80 (臺灣)
※ 文章網址:
https://www.ptt.cc/bbs/Bunco/M.1770092371.A.A87.html
※ 編輯: petestar (111.243.26.80 臺灣), 02/03/2026 12:20:19",ptt,Tue Feb  3 12:19:11 2026
[新聞] 情侶檔涉組詐騙機房被通緝 警強勢攻堅,https://www.ptt.cc/bbs/Bunco/M.1769177362.A.21F.html,"情侶檔涉組詐騙機房被通緝 警強勢攻堅藏匿處逮人
https://reurl.cc/Eb0QzA
南投縣警察局刑事警察大隊，偵辦一起假冒公署及解除分期付款詐騙案，去年8月15日，
在南投縣水里鄉查獲詐騙機房，當場查獲1名黃姓男子，查扣語音閘道器及WiFi分享器等
證物。向上溯源，又追查出另1王姓女犯嫌，涉嫌以新台幣2萬元為代價，在南投縣水里、
竹山等地，裝設電信相關設備作為詐騙機房。2人都已分別被通緝中，日前員警荷槍實彈
循線到草屯藏匿處，強勢攻堅逮人。

南投縣刑大表示，偵查期間發現王女、黃男等2人，為情侶關係，黃嫌目前因毒品及槍砲
案，遭彰化地方檢察署通緝中，須入監執行有期徒刑19年。與草屯警分局成立專案小組深
入偵辦中。專案小組長期蒐證、跟監，掌握2嫌藏匿於草屯鎮住所，於是規劃圍捕行動。

警方表示，員警攻堅搜索過程，先在1樓逮獲王姓女子，而黃嫌一度竄逃至4樓屋頂躲藏，
員警立即調整戰術，並由執勤人員對他心戰喊話，等黃嫌卸下心防，順利逮捕到案。

南投縣警局局長謝宗宏表示，對於危害社會治安的重大犯罪及詐欺案，將持續強力查緝，
展現維護治安的決心。同時呼籲民眾，如發現可疑人事物，隨時向鄰近派出所通報或撥打
110報案，共同守護社會安全。

照片來源：南投縣警方提供

--
Mr.
Raindrop, falling away from
me now.
/
/
∕︵︵︵︵︵︵︵﹨
Mr. Raindrop, falling away form me now.
/
/
◢██◣
∥
/     /
Do you know how much you mean to me, why must you leave?
⊙
⊙
∥
I'm just a flower on a tree, why must you leave?
◢
▆
/
/
Mr.
Raindrop, falling away from
me now.
--
※ 發信站: 批踢踢實業坊(ptt.cc), 來自: 111.243.2.156 (臺灣)
※ 文章網址:
https://www.ptt.cc/bbs/Bunco/M.1769177362.A.21F.html
※ 編輯: petestar (111.243.2.156 臺灣), 01/23/2026 22:09:35",ptt,Fri Jan 23 22:09:19 2026
[新聞] 新型詐騙！超多名店受害 莫名其妙被歇業,https://www.ptt.cc/bbs/Bunco/M.1769169469.A.141.html,"新型詐騙！超多名店受害 莫名其妙「被歇業」
https://news.ebc.net.tw/news/living/534093
Threads近日出現大量假帳號，假冒店家身分以各種理由稱「即將歇業」，甚至還加上「
出清、打折」等優惠，許多店家的老顧客為了見愛店最後一面抽空上門消費，詢問老闆才
知道是假消息。

受害顧客爆料

受害顧客發文透露「剛直接打電話去問老闆，老闆說他們沒有租金到期要停業，這是假消
息，老闆也要去報警了」、「跑去現場，進去和其他客人互看，才知道是詐騙」、「老闆
娘快哭出來拜託我們幫她發文，店裡電話一直響」。

消息一出，許多網友表示「連這種都要騙」、「現在這類型詐騙很多」、「最近也察覺了
，真的一堆」，目前受害店家繁多，從日常用品、餐飲、模型店到相機館都有，但究竟為
何會有假帳號冒充店家宣布歇業，還有待釐清。
網路詐騙猖獗

根據網友統計，目前在Threads上類似的詐騙手法繁多，除了假冒店家發布歇業文，還有
「懷孕送手機、移民要清空家電、尾牙抽中要賣、開店前幾名免費送、漫畫退坑免費送、
中樂透送點甜頭給大家吃紅、孩子玩具出清免費、小農販售文」等，提醒民眾務必提高警
覺，避免落入詐騙陷阱。

--
Mr.
Raindrop, falling away from
me now.
/
/
∕︵︵︵︵︵︵︵﹨
Mr. Raindrop, falling away form me now.
/
/
◢██◣
∥
/     /
Do you know how much you mean to me, why must you leave?
⊙
⊙
∥
I'm just a flower on a tree, why must you leave?
◢
▆
/
/
Mr.
Raindrop, falling away from
me now.
--
※ 發信站: 批踢踢實業坊(ptt.cc), 來自: 59.115.163.211 (臺灣)
※ 文章網址:
https://www.ptt.cc/bbs/Bunco/M.1769169469.A.141.html",ptt,Fri Jan 23 19:57:43 2026
[問題] 找臨演詐騙？,https://www.ptt.cc/bbs/Bunco/M.1768301515.A.0F1.html,"有人遇過臨時演員詐騙嗎？

在threads上面看到一個徵臨時演員，說要拍一個反詐騙的公益短片

先拿一個文案給我演，拍影片說要給導演看

我是xxx，為什麼加入這個計劃，資金怎麼貸款，師兄協助，希望之後可以幫助更多人

然後現在說ok，說想拍一些做公益的素材，看是捐款，還是做志工之類的，然後現在要我
給他帳號，說是拍攝我捐款的素材

然後通告大概是三月份這樣

整個越來越詭異

--
※ 發信站: 批踢踢實業坊(ptt.cc), 來自: 101.12.128.239 (臺灣)
※ 文章網址:
https://www.ptt.cc/bbs/Bunco/M.1768301515.A.0F1.html",ptt,Tue Jan 13 18:51:53 2026
[新聞] 典型受害者並不存在？揭開「東南亞詐騙,https://www.ptt.cc/bbs/Bunco/M.1768120548.A.C8B.html,"典型受害者並不存在？揭開「東南亞詐騙園區內幕」
https://global.udn.com/global_vision/story/8664/9248089
本文為《東南亞詐騙園區內幕：有人自願、有人被誘拐，96名園區工作者，揭發殺豬盤、
殺魚盤、AI深偽詐騙的勾結與真相。》（大是文化，2025）內容節選。

失業造成的經濟窘境，使得有些人被迫冒著難以想像的風險，想辦法跨越邊境，到從沒想
過會去求職的國家謀生。例如，一名在2021年丟了生意的中國餐廳老闆告訴我們：

我才不管是柬埔寨還是哥倫比亞，我需要工作，因為全家人都靠我吃飯。我接受一間公司
聘僱後，他們動作非常快，隔天就出錢給我一張到金邊的機票，讓我相信這是一間財力強
大的合法公司。然而，抵達廈門機場時，邊境管制人員把我擋下，一直跟我說這份工作是
假的。當然，我起了疑心，所以我回家，又待了2個月。

這時候，我的孩子已經沒飯吃。給我工作的這個人，我認識他超過10年了，而且我也真的
不能再這樣失業下去，所以當他問我要不要去一個邊境的城市工作，他可以幫我安排接送
時，我就去了。

老實說，除了中文，我其他語言都不會講，對地理也一點概念都沒有。我以為我要去柬埔
寨，直到他們拿著刀子威脅我走小路，跟我說我在越南時，我才知道自己被賣掉了。


有非常多前往緬甸與寮國詐騙園區的人，都是在專業人蛇集團或「蛇頭」（編按：指從事
非法偷渡或人口販運的組織者或頭目）陪同之下，跨過兩國之間長長的邊境抵達目的地。
雖然邊境戒備森嚴，但由於邊境漫長且地形崎嶇，無法阻止意圖堅決的人蛇集團跨境活動
。


被誘騙或販賣到緬甸克倫邦苗瓦迪KK詐騙園區工作的受害者。 圖／路透社　

從中國到柬埔寨的主要陸路會經過越南和寮國，每個國家都有一條人蛇鏈帶著新進員工跨
越邊境，並將他們經由安全屋網路送往目的地。有些從臺灣和中國出發的人是走海路，先
上快艇，再轉移到大一點的船上航行幾天，接著在接近柬埔寨海邊時，再次換成小船靠岸
。


這些海路，中國當局都一清二楚。雖然中國海岸線綿長，難以監管，但中國警方仍在過去
幾年執行了幾次針對人蛇集團的打擊行動。例如，2021年11月，中國國家移民管理局廣西
出入境邊防檢察總站，破獲一個大型跨境人蛇集團，該集團疑似規畫讓中國民眾沿海路非
法離境，至國外從事犯罪行為。


當局查獲一艘用來分批載人至貨船的快艇，並在底部的船艙尋獲79人，他們分別來自中國
15個不同省分。隔年有108名涉案嫌犯遭到逮捕。調查發現，此次行動背後的黑道不只跟
跨國蛇頭合作，還會招募人才，透過社群媒體張貼高薪海外工作的徵才廣告。


調查單位追蹤該集團相關金流，並在2022年查扣多部電腦與手機，最終逮捕集團首腦與招
聘人員。最後，69人判處罰款，並處9個月至8年不等的有期徒刑。




緬甸東部與泰國隔著莫艾河畔相望的是KK詐騙中心園區，有上百棟的建築物。2025年11月
9日的衛星照片顯示許多建築物在打擊行動中遭到破壞。 圖／法新社　


2017年8月2日，柬埔寨移民警察繳獲大量用於詐騙的電話、手機和電腦網路設備。根據中
國警方提供的線索，超過175名中國公民參與其中。 圖／美聯社　

有2名受訪者，是一對年輕情侶，跟我們分享他們自海路被賣到西哈努克市的遭遇：


那天，有2個朋友約我們去海上釣魚。我們之前也這麼做過，所以雖然船上有不認識的人
，我們還是選擇相信他們，他們說這些人都是朋友。但是，船開了很久，都沒有停下來的
跡象，我們開始慌了，問他們要去哪裡，他們也不說，最後我們到了一艘更大的船旁邊。


那些「朋友」把我推上大船，接著馬上有人帶著槍把我們包圍。他們逼我們待在底部的船
艙7、8天，直到我們抵達西哈努克市。我們很怕他們會把我們丟進海裡，所以一直都很聽
話。


我們知道他們用同一個港口來停偷渡的船已經好幾個月，因為我們後來又遇到另一對情侶
，他們也是這樣被賣來的，抵達的地點也跟我們一模一樣。



這條危險的路在2022年9月登上國際頭條，因為一艘偷渡41名中國公民的船在西哈努克市
海邊沉沒，造成至少11人死亡。根據倖存者的陳述，船上的人是在9月11日乘快艇自中國
廣東省廣州出發；6天後的9月17日，他們登上第二艘船，船上還有2名柬埔寨嚮導。船上
的生活條件極其悲慘。到了9月22日，由於海象不佳，船隻嚴重損壞，因此有另一艘船來
把2名柬埔寨嚮導接走，直接放其他人自生自滅。


在這齣悲劇之後，記者報導的倖存者故事裡頭，都不斷重複著一個常見的經歷：這些人受
疫情影響，一直處於失業狀態，心力交瘁。接著有人出現，保證能給他們一份工作，他們
便相信了。


2025年8月28日，來自肯亞的Duncan Okindo接受路透社採訪，表示自己2024年被泰國一份
客服工作廣告誘騙到東南亞，在泰緬邊境的一個詐騙園區待了四個月。 圖／路透社　


受害者樣貌多元化

2024年底，我們為這本書做最後的編修時，發現詐騙集團的招人手法有一些令人擔憂的改
變。


首先，由於中國對網路詐騙與相關活動的掃蕩行動力度提高，詐騙業者越來越不願意讓好
不容易找到的人力離開。中國媒體引用甘肅省一位偵辦網路詐騙案件警察的言論指出，打
詐行動會讓詐騙集團招募員工的成本越來越高，從幾萬元漲到了幾十萬元：「一旦落入詐
騙集團手裡，沒有連本帶利賺回來，他們是不會輕易放人的。」


第二，隨著詐騙產業發展，詐騙目標越趨多元，詐騙業者找尋多國籍員工的需求也隨之增
加。如本書前段所述，根據國際組織的紀錄，受困在東南亞詐騙園區裡的人來自四十多國
。

在泰國達府波帕縣，一群被誘騙至緬甸工作的受害者集中於船上。 圖／路透社　


我們也注意到，如今的詐騙產業對中國籍員工的依賴已慢慢減少，變得越來越多元，有越
來越多的倖存者來自很遠的地方。數以千計的印尼人與越南人在東南亞從事詐騙業務，以
線上博弈或詐騙手段專攻家鄉同胞。除此之外，還有馬來西亞、菲律賓、寮國、緬甸、南
亞、非洲等地區的人出現。


雖然有些國家積極協助受困國民，但也有些國家表現出令人失望的漠不關心。詐騙園區人
力越趨多元，但有些來自較遠國家的公民，在受困地區可能連大使館都沒有，讓求助難上
加難。


第三，由於中國和東南亞國家的成人，對詐騙園區的存在和其詐騙手法越來越有防範意識
，低年齡層受騙進入詐騙產業的可能性隨之提高，在這些地區受騙從事詐騙的未成年案例
也逐漸升高。


書中先前引用過的，2023年中國最高人民檢察院打擊詐騙報告指出，涉嫌網路詐騙遭起訴
的未成年人數量僅占總數的1％，但是，跟前一年相比，這個數字成長了68％，且中國媒
體不斷報導，未成年人遭誘騙或賣到詐騙產業。


2023年3月，上海一家媒體報導了一名15歲男孩的故事。這名來自四川省的男孩為了所謂
的「高薪工作」，穿過邊境進入緬甸後行蹤成謎，已失蹤一個月；同月，中國媒體亦大幅
報導安徽省合肥4名職校學生的故事；5月，因探討詐騙議題而成名的中國部落客阿龍（化
名）表示，他收到一個中國家庭的求助，請他幫忙尋找在緬甸北部失蹤的16歲兒子。


KK園區等泰緬邊境詐騙中心受害者在當局掃蕩邊境詐騙園區的行動後，於庇護所排隊領取
食物，等待各國大使館接回。 圖／路透社　

2024年，我們聽到一些令人不悅的未成年被賣到東南亞的故事。其中一個故事主角來自雲
南省，她是一名15歲的女孩，經由兒時好友的介紹，認識一名男子。即使這個男子知道她
的年紀，卻仍與她建立親密關係，並說服她到他的上班地點工作，這個地方就是寮國的金
三角地區。


為愛盲目的女孩答應到靠近越南邊境的一座城市，等人來接她。她從來沒有出過國，所以
她以為自己是要去寮國，經過幾天旅途後，才發現自己被帶往柬埔寨。一到西哈努克市，
有一個意料之外的人對她伸出援手，那就是她的蛇頭。


這名蛇頭一聽到她的年紀，又聽到原來的計畫是要帶她到更接近柬埔寨岸邊，惡名昭彰的
詐騙園區後，他聯繫附近詐騙園區的老闆，說服對方用7,000美元從原來的詐騙業者手中
贖回這名女孩。但女孩很快就發現，這樣的幫助並非無私之舉，因為其中一個男人想占她
便宜。後來，多虧一位專門營救詐騙園區受害者的柬埔寨中國商人介入，她才終於脫離苦
海。


示意圖，非文中描述女性。一名從緬甸詐騙中心獲救的女子被安置在印尼雅加達的臨時住
所。 圖／美聯社　


在泰國達府湄索縣，曾在緬甸KK詐騙園地工作、來自不同國家的人員乘船橫渡莫伊河，從
緬甸進入泰國。 圖／法新社　

以上討論可總結出幾個重要的結論。第一點是進入網路詐騙產業的多重管道，反映出進入
產業者的多樣性。雖然網路詐騙產業曾是華裔主導，但今日的勞動力在國籍、能力、年紀
、性別都越來越多元，這表示如果想概略描繪此產業被強迫犯罪的典型受害者樣貌，很可
能會過度簡化全貌。


如同我們在前言看到的，許多外界觀察者都認為「網路奴隸」跟傳統奴役受害者相比，通
常教育程度都較高、能力也較好，但官方數據和我們的調查都證明，許多中國倖存者（也
是詐騙產業多年來主要勞動力）年紀都很輕、教育程度偏低，且大多數來自弱勢背景。事
實是，由於詐騙業者掌握的科技越來越進步，網路詐騙產業吸引、仰賴的人越來越多元，
因此所謂的「典型受害者」並不存在。




2025年10月25日，緬甸克倫邦苗瓦迪KK詐騙園區發生爆炸，現場冒出白煙。 圖／美聯社


這點就可以把我們帶到第二個令人不適的結論，那就是目前集中火力的預防策略，是在提
高大眾對詐騙的認知。沒有錯，由於媒體頻繁報導與政府持續呼籲，大眾對於詐騙的意識
越來越高，因此詐騙業者要找人變得比以往還要困難。


但從另一方面來看，由於新冠疫情對經濟帶來的影響仍持續不斷，且很多影響是新自由主
義與掠奪性的經濟政策所致，以至於留下普遍貧窮化的問題，因此，年輕一代便可能得繼
續面對有限的就業前景，並繼續成為主要目標。


也許詐騙業者招聘員工的狀態會隨時間改變，業者會不斷調整「強迫他人從事詐騙」與「
以高薪福利吸引員工」之間的平衡，但只要其他可行的選項還是不足，大眾就會輕易被詐
騙產業誘惑，墜入陷阱中。

疫情對經濟帶來的影響仍持續不斷，留下普遍貧窮化的問題，因此，年輕一代便可能得繼
續面對有限的就業前景，並繼續成為主要目標。 圖／路透社　

《東南亞詐騙園區內幕：有人自願、有人被誘拐，96名園區工作者，揭發殺豬盤、殺魚盤
、AI深偽詐騙的勾結與真相。》

--
Mr.
Raindrop, falling away from
me now.
/
/
∕︵︵︵︵︵︵︵﹨
Mr. Raindrop, falling away form me now.
/
/
◢██◣
∥
/     /
Do you know how much you mean to me, why must you leave?
⊙
⊙
∥
I'm just a flower on a tree, why must you leave?
◢
▆
/
/
Mr.
Raindrop, falling away from
me now.
--
※ 發信站: 批踢踢實業坊(ptt.cc), 來自: 111.243.6.152 (臺灣)
※ 文章網址:
https://www.ptt.cc/bbs/Bunco/M.1768120548.A.C8B.html",ptt,Sun Jan 11 16:35:44 2026
[新聞] 下載就中獎　工程師揭LinkedIn詐騙,https://www.ptt.cc/bbs/Bunco/M.1767963025.A.67B.html,"下載就中獎　工程師揭LinkedIn詐騙：60萬虛擬貨幣被洗光
https://news.tvbs.com.tw/tech/3095944
一名工程師8日分享，近期在招募平台LinkedIn更新個人資訊後，收到很多邀約訊息，其
中一個工作內容跟薪資不錯，於是雙方開始交涉，但對方卻謊稱提供他一份未發表產品的
程式碼，即便網友發現其中藏有陷阱，仍在未知情況下被竊損失60萬。他對此示警大家，
這種檔案只要下載就會中獎，其他網友也留言建議，針對有疑慮的程式碼，如果真的想查
看，應該用虛擬機或完全沒有私人資訊的設備，避免個資遭到竊取。


LinkedIn上邀約　HR提供程式碼「問意見」　

工程師網友在Threads分享，日前在LinkedIn平台更新的簡歷資訊，收到很多人的詢問訊
息，其中一份工作的內容跟薪資都很不錯，他因此決定和對方洽談。在過程中，對方說公
司產品目前已經有一個產品原型，目前還沒發表，想詢問他的想法，但這個帳號底下只有
這個專案，網友覺得十分不對勁，於是使用AI工具檢查內容。

網友表示，經過兩款工具掃描，第一款指出幾點有問題的地方，但都只是假警報；第二款
發現其中含有一個遠端遙控的惡意代碼，「如果我沒有突然警覺這個東西有問題，就直接
跑下去，電腦上所有機密都飛了，損失可能上百萬。」


回憶2點異常　工程師自揭：加密貨幣私鑰被看光

網友分析，這類詐騙HR的訊息有兩個奇怪的點，包括會一直引導你開線上會議，以及不會
正面回答問題。

詐騙針對加密貨幣投資者　網嘆：找不回
另有網友提醒，如果電腦藏了加密貨幣的私鑰，加密貨幣就會被偷光。發文網友還慶幸「
差一點中大獎」，隨後又更新「更正，已經中大獎」。他說「發現已經被偷了台幣 60 萬
。只要用vscode開起來這個資料夾，電腦就開花了」。有人詢問，「看不懂這個怎麼連結
基本就不會被騙嗎？文章看起來很像是下載或是按幾個授權60萬就不見的意思？這樣合理
嗎，是否該抓幾個老人長輩來試試」。發文網友指出，這個詐騙案例應該瞄準虛擬貨幣開
發者，老人應該不會有虛擬貨幣錢包，他也無奈表示，這東西基本上是不可能救得回來了
，所以就不報案了。

--
Mr.
Raindrop, falling away from
me now.
/
/
∕︵︵︵︵︵︵︵﹨
Mr. Raindrop, falling away form me now.
/
/
◢██◣
∥
/     /
Do you know how much you mean to me, why must you leave?
⊙
⊙
∥
I'm just a flower on a tree, why must you leave?
◢
▆
/
/
Mr.
Raindrop, falling away from
me now.
--
※ 發信站: 批踢踢實業坊(ptt.cc), 來自: 111.243.6.152 (臺灣)
※ 文章網址:
https://www.ptt.cc/bbs/Bunco/M.1767963025.A.67B.html",ptt,Fri Jan  9 20:50:21 2026
[新聞] 刑事局追出14家物流與中詐騙合作 附清單,https://www.ptt.cc/bbs/Bunco/M.1767231674.A.886.html,"刑事局追出14家物流公司代中國詐團付廣告費
https://news.ltn.com.tw/news/society/breakingnews/5293685
近年網購詐騙案件層出不窮，尤其以「超商包裹詐騙」手法最為猖獗，刑事局中部打擊犯
罪中心發現其源頭多為民眾點擊「一頁式詐騙廣告」而下單遭騙，經追查背後資金來源，
發現竟是我國多家物流及倉儲公司與在中國的詐騙集團勾結投放，經與台北市警局成立專
案小組追緝，共查獲14家物流公司涉案，3年共投放2.3億廣告費用，逮捕廖姓等18名嫌犯
，依詐欺、涉嫌銀行法等罪嫌移送桃園地檢署偵辦。

刑事局中打表示，近年「超商包裹詐騙」頻傳，民眾付費網購下單，卻收到石頭、木塊等
與購買商品不同的物品被詐騙，分析其源頭，多因民眾點擊「一頁式詐騙廣告」而下單遭
詐。

經刑事局追查「一頁式詐騙廣告」費用資金來源，卻發現本業應為貨物運輸的物流公司，
卻頻繁且巨額地支付與本業不符的「廣告費用」，經暗中蒐證，上月見時機成熟，前往14
家物流公司，拘提、通知廖姓嫌犯等18人到案，查扣涉案公司相關證物，並扣押李嫌等現
金新台幣170萬元、手機11支及合約書資料等證物，相關犯嫌以7至10萬元不等交保，全案
依涉嫌詐欺、銀行法等罪嫌移送桃園地檢署偵辦。

警方清查並發現，這14家涉案物流公司，從2022年到2024年，3年共投放高達2.3億元的的
廣告費用，所投放的一頁式詐騙廣告商品琳瑯滿目，包括減肥、玉鐲、茶葉及土蜂蜜等，
吸引民眾點擊廣告後加入假賣家line好友，下單後貨到付款進而發現為詐騙包裹。

刑事局中打詹明佳隊長呼籲，民眾勿隨意點擊一頁式廣告以免受騙；對於勾結詐欺集團的
不肖業者，亦會加強查緝，以保障民眾財產安全。

--

脆友補充完整清單，已經查證。
https://reurl.cc/k8QOXb
這次刑事警察局公布14家涉嫌勾結詐騙集團的物流及倉儲公司，對照一下發現多數是詐騙
包裹的退貨黑名單常客。

達裕國際運通股份有限公司禹冠貿易有限公司洋玲有限公司]只出現在全家的合作退貨夥伴，而且公司的line和電話竟然跟長慶運通
的一模一樣，可視作關聯的空殼公司）

奇拍有限公司]跟速龍有關）

匯騰智能運籌有限公司]只出現在全家的合作退貨夥伴）

長慶運通股份有限公司]與洋玲有關）

笛雅興業有限公司]但台灣公司網顯示這家在2024年有涉及洗錢防制法之案件，事後解
散）

勝○實業有限公司銳果物流整合行銷有限公司]跟承軒有關）

天馬集運有限公司]現改名叫大中華集運有限公司。跟參與地下匯兌的天馬國際物流公
司不同間）

楷達供應鏈有限公司皓炫國際有限公司速龍有限公司]跟奇拍有關）

承軒行銷有限公司]跟銳果有關）

補充

天馬國際物流公司已改名為宥芯有限公司，跟鑫金代寄有關。

--
Mr.
Raindrop, falling away from
me now.
/
/
∕︵︵︵︵︵︵︵﹨
Mr. Raindrop, falling away form me now.
/
/
◢██◣
∥
/     /
Do you know how much you mean to me, why must you leave?
⊙
⊙
∥
I'm just a flower on a tree, why must you leave?
◢
▆
/
/
Mr.
Raindrop, falling away from
me now.
--
※ 發信站: 批踢踢實業坊(ptt.cc), 來自: 111.243.25.219 (臺灣)
※ 文章網址:
https://www.ptt.cc/bbs/Bunco/M.1767231674.A.886.html",ptt,Thu Jan  1 09:41:11 2026
[新聞] 7-11「賣貨便」成詐團新目標 詐騙手法曝,https://www.ptt.cc/bbs/Bunco/M.1766885384.A.C48.html,"7-11「賣貨便」成詐團新目標 詐騙手法曝光
https://news.ltn.com.tw/news/society/breakingnews/5291632
警政署打詐儀表板揭露詐騙手法前5名中，網路購物詐騙居冠；彰化林姓男子販賣商品，
卻險遭偽冒賣貨便認證的詐騙釣魚網站詐騙。警方指出，「賣貨便詐騙」層出不窮，似已
成為詐團詐騙新目標；假買家騙賣家的詐騙手法，不外乎是提供偽造客服網址，以及實名
制認證與金流認證，形成一條龍服務，讓被害人一步步落入陷阱，盜取金錢後即迅速消失
。

警方指出，「賣貨便」的詐騙套路，是假買家主動與賣家聯繫假裝有意購買商品，緊接著
對方會說付款時遇到問題，這時會提供「賣貨便假客服」連結，並由假客服出面聲稱因賣
家缺乏金流認證，無法完成交易，因此需要賣家提供銀行帳戶資料來核實，待賣家給予銀
行帳號、密碼等驗證資料後，詐團便從帳戶中盜取款項，至此消失的無影無蹤。

警方說，詐騙集團通常會使用急迫的語氣，製造被害人心理壓力，無法冷靜思考，甚至營
造出若不趕快處理就會被報案或罰款的氛圍；例如詐團PO「割腕流血」照片給林姓男子，
還搬出「警察」、「自殺」等字眼，意圖就是製造恐慌的氛圍，事實上都是「詐騙套路」
。民眾不要點擊陌生人提供的客服連結，欲聯繫交易平台客服，應使用平台官網上的客服
資訊。

--
Mr.
Raindrop, falling away from
me now.
/
/
∕︵︵︵︵︵︵︵﹨
Mr. Raindrop, falling away form me now.
/
/
◢██◣
∥
/     /
Do you know how much you mean to me, why must you leave?
⊙
⊙
∥
I'm just a flower on a tree, why must you leave?
◢
▆
/
/
Mr.
Raindrop, falling away from
me now.
--
※ 發信站: 批踢踢實業坊(ptt.cc), 來自: 36.227.158.105 (臺灣)
※ 文章網址:
https://www.ptt.cc/bbs/Bunco/M.1766885384.A.C48.html",ptt,Sun Dec 28 09:29:41 2025
[新聞] 議員林秉宥親赴緬甸　一探電信詐騙園區設,https://www.ptt.cc/bbs/Bunco/M.1766675577.A.A91.html,"議員林秉宥親赴緬甸　一探電信詐騙園區設施
https://news.cts.com.tw/cts/society/202512/202512252547405.html
新北市議員林秉宥近期前往緬甸，造訪一處被反抗軍剿滅的詐騙園區，除了開箱各個設施
，也發文揭露園區內生活方式，裡頭的「豬仔」還得閱讀各種教案與書籍，就是為了拚業
績，而裡面沒有一般貨幣，只能使用園區發行的「代用券」。犯罪學教授也強調，電信詐
騙園區通常自行建立規則，鞏固管理權威，而目前資源大多掌握在中國黑幫手上。

宿舍內人去樓空，只剩雜物散落一地，仔細看一個房間內，擠了10個床位，這裡不是學校
宿舍，也不是軍營，竟是緬甸詐騙園區，新北市議員林秉宥，和緬甸反抗軍合影，親自到
被剿滅的詐騙園區走一遭，辨公室內一整排電腦，全是用來電信詐騙。

他也發文分享此行見聞，豬仔們面臨嚴苛要求與生命威脅，還得閱讀各種教案，像是「貨
幣戰爭」「心理學」等書籍，而園區內的世界，50元的白飯300元的炒飯，稀有的紅燒熊
掌都有，但沒有現實世界的貨幣，只有面額100的代用券。

銘傳大學犯罪防治學系教授林書立說：「過去我們看到比較多的，在這個KK園區的，現場
看到的，在裡面交易還是使用泰銖，柬埔寨這邊呢，他跟泰國的關係，比較沒有那麼密切
，那他可能就是用自己發行的鈔票。」

詐騙園區為塑造管理權威，自行建立許多規則，中心思想就是拚業績，半推半就把豬仔推
上前線，為了生存只能埋頭苦幹，銘傳大學犯罪防治學系教授林書立說：「他們也會讓你
有自己可以消費，讓你覺得好像我這邊，就是一個生活城一樣，你要是業績做得好，你要
去卡拉OK，你要買新衣服，這邊也都有。」

詐騙利益龐大，議員林秉宥也感慨，LINE對話那端對你噓寒問暖，高談賺錢之道的帥哥美
女，全都是苟活在地獄裡，冀望能挖空你帳戶來存活，來翻身的奴隸，真正掌握資源的，
還有幕後始作俑者。

銘傳大學犯罪防治學系教授林書立說：「最麻煩的，目前的所有的情資，這個掌控的，其
實大部分都是大陸的黑幫。」中國黑幫成為電詐園區，最龐大勢力剿滅了一個，但總是春
風吹又生，得仰賴各國合作從源頭打擊，才是根本之道。

--
Mr.
Raindrop, falling away from
me now.
/
/
∕︵︵︵︵︵︵︵﹨
Mr. Raindrop, falling away form me now.
/
/
◢██◣
∥
/     /
Do you know how much you mean to me, why must you leave?
⊙
⊙
∥
I'm just a flower on a tree, why must you leave?
◢
▆
/
/
Mr.
Raindrop, falling away from
me now.
--
※ 發信站: 批踢踢實業坊(ptt.cc), 來自: 111.243.2.200 (臺灣)
※ 文章網址:
https://www.ptt.cc/bbs/Bunco/M.1766675577.A.A91.html",ptt,Thu Dec 25 23:12:54 2025
[新聞] Meta 強化打詐防線，移除 780 萬則鎖定台灣的詐騙廣告,https://www.ptt.cc/bbs/Bunco/M.1766576351.A.BF7.html,"Meta 強化打詐防線，移除 780 萬則鎖定台灣的詐騙廣告

作者 陳 冠榮 | 發布日期 2025 年 12 月 24 日 17:29 |
https://imgpoi.com/i/6QQGWV.jpg
Facebook 母公司 Meta 與台灣的數發部、內政部、刑事警察局合作，強化打詐防線。統
計自 2024 年 3 月至 2025 年 12 月期間，Meta 在台灣已移除 780 萬則鎖定台灣的詐
騙廣告。

Meta 延續強化平台阻詐措施、掃蕩詐騙集團網路、聯手夥伴共築防線 3 大打詐戰略，並
積極與數發部、內政部、刑事警察局等單位合作。

運用 AI 科技強化偵測詐騙，並以自動化提高執行效率下，Meta 2025 年全球下架超過
1.34 億則詐騙廣告，統計過去 15 個月，線上社群對詐騙廣告的檢舉量下降逾 50％。
Meta 2024 年在台率先導入「臉部辨識技術」，鎖定常見假冒名人投資的誘餌廣告，在民
眾檢舉詐騙廣告前，主動辨識並移除有害內容。更在 2024 年起，在台首推「廣告主驗證
」，提高詐騙集團濫用廣告的門檻。

Meta 與數發部、刑事警察局建立即時通報、快速下架的溝通管道，並強化定期的情報交
流機制，雙管齊下打擊跨國詐騙網路。此外，Meta 攜手國際夥伴共築防線，與全球詐騙
情報交換平台（Global Signal Exchange）合作，更參與全球防詐聯盟（The Global
Anti-Scam Alliance，GASA）以建構更進階、更綿密的跨國詐騙防禦網。

Meta 也破解不斷演進的詐騙網路，在專家調查所發現的一系列訊號，調查出違規的不法
分子以及背後網路，並將這些資訊套用至自動化執行系統，加速後續掃蕩詐騙網路。自
2024 年 3 月至 2025 年 12 月為止，Meta 主動移除 780 萬則鎖定台灣的詐騙廣告，你
是否感覺到 Meta 打詐所做的努力？

值得一提的是，《路透社》取得 Meta 內部文件並報導，Meta 2024 年來自詐騙、賭博及
色情內容的中國廣告營收超過 30 億美元。儘管 Meta 掌握這類濫用廣告的行為，但在可
能衝擊自身營收的情況下，對於更嚴格的修正措施顯得相對保守。這樣的態度勢必在用戶
間引起更多討論與不滿。

（首圖來源：shutterstock）


新聞出處:資安快報(科技新報)
https://reurl.cc/EbW8vg
--
※ 發信站: 批踢踢實業坊(ptt.cc), 來自: 118.166.14.216 (臺灣)
※ 文章網址:
https://www.ptt.cc/bbs/Bunco/M.1766576351.A.BF7.html",ptt,Wed Dec 24 19:39:06 2025
[新聞] 政府打詐1年成效曝　詐騙排行榜洗牌,https://www.ptt.cc/bbs/Bunco/M.1766099614.A.5E0.html,"政府打詐1年成效曝　詐騙排行榜洗牌
https://www.knews.com.tw/news/FF183967EF9105F222EEDC4E1A3240DA
記者林志青／台北報導】柬埔寨太子集團控股公司因從事跨國詐騙，今年10月遭美國起訴
制裁，意外揭露太子集團將台灣當成洗錢天堂，不只狂買豪宅、跑車、遊艇，還在台從事
博弈網站開發，引發震驚，檢警發動多波搜索、約談，查扣集團在台相關資產，全力追查
共犯。另一方面，針對國內詐騙猖獗，內政部於2024年8月30日推出 「打詐儀錶板」，每
天公布最新詐騙案件受理數及財產損失金額，並陸續推出「新世代打擊詐欺策略行動綱領
2.0版」、及打詐新四法的制定與修正，詐欺犯罪受理數及財損數在過去16個月呈現下降
趨勢，詐騙手法也出現變化。

根據打詐儀表板統計，今年1到11月的詐騙件數排行，「網路購物詐騙」已超越「假投資
詐騙」成為第一名，不過從財損金額排行來看，仍是「假投資詐騙」最高。

柬國「太子集團」遭美英起訴制裁　台9公司、3女列制裁名單
美國司法部今年10月14日公布紐約聯邦法院起訴書，內容指控「太子集團控股」創辦人兼
負責人陳志(37歲)涉從事電匯詐欺，並以囚虐手段逼迫「豬仔」從事加密貨幣投資詐騙、
洗錢。美方對太子集團146個目標實施制裁，包括陳志、財務總監李添(38歲)，以及9家在
台登記公司、3名協助陳志在帛琉洗錢的台女黃婕、施亭宇、王蕾絢。

北檢4波搜索扣11豪宅、34豪車　台成洗錢、博弈據點
太子集團隨後被發現，早在2016年就來台，以貝里斯商僑外資名義，於101租下2層樓當辦
公室，設立天旭國際科技公司，由人資長辜淑雯在台招募工程師、企劃等人員，開發線上
博弈程式；2019年間，再設立台灣太子不動產公司，宣稱看好台灣經濟潛力，引進柬埔寨
房產物件供投資，沒想到暗地裡卻購入11戶「和平大苑」豪宅，登記在睿督等8間空殼公
司名下，同時購買車位、超跑藏放，隱匿不法所得，將台灣當成洗錢、博弈據點。

此外，太子集團還利用香港公司名義買下4艘遊艇，曾停泊台灣，透過在台公司「逸先科
技」、「玄古管理顧問」管理遊艇，疑也藉此洗錢。

台北地檢署分案偵辦，先後發動4波搜索，已羈押在台操盤手、天旭國際人資長辜淑雯、
前負責人王昱棠等8人，查扣太子集團在台資產、和平大苑11戶豪宅、車位48個及34輛豪
車，另包括銀行帳戶60個，餘額2億3587萬餘元，案發後集團成員還協助脫產，全案被告
已達31人。

連鎖火鍋店助洗錢　專案小組追犯案拼圖
檢警追查太子集團的贓款金流，另發現知名麻辣火鍋店「滿堂紅」總公司負責人利用旗下
公司帳戶，涉及協助太子集團洗錢。

檢警目前偵辦太子集團犯罪區塊，包括太子集團在台洗錢、開發博弈、以及3台女在帛琉
以開發渡假村名義，協助陳志洗錢，還有案發後集團成員助脫產、洗錢等4塊，專案小組
持續深入追查中。

政府強力打詐逾1年　單月受理詐騙件數、財損金額均下滑
除了台灣淪洗錢天堂，詐騙猖獗也成問題，為此內政部從2024年8月30日推出 「打詐儀錶
板」，揭露每天詐騙現況及最新手法。

刑事局表示，從去年8月到今年11月整體來看，全般詐欺犯罪的發生數與財損金額，已不
再像過去一樣快速攀升，而呈現緩和下降趨勢，部分月份甚至有明顯下降的情形。

警方指出，「打詐儀錶板」去年8月剛上路時，當月受理2.1萬件詐欺案，財損高達138.2
億元；今年11月受理1.3萬件詐欺案，財損金額為59.9億元，這代表雖然詐騙手法持續翻
新、風險依然存在的情況下，整體防詐體系已開始對詐欺犯罪形成實質壓制效果。

政府打詐發揮效果　民眾識詐警覺性提高

深究其中可能原因，首先是政府防治詐騙發揮效果，從警政、金融、電信、網路平台到超
商通路的聯防系統已連成一張網，讓詐騙從被害人接觸到贓款金流，越來越早被攔截下來
。其次是金流阻斷與科技偵查強化，讓詐騙集團的資金流動難度大幅提高，詐團收錢變難
、轉錢更難。最後則是民眾防詐警覺性明顯提升，愈來愈多民眾主動查證、即時通報，很
多案件在還沒造成重大損失前就被擋下，這也直接反映在財損下降趨勢上。

詐欺手法洗牌　網路購物躍升第一
另外，去年到今年常見的詐欺手法也產生變化。去年8至12月的案件數以「假投資詐騙」
最多（2.2萬件，占24.2％）；但今年1至11月則以「網路購物詐騙」 躍升第1（3萬件，
占比19%），假投資退居第2（2.7萬件，占比16.8%）。「假交友（投資）詐騙」由原本第
4名（0.5萬件，占6.3%），上升為第3名（1.2萬件，占7.7%）。今年「假交友（徵婚）詐
騙」首度進入第5名（0.8萬件，占5.4%）；反觀「假中獎通知詐騙」已退出前5名。

顯示近年持續強化防詐宣導、投資風險教育與金流攔阻措施下，高額財損的假投資雖仍居
高位，但平均每月受理數出現下降；相對詐欺集團轉向滲透日常消費與人際互動的網路購
物詐騙，門檻相對較低，但聚沙成塔的財損也不能忽視。

假投資詐騙金額居冠　假交友投資成長明顯
從財損金額觀察，去年8至12月「假投資詐騙」財損高達416.3億元，占比達66.1%；今年1
至11月仍居首位，且金額續增至423.8億元，但占比下降至51.2%。最大變化則是「假交友
（投資）詐騙」，財損由67.6億元（占10.7%）大幅攀升至144.3億元（占17.4%），成長
幅度最為明顯。另外，「假檢警詐騙」的占比亦由7.5%上升至11.7%。

顯示高財損詐騙已逐漸集中在結合信任關係、權威與情感操控的詐騙話術類型。相較之下
，「網路購物詐騙」雖案件數排名第一，但財損僅18.3億元，占2.2%，呈現量大、平均每
次詐取金額低的特性。

新世代打詐綱領2.0上路周年
進一步檢視行政院去年11月推出的「新世代打擊詐欺策略行動綱領2.0版」，除原有「識
詐、堵詐、阻詐、懲詐」4大面向架構外，新增「防詐」，強化數位經濟產業治理，並以
「運用AI防制、深化跨境合作、監管防詐產業、加強被害保護」為規劃亮點，希望達成「
強化防詐意識、減少發生數、降低財損數」3大目標。

刑事局指出，165打詐儀表板的詐欺案件數與財損金額變化，顯示詐欺案件有逐步下降的
趨勢；另外在跨部會協力合作下，綱領2.0版在「清源、堵源、斷源、懲源」四大面向的
努力，確實對壓制詐欺犯罪發揮了初步效用。雖然已見初步成效，但「打詐」是一場與時
俱進的長期抗戰，只要仍有民眾受害，警察機關及行政團隊，就還有努力的空間。

明年導入AI阻詐及查緝
對於明年展望，刑事局表示，「新世代打擊詐欺策略行動綱領2.0版」是為期2年（今至明
年）的長期計畫，其中新增的「防詐」，強調數位治理及AI防詐，這也是明年規劃的一大
重點，將著重在於科技治理，不論是前端阻詐或是後端查緝，均會規劃導入AI人工智慧，
運用科技面對日新月異的詐騙手法及犯罪模式。

盼推ATM辨臉拒車手提款　統一作法齊防詐
今年有多家銀行，包括兆豐、永豐、中信及合庫在部分特定自動化服務區或ATM新增「AI
臉部辨識系統」 ，讓戴口罩、安全帽及墨鏡的民眾無法進行提款。

刑事局表示，詐團利用車手前往ATM提領贓款，AI臉部辨識系統有助即時辨識異常行為、
提前預警 ，盼擴大試點範圍以利成效評估，像是在「高風險據點」設置比較前後差異；
另建議銀行間能研訂共同的「防詐功能門檻」 ，統一人臉偵測、行為辨識等。

尋找潛在被害人　成功阻詐6.2億元
刑事局近年更推動「潛在被害人查找計畫」，運用科技分析與資料交叉比對，針對疑似遭
詐騙集團盯上的可能被害人，聯合地方警察機關進行即時勸阻。刑事局表示，該計劃從
2023年6月28日著手進行，截至今年10月30日，共計查找10萬2105名潛在被害人，誘捕471
名車手，成功攔阻詐騙款項高達6.2億餘元。在查找的這10萬餘人中，約有6成民眾意識到
正在遭遇詐騙並停止匯款，成功避免損失擴大。


--
Mr.
Raindrop, falling away from
me now.
/
/
∕︵︵︵︵︵︵︵﹨
Mr. Raindrop, falling away form me now.
/
/
◢██◣
∥
/     /
Do you know how much you mean to me, why must you leave?
⊙
⊙
∥
I'm just a flower on a tree, why must you leave?
◢
▆
/
/
Mr.
Raindrop, falling away from
me now.
--
※ 發信站: 批踢踢實業坊(ptt.cc), 來自: 111.243.12.82 (臺灣)
※ 文章網址:
https://www.ptt.cc/bbs/Bunco/M.1766099614.A.5E0.html",ptt,Fri Dec 19 07:13:31 2025
[新聞] 宜蘭前社工涉投資詐騙 8人合計損失上千萬,https://www.ptt.cc/bbs/Bunco/M.1766096655.A.816.html,"宜縣府前社工涉投資詐騙 8人合計損失上千萬
https://news.ltn.com.tw/news/Yilan/paper/1736444
記者王峻祺／宜蘭報導

宜蘭資深李姓社工離職後，以投資房產、開設租賃車行為由，邀前同事、服務個案投資，
保證「穩賺不賠」，未料支付不到三期貸款後延遲還款，導致有人背負百萬債務，初估八
人受害，損失千萬元。宜蘭縣政府社會處證實，縣府有二名社工受害。

四十多歲李姓社工是宜蘭人，曾任職縣政府社會處、家扶基金會及世界展望會等機構，約
二年前離開社工界，到外縣市開設租賃車公司，仍與前同事、服務個案保持聯繫。

受害者指出，李男與多名前同事聯繫，以信貸借款給他購買房地產，藉此賺取價差，每年
會給二萬四千元分紅，或買車當租賃車，會幫忙繳貸款，每輛車給五千至一萬元不等回饋
，車子租出去，每半年會再給六千元。

受害者指出，李男繳了幾期貸款就沒繳，遲遲推託，最後把車子丟在路邊，車主取回時已
撞得破破爛爛，受害人背負百萬元貸款無力償還。

由於李男遲不出面還錢，受害者相互聯繫發現至少八人受害，每人約背負一百五十萬元不
等債務，總額逾一千萬元。

縣府社會處表示，李男二〇二一年九月至二〇二三年六月曾在縣府服務，任職時間一年十
月，很遺憾曾經助人的社工變成詐欺者，經查府內有二名社工受害，八月已協同向警方報
案提告背信與詐欺。

--
Mr.
Raindrop, falling away from
me now.
/
/
∕︵︵︵︵︵︵︵﹨
Mr. Raindrop, falling away form me now.
/
/
◢██◣
∥
/     /
Do you know how much you mean to me, why must you leave?
⊙
⊙
∥
I'm just a flower on a tree, why must you leave?
◢
▆
/
/
Mr.
Raindrop, falling away from
me now.
--
※ 發信站: 批踢踢實業坊(ptt.cc), 來自: 111.243.12.82 (臺灣)
※ 文章網址:
https://www.ptt.cc/bbs/Bunco/M.1766096655.A.816.html",ptt,Fri Dec 19 06:24:06 2025
[新聞] 詐團手法升級　無人機房、詐騙電話可偽裝,https://www.ptt.cc/bbs/Bunco/M.1766025184.A.E1F.html,"詐團手法升級　無人機房、詐騙電話可偽裝
https://www.cna.com.tw/news/asoc/202512170211.aspx
（中央社記者盧太城台東縣17日電）台東縣警察局破獲一起詐騙案，詐團的機房不需要有
人也能運作，機房內的網路電話交換機，可將詐騙電話轉成未顯示號碼，或是移花接木顯
示地檢署等公家機關電話。

台東縣政府警察局今天下午召開「台東縣警察局打詐成效暨防詐記者會」，警察局長蔡燕
明表示，台東縣11月份受理詐騙76件、財損金額新台幣3240萬1000元，其中財損金額最高
為假投資詐騙，遭詐1415萬元，占整體43.67%，顯示此類詐騙手法仍具高度危害，亟需持
續防治及宣導。

蔡燕明分析，假投資詐欺案件嫌疑人以「高收益」、「投資回報率高」等話術引人上鉤，
要求被害人多次匯款，創設人頭公司企圖遮掩犯罪所得，11月台東警方破獲詐欺集團12團
共52人到案，查扣不法所得252萬4500元。

台東縣警察局刑警大隊長溫裕宏表示，破獲詐團中發現詐團手段更精進，利用IP-PBX網路
電話交換機，轉接境外網路電話至國內機房內，將詐騙電話轉為「未顯示號碼」，再冒充
檢警機關行騙。

而交換機設置完成後，不需派員操作也能順利運轉，具無法過濾使用者、斷點多且難以偵
測等特徵，增加調查難度，經刑警大隊科技犯罪偵查隊及台東分局偵查隊層層突破，成功
查扣8台IP-PBX網路電話交換機，有效阻斷詐騙機房運作。（編輯：謝雅竹）1141217


--
Mr.
Raindrop, falling away from
me now.
/
/
∕︵︵︵︵︵︵︵﹨
Mr. Raindrop, falling away form me now.
/
/
◢██◣
∥
/     /
Do you know how much you mean to me, why must you leave?
⊙
⊙
∥
I'm just a flower on a tree, why must you leave?
◢
▆
/
/
Mr.
Raindrop, falling away from
me now.
--
※ 發信站: 批踢踢實業坊(ptt.cc), 來自: 111.243.12.82 (臺灣)
※ 文章網址:
https://www.ptt.cc/bbs/Bunco/M.1766025184.A.E1F.html",ptt,Thu Dec 18 10:33:00 2025
[新聞] 私下交易遇詐騙　警點名Threads成高風險,https://www.ptt.cc/bbs/Bunco/M.1765898332.A.2C4.html,"私下交易遇詐騙　台中警點名Threads成高風險平台
https://cnews.com.tw/204251216a07/
CNEWS匯流新聞網記者謝東明／台北報導

台中市第四警分局員警分析資料發現，今年11月轄內單月受理了44件網路購物詐騙案件，
較10月增加了14件，成長幅度明顯。其中以Threads平台發生的案件最多，共27件，占比
高達64%，已超越傳統的臉書一頁式網購詐騙。第四警分局提醒，受騙內容多為演唱會門
票及明星周邊商品等，詐騙集團常以低於市價、限時搶購等話術，誘使年輕人脫離平台私
下交易。

第四警分局表示，隨著聖誕節將屆，民眾開始瘋上網購買交換禮物，詐騙集團也趁勢操作
「節慶優惠」、「限量倒數」等行銷手法，預期網路購物詐騙，恐再掀一波高峰。而且網
路購物詐騙手法不斷翻新，受害族群則逐漸年輕化，時下最流行的「不懂就問脆」的
Threads網路平台，近來已成為年輕族群，瀏覽資訊與交易的新管道，卻也成為詐騙集團
下手的溫床。

第四警分局長蔡慶星，近日親自前往警察廣播電臺臺中分臺，宣導防詐。他就表示，過去
以「假投資」詐騙案件與財損金額居冠，但近期「網路購物詐騙」有明顯攀升趨勢，甚至
在部分月份，超越假投資案件。依第四警分局統計，今年1至11月，網路購物詐騙案件以
20至29歲族群最多，尤其是學生族群，慎防「網路購物詐騙」與「演唱會門票、明星周邊
詐騙」等陷阱。

分局長蔡慶星再三強調，民眾可牢記3大防詐口訣，包括「太便宜，就是陷阱」、「客服
叫你加 LINE，一律是詐騙」、「要求提供OTP或操作ATM，百分之百是詐騙」，一旦發現
異常，應立即停止交易並查證。

第四警分局呼籲，民眾務必選擇具有第三方支付的正規平台交易，避免私下透過通訊軟體
與陌生人交易；若不慎受騙，務必保留對話紀錄與交易證據，並立即撥打165反詐騙諮詢
專線或110報案。警察將持續透過「165打詐儀錶板」，公布最新詐騙手法，讓民眾降低受
害風險，守護自身財產安全。

照片來源：台中市警方提供

--
Mr.
Raindrop, falling away from
me now.
/
/
∕︵︵︵︵︵︵︵﹨
Mr. Raindrop, falling away form me now.
/
/
◢██◣
∥
/     /
Do you know how much you mean to me, why must you leave?
⊙
⊙
∥
I'm just a flower on a tree, why must you leave?
◢
▆
/
/
Mr.
Raindrop, falling away from
me now.
--
※ 發信站: 批踢踢實業坊(ptt.cc), 來自: 36.227.128.99 (臺灣)
※ 文章網址:
https://www.ptt.cc/bbs/Bunco/M.1765898332.A.2C4.html",ptt,Tue Dec 16 23:18:49 2025
[新聞] 日本人落地台灣秒遭詐騙！移民署回應,https://www.ptt.cc/bbs/Bunco/M.1765898270.A.DA3.html,"日本人落地台灣秒遭詐騙！假QR Code手法曝 移民署回應了
https://www.nownews.com/news/6765688
近年來詐騙手段層出不窮，連來台灣觀光的遊客，一不小心也會上當。一名日本女遊客透
露，來台灣旅遊時在機場入境審查區，看到「廣告旗幟」寫著旅客要上網填寫入境卡，她
掃描並輸入資料後，就騙走8000日元（約新台幣1623元）。我國移民署也發布聲明提醒。

日本《朝日電視台》報導，由於日中關係緊張，日本飛往台灣旅遊的旅客數量增加，但台
灣近期實施的旅遊手續政策變更，卻引發詐騙問題。外國旅客來台旅遊須填寫「入境卡」
，此前主要以紙本方式辦理，但自今年10月起，改成必須在入境前3天上網完成表格填寫
，且不需要任何費用。

一名20多歲的日本女遊客表示，自己11月來台時不清楚新規定，剛抵達桃園機場，就在入
境審查區看到許多廣告橫幅和旗幟，寫著「入境必須持有入境卡」，緊張的掃描上面的
QR Code，而在她填寫後，這個假網站彈出「您提交的護照信息需要支付處理費」，她為
此支付了約8000日元（約新台幣1623元）。

對此，內政部移民署今晚發布新聞稿說明，媒體報導有日本旅客入境，掃描機場現場QR
Code填報入國登記表遭詐騙，但國境事務大隊經常性確認現場所有入國登記表（TAIWAN
ARRIVAL CARD, TWAC）連結QR Code正確性，無報導所載有詐騙或付費網站詐騙旗幟或QR
Code情事。事實上，安全考量，機場港口都無設立宣導旗幟。

移民署提醒，今年10月起台灣推行網路填寫入國登記表完全免費，移民署所屬機場港口無
錯誤資訊，但旅客如果自行搜尋，的確有誤觸詐騙網站可能性，應認明正確網址
https://twac.immigration.gov.tw/
。

--
Mr.
Raindrop, falling away from
me now.
/
/
∕︵︵︵︵︵︵︵﹨
Mr. Raindrop, falling away form me now.
/
/
◢██◣
∥
/     /
Do you know how much you mean to me, why must you leave?
⊙
⊙
∥
I'm just a flower on a tree, why must you leave?
◢
▆
/
/
Mr.
Raindrop, falling away from
me now.
--
※ 發信站: 批踢踢實業坊(ptt.cc), 來自: 36.227.128.99 (臺灣)
※ 文章網址:
https://www.ptt.cc/bbs/Bunco/M.1765898270.A.DA3.html",ptt,Tue Dec 16 23:17:47 2025
[新聞] 誤信投資詐騙賺2000賠200萬 「會計復仇」,https://www.ptt.cc/bbs/Bunco/M.1765870626.A.ED4.html,"誤信投資詐騙賺2000賠200萬 「會計復仇」與警合作逮車手
https://reurl.cc/ZlNkYV
[周刊王CTWANT] 新北市42歲鄭姓女子日前誤信詐騙集團話術，誤以為能透過投資虛擬貨
幣獲利，先後投入232萬元，直到無法出金才驚覺被騙，於是與警方一同聯手，逮捕35歲
陳姓車手，全案依法送辦。

據了解，鄭女擔任會計為業，日前有不明帳號透過通訊軟體與她取得聯繫，對方自稱是台
商，每日對她噓寒問暖，鄭女在甜言蜜語下墜入情網，還以結婚為前提與對方交往。

詐騙集團眼見鄭女落入陷阱，於是邀請她從事虛擬貨幣「投資」，鄭女起初投入約4000元
，對方則反饋6000多元，鄭女以為真的能賺錢，於是在2個月間先後投入232萬元，直到鄭
女想要出金，對方卻敷衍推託，鄭女才驚覺被騙。

鄭女先是向永和分局報案遭遇投資詐騙，並至中和警分局秀山所補充說明，員警見鄭女與
詐團仍有聯繫，於是由所長陳正文聯繫並指導鄭女誘捕面交，一同合作約出車手。

警方指導鄭女12日假意邀約面交車手，準備交付50萬元，陳正文率4名警員於現場埋伏，
眼見陳男現身，立刻將他逮捕並搜索，在其身上查扣手機1支、假契約2張等證物。

陳男否認犯行，稱自己是受託來取款，警方則不相信其說詞，訊後依詐欺及洗錢防制法等
罪嫌將他移送新北地檢署，全案依法送辦。

--
Mr.
Raindrop, falling away from
me now.
/
/
∕︵︵︵︵︵︵︵﹨
Mr. Raindrop, falling away form me now.
/
/
◢██◣
∥
/     /
Do you know how much you mean to me, why must you leave?
⊙
⊙
∥
I'm just a flower on a tree, why must you leave?
◢
▆
/
/
Mr.
Raindrop, falling away from
me now.
--
※ 發信站: 批踢踢實業坊(ptt.cc), 來自: 36.227.128.99 (臺灣)
※ 文章網址:
https://www.ptt.cc/bbs/Bunco/M.1765870626.A.ED4.html",ptt,Tue Dec 16 15:37:02 2025
[新聞] Meta 為了守住中國百億廣告收入默許詐騙,https://www.ptt.cc/bbs/Bunco/M.1765870479.A.796.html,"Meta 為了守住中國 180 億美元的廣告收入，

如何透過「白名單」機制默許詐騙廣告全球擴散？
https://today.line.me/tw/v3/article/oq9WDMW
你也曾經在 Facebook 或 Instagram 平台收到詐騙訊息嗎？《路透社》近日披露，根據
Meta 內部涵蓋財務、遊說、工程與安全部門的資料顯示，近四年來 Meta 相當清楚平台
上詐騙的實際規模，卻不願採取可能傷害業務與營收的解決方案。

這份內部文件指出，2024 年 Meta 來自中國的廣告收入超過 180 億美元，占全球營收逾
一成，其中約 19%（超過 30 億美元） 來自詐騙、非法賭博、色情與其他違禁內容廣告
，可見詐騙廣告與中國廣告收入高度綁定。

《路透社》進一步指出，Meta 高層在多次內部討論後，選擇在政策與資源配置上退讓，
並要求執法團隊若要關閉詐騙帳戶，必須取得成長團隊同意，以避免「收入衝擊」。

中國詐騙廣告正在透過代理體系流向全球用戶，還享有「白名單」特殊保護
儘管 Facebook、Instagram、WhatsApp 等 Meta 核心社群媒體平台在中國被禁用，但中
國企業仍能透過第三方代理商對海外市場投放廣告，賺取數十億美元的收入。

因此，這些代理商成為中國廣告主進入 Meta 廣告體系的主要管道，Meta 會支付這些代
理商約 10% 的佣金，且允許經由頂級代理商購買廣告的中國企業，享有「白名單」的特
殊保護，意即當這些廣告被自動化系統標記為「違規」時，不會被立即移除，而是進入人
工二次審核。這種複雜且不透明的中介系統，也成為詐騙、非法賭博和違禁品廣告的溫床
。

《路透社》訪問幾位詐騙廣告受害者，但部分受害者指出，即使向平台檢舉，也難以追回
損失或獲得有效回應。Meta 回應稱，公司已投入大量資源打擊詐騙，並表示詐騙者會不
斷調整手法規避偵測。「詐騙者通常是由在全球範圍內運作的跨境犯罪網路驅動，複雜性
不斷增加，」Meta 發言人 Andy Stone 強調，Meta 在過去 15 個月內收到的詐騙廣告報
告已下降超過 50%，且今年已移除多達 1.34 億則詐騙廣告，並表示《路透社》取得的這
份內部文件是「曲解並誤傳事實」。

Meta 前主管揭內情：廣告詐騙在 Meta 內部已被視為「流行病」
前 Meta 誠信事務主管 Rob Leathern 在接受《Fortune》訪問時指出，廣告詐騙問題在
Meta 內部早已被視為「流行病」，並表示《路透社》的報導已經揭示 Meta 收入增長與
消費者損害之間的明顯矛盾。

Rob Leathern 警告，優先考慮短期收入而非信任最終會威脅到業務本身，因為「如果人
們不信任廣告商、不信任廣告，就會降低這個渠道對所有廣告商的有效性」。因此 Rob
Leathern 認為，如果 Meta 在阻止詐騙方面做得不夠好， Meta 本身業務也會直接或間
接地承擔很多風險。

《Fortune》指出，Meta 內部安全性團隊曾多次提出改革與防治方案，但未能改變公司的
優先順序。例如內部文件顯示，Meta 內部一個專門為打擊中國詐欺而成立的反詐騙團隊
，2024 下半年透過加強執法工具，成功將來自中國的違規廣告比例削減約一半，然而隨
後 Meta 執行長 Mark Zuckerberg 卻介入，暫停並解散這個中國廣告執法團隊的工作。

消費者安全通報與群眾回報平台 SafelyHQ 執行長 Patrick Quade ，也使用「流行病」
一詞來描述 Meta 平台上的廣告詐騙問題。 Patrick Quade 認為詐騙問題並非偶發，而
是廣告系統與成長導向激勵結構下的長期結果，「Meta 的系統正在用演算法將普通民眾
困在電子商務詐騙中，他們卻用政策保護著數百億美元的詐騙收入，」 Patrick Quade
說。

《路透社》實測 Meta 廣告審核漏洞，官方認證代理也能協助詐騙廣告上架
究竟 Meta 的廣告機制可能存在哪些漏洞？《路透社》記者親自測試 Meta 廣告審核流程
，這項實測顯示，即使透過 Meta 官方標示的「Trusted Experts」（可信專家）或「
Badged Partners」（徽章合作夥伴）代理商，也未能有效阻擋詐騙內容，因為記者非常
輕易地就刊登了詐騙廣告。

《路透社》記者採用的方法，是透過中介機構購買廣告帳戶，有些中介機構甚至公開宣傳
自己能規避 Meta 的審核規定。例如這位記者在購買廣告時公開說明自己的意圖，並刊登
違禁的加密貨幣廣告，但代理商並未拒絕，只是收取了稍高的佣金。

除此之外，Meta 系統中的 Advantage+ 功能還為這則詐騙廣告提供 AI 協助，為記者的
廣告生成 10 個不同的呈現方式，並使用新的視覺效果和文案。《路透社》報導，事件曝
光後，Meta 已將合作夥伴名單下架，重新展開檢視。

根據 SafelyHQ 的數據顯示，在超過 50,000 份經核實的投訴中，有 85% 提到 Facebook
，遠高於 Google、TikTok 和 X 等其他平台的總和，這也意味著，Meta 並非只是零星面
對詐騙問題，而是長期處於詐騙生態系的核心位置。當詐騙廣告能在平台上反覆出現、受
害者難以獲得有效回應，而相關收入又深度綁定廣告成長時，Meta 面臨的已不只是內容
審核或技術漏洞，而是一場關於平台治理、商業激勵與用戶信任如何取捨的結構性考驗。

＊本文開放合作夥伴轉載，參考資料：《Reuters》1、《Reuters》2、《Fortune》、《
New York Post》，首圖來源：Unsplash

--
Mr.
Raindrop, falling away from
me now.
/
/
∕︵︵︵︵︵︵︵﹨
Mr. Raindrop, falling away form me now.
/
/
◢██◣
∥
/     /
Do you know how much you mean to me, why must you leave?
⊙
⊙
∥
I'm just a flower on a tree, why must you leave?
◢
▆
/
/
Mr.
Raindrop, falling away from
me now.
--
※ 發信站: 批踢踢實業坊(ptt.cc), 來自: 36.227.128.99 (臺灣)
※ 文章網址:
https://www.ptt.cc/bbs/Bunco/M.1765870479.A.796.html",ptt,Tue Dec 16 15:34:36 2025
[新聞] 心靈大師詐騙癌末母子1300萬 「不繳學費,https://www.ptt.cc/bbs/Bunco/M.1765786858.A.4AD.html,"心靈大師詐騙癌末母子1300萬 「不繳學費必死無疑」授課講師遭起訴
https://udn.com/news/story/7321/9203492
新北市張姓婦人自封「心靈大師」，假藉開班講授「靜心課程」名義，長期對癌末的王姓
婦人及其兒子精神控制，謊稱可解決身心苦難、排除人際障礙，10年內詐騙這對母子1300
萬元學費，另有多名學員深受其害，總詐騙金額將近5300萬元；台北地檢署認為，張婦與
共同授課的陳姓老師行為惡劣，今依詐欺、恐嚇取財等罪起訴陳女，張婦今年9月死亡，
處分不起訴。


起訴指出，張婦以「帕拉淨心養生莊園企業社」名義，開設心靈成長課程，藉由過去曾出
版「變身為自己的大老闆」書籍、在外國受過心理訓練等話術，誘騙不知情民眾報名上課
，其中王姓母子分別於2013年、2021年加入該心靈課程，分別繳納684餘萬元、與650餘萬
元學費。


張婦會要求各學員居住在同一房屋內，其中王婦癌末被鎖定是身心脆弱的詐騙對象，張婦
常以「不繼續上課、不繳學費就會沒救了、必死無疑」等言語，對王姓母子施以精神控制
，母子被迫繳交繳學費和罰款，且須擔任看護、外送員賺取勞動報酬，最後再「上繳」。


據調查，張婦透過LINE群組嚴格監控學園生活，連何時洗澡都要回報，動輒以各種理由開
罰，王婦兒子罰款曾一天累積161萬元，總額高達1700多萬元。此外，張婦罔顧學員間的
性向及意願，下令學員們彼此相互結婚，透過婚姻掌握學員間的財務資訊，王婦兒子因繼
承祖母房產被盯上，因學費壓力輾轉出售房產。


起訴指出，張婦與陳女為強化絕對權威影響力，倘有學員不聽從指示，即以「自我突破」
等名義，要求學員青蛙跳、自行撞牆等方式自我懲罰，並令學員間相互監督，彼此毆打、
做猥褻動作、抑或在旁助勢觀看，王婦母子二人不堪長期受控，透過律師向初民刑事告訴
。


民事部分，法院認定張婦、陳女透過貶抑言語、恐嚇疾病復發及死亡各種話術，要求學員
向親友籌款繳交學費，所得款項被張婦等人提領一空，認定張婦、陳女以違背善良風俗方
法共同侵權，情節重大，上月判決應連帶賠償全數款項及利息。

--
Mr.
Raindrop, falling away from
me now.
/
/
∕︵︵︵︵︵︵︵﹨
Mr. Raindrop, falling away form me now.
/
/
◢██◣
∥
/     /
Do you know how much you mean to me, why must you leave?
⊙
⊙
∥
I'm just a flower on a tree, why must you leave?
◢
▆
/
/
Mr.
Raindrop, falling away from
me now.
--
※ 發信站: 批踢踢實業坊(ptt.cc), 來自: 36.227.128.99 (臺灣)
※ 文章網址:
https://www.ptt.cc/bbs/Bunco/M.1765786858.A.4AD.html",ptt,Mon Dec 15 16:20:49 2025
[新聞] 馬防部爆詐騙案！指揮官遭調職,https://www.ptt.cc/bbs/Bunco/M.1765627096.A.D6C.html,"馬防部爆詐騙案！指揮官「劉慎謨」遭調職　陸軍：配合偵辦
https://today.line.me/tw/v3/article/Ya5OvZ8
馬祖防衛指揮部，近期爆發大規模的軍紀案件，疑似有超過60名官兵出租帳戶、甚至做為
詐團人頭戶，由於案情不斷擴大，國防部火速將馬防部指揮官「劉慎謨」調職，並由六軍
團副指揮官「尹昌榮」接任，期盼能藉此穩定外島紀律，另外，同時成立國軍「詐欺防制
」工作小組，力拚全力止血。

巨大砲聲、火光震撼馬祖海域，陸軍馬防部「南竿守備大隊」混砲連，執行「航道封鎖」
實彈射擊捍衛北疆，不過現在馬防部卻爆出，有超過60名官兵，勾結詐騙集團出租帳戶涉
犯洗錢，而且檢方清查更發現，其中光是南竿守備大隊所屬的混砲連，就有多位官兵涉案
，尤其「南竿守備大隊長」首當其衝，遭到調職處分，另外馬防部指揮官，也受連帶處分
被拔官。

總統賴清德(2024)說：「我要恭喜，劉慎謨。」去年11月才剛升任馬防部指揮官，劉慎謨
到任剛滿一年多如今遭到調離，而來救火接掌馬防部的新任指揮官，就是他中將尹昌榮。

總統賴清德(11.25)說：「我要恭喜，尹昌榮。」月初才接任，六軍團副指揮官並且晉任
中將，尹昌榮如今火速北調馬祖接掌指揮權，被視為軍方穩定外島紀律，還有戰備的重要
布局。

國防安全研究院國防戰略所長蘇紫雲說：「馬防部重新對於組織管理，還有就是軍隊的風
氣跟紀律重新整頓，我想這都是基於政府一體防詐的，這個負責任的作為。」另外陸軍強
調為了釐清全案，將部分人員調離現職，持續配合檢調偵辦，並且成立「國軍詐欺防制工
作小組」要強化防詐，就盼能用最快速度止血穩定軍心。

--
Mr.
Raindrop, falling away from
me now.
/
/
∕︵︵︵︵︵︵︵﹨
Mr. Raindrop, falling away form me now.
/
/
◢██◣
∥
/     /
Do you know how much you mean to me, why must you leave?
⊙
⊙
∥
I'm just a flower on a tree, why must you leave?
◢
▆
/
/
Mr.
Raindrop, falling away from
me now.
--
※ 發信站: 批踢踢實業坊(ptt.cc), 來自: 111.243.9.168 (臺灣)
※ 文章網址:
https://www.ptt.cc/bbs/Bunco/M.1765627096.A.D6C.html",ptt,Sat Dec 13 19:58:12 2025
[新聞] AI詐騙盯上北榮院長 聖手推薦攏是假,https://www.ptt.cc/bbs/Bunco/M.1765506540.A.427.html,"AI詐騙盯上北榮院長陳威明 「台灣骨科聖手推薦」攏是假
https://www.ctee.com.tw/news/20251211700929-431401
台大醫院今年5月發現，時任院長吳明賢遭冒用身分，以人工智慧（AI）造假影片，販售
減重商品，還稱「買299元藥品加送3000元百貨禮券」。近期台北榮民總醫院院長陳威明
也遭不肖人士利用AI合成語音，打著「台灣骨科聖手推薦」的名義，販售「日本透骨膏」
，稱可治療肩周炎、腰椎間盤突出等。陳威明透露，每月網路上都出現詐騙廣告，不勝其
擾，這幾年至少處理了20件，他本人最多，連糖尿病、皮膚病、性功能障礙藥品都有，很
擔心民眾受害，已經報案。

北榮深夜於臉書發文指出，近期有不法人士盜用院長陳威明的肖像權，並利用AI合成語音
冒充院長身分進行詐騙，甚至販售來路不明的藥品，提醒民眾陳院長與北榮同仁從未、也
絕不會推銷任何藥品、醫材或保健食品。任何打著《陳院長推薦》《院長直播》《AI語音
》等名義販售商品的資訊，皆為詐騙。

近期的「日本透骨膏」詐騙廣告，利用陳威明肖像製作AI影片，聲稱產品採用最新細胞療
法，可「解凍」關節，修復損傷、逆轉退化，7天就能迎來新「膝」望，可治療肩周炎、
腰椎間盤突出、滑膜炎、坐骨神經疼痛。

陳威明表示，昨天看到詐騙廣告後，已拜託檢調友人處理，今天政風室也去報案。類似的
詐騙行為每個月都有，令他不勝其擾。近年來，他已處理了至少20件，不只他本人，院內
其他醫師也受害，只是冒用他身分的詐騙廣告最多。

「我什麼藥都有，糖尿病、皮膚病、性功能障礙、氣血不順、關節酸痛…真的哭笑不得」
。陳威明透露，檢調系統很幫忙，許多詐騙廣告都來自對岸。昨天出現的「日本透骨膏」
廣告，粉專名稱為「慈濟陳醫師」，可見詐團對他不了解，有可能也是來自對岸。

陳威明表示，冒名他的詐騙，從他擔任副院長就已經開始，當院長後變本加厲，這兩年更
多。很多病人會跑來門診說，「院長，那個藥真的有效嗎？我要去買」。現在AI詐騙猖獗
，聲紋都可以變造，榮總、各大醫院的院長沒有人會去幹這種事。最近余忠仁院長上任沒
多久，他的肖像也被冒用。

在北榮，陳威明嚴格規定，如果公開賣產品、涉及圖利，都會嚴辦。醫院同仁若圖利廠商
，他都會非常生氣。北榮是國家級醫學中心，應站在保護民眾的立場，「幫什麼人賣藥，
不存在我的字典裡面」。

陳威明說，我有時候在公開場合有一些演講，網路上找得到，聲紋容易被偽造。最近有個
流量很多的是「我叫陳健保」那段，2周300多萬人去點，「不必要的醫材，沒有功能差異
的藥品和醫材，本人不建議使用」，搞不好很多人都看過那段，這次他們（詐騙集團）很
聰明，先播那段，取得民眾的信任，後面再來廣告他們的藥，聲音一模一樣，甚至無法辨
認，這是非常可怕的事情。

這些廣告他一看到，就馬上處理，一刻都不會等，甚至半夜也會出手，就怕民眾受害，陳
威明提醒民眾務必提高警覺，勿受騙上當，也請協助向平台或警方檢舉，共同防堵不法行
為。

--
Mr.
Raindrop, falling away from
me now.
/
/
∕︵︵︵︵︵︵︵﹨
Mr. Raindrop, falling away form me now.
/
/
◢██◣
∥
/     /
Do you know how much you mean to me, why must you leave?
⊙
⊙
∥
I'm just a flower on a tree, why must you leave?
◢
▆
/
/
Mr.
Raindrop, falling away from
me now.
--
※ 發信站: 批踢踢實業坊(ptt.cc), 來自: 111.243.9.168 (臺灣)
※ 文章網址:
https://www.ptt.cc/bbs/Bunco/M.1765506540.A.427.html",ptt,Fri Dec 12 10:28:56 2025
[新聞] 吐槽沒受理小紅書詐騙！刑事局曝2年1706,https://www.ptt.cc/bbs/Bunco/M.1765349550.A.1AC.html,"吐槽沒受理過小紅書詐騙！刑事局曝「2年1706件」...狂電基層警
https://www.ettoday.net/news/20251210/3081691.htm
記者張君豪／台北報導

刑事局統計「165諮詢專線報案系統」數據，今年1月至11月，涉及「小紅書」平台(下稱
該平台)的詐騙案件數有756件，小紅書詐騙犯罪以「解除分期付款」、「假網拍」及「假
投資」案件居多，詐騙手法前5名依序為：假網拍有283件、解除分期付款196件、假投資
51件、假交友詐騙43件、色情應召詐財23件。

刑事局續追去年165統計資料：去年1月至12月小紅書涉詐案件共計950件；詐騙手法前5名
依序為：解除分期付款達477件、假網拍261件、假交友投資詐財39件、色情應召詐財36件
、邀約假投資詐騙29件。

其中最多的「解除分期付款」、「假網拍」及「假投資」等案件中，民眾多為透過小紅書
內建市集平台進行聯繫，詐團會導引被害人加LINE聯繫，引導被害人至7-11賣貨便、全家
好賣+等平台賣場進行交易，詐團透過聲稱無法完成訂購等話術，傳送賣場假客服網址、
LINE帳號，再假冒賣場客服以「未開通金流服務」、「未簽署託運條款」、「未完成實名
制認證」、「未簽署誠信交易」騙取被害人配合轉帳驗證，導致被害人誤信遭騙。

刑事局表示：今年8月至11月止，累計通報TWNIC（財團法人台灣網路資訊中心）執行5萬
8882組詐騙網站停止解析，針對台灣網路社群平台涉詐違規者，蒐報Meta網路廣告「未揭
露委託刊播者、出資者相關資訊、管理系統缺失及未限時下架詐騙廣告」之違法事證，今
年到11月底函請數發部裁罰3次，累計罰鍰1850萬元。

近日有警員反映沒受理過小紅書詐騙，刑事局解釋：第一線基層員警每天必須面對處理大
量案件，部分警員未受理小紅書平台案件，並不代表案件不存在，165系統確實有受理民
眾小紅書相關詐騙案件，刑事局會加強宣導，涉及公務上訊息，不應在網路上洩漏評論，
以免影響機關形象及公務倫理。

--
Mr.
Raindrop, falling away from
me now.
/
/
∕︵︵︵︵︵︵︵﹨
Mr. Raindrop, falling away form me now.
/
/
◢██◣
∥
/     /
Do you know how much you mean to me, why must you leave?
⊙
⊙
∥
I'm just a flower on a tree, why must you leave?
◢
▆
/
/
Mr.
Raindrop, falling away from
me now.
--
※ 發信站: 批踢踢實業坊(ptt.cc), 來自: 111.243.9.168 (臺灣)
※ 文章網址:
https://www.ptt.cc/bbs/Bunco/M.1765349550.A.1AC.html",ptt,Wed Dec 10 14:52:26 2025
[新聞] 集體勾串詐騙集團 馬防部67士官兵 賣帳號,https://www.ptt.cc/bbs/Bunco/M.1765240680.A.54A.html,"集體勾串詐騙集團 馬防部67士官兵 賣帳戶供洗錢
https://news.ltn.com.tw/news/society/paper/1735202
馬祖防衛指揮部（簡稱馬防部）爆發士官兵涉嫌集體勾串詐騙集團的軍紀弊案！疑有六十
七名士官兵以直銷的單線聯繫模式，提供蝦皮賣家帳號與個人銀行帳戶供詐騙集團犯案，
每月收取三千元到五千元不等的不法利益；主嫌曾姓上士涉違反洗錢防制法等案件已收押
禁見，另六十六名涉案士官兵清查偵辦中。

馬防部：依情節輕重懲處 最重恐汰除
馬防部將涉案士官兵移送連江地檢署偵辦，未來依涉案情節輕重懲處，最重恐列入軍方汰
除名單。

連江地檢署指出，依據銀行通報情資，得知有異常帳戶涉嫌不法洗錢及逃漏稅，經立案指
揮刑事警察局及連江縣警察局等機關偵辦，循線在今年十一月六日搜索不法逃漏稅及洗錢
集團，檢察官拘提馬防部曾姓上士到案偵訊後，認為曾嫌涉案重大，有串證之虞，向法院
聲請羈押禁見獲准，同日訊問出租蝦皮賣家帳號的被告六人後釋回。

檢方表示，本案尚有其他現役軍人近六十人，透過曾姓上士管道將蝦皮賣家帳號出租給不
法集團，金流及用途是否涉及詐欺，目前正在清查。

老鼠會單線領導方式 利誘被鎖定袍澤
據了解，這起提供個人帳戶供詐團使用的馬防部軍紀案，起初由曾姓上士充當上線，以「
老鼠會」方式，一個拉一個在軍中發展，私下對於較有互動的士官兵進行遊說，上線以經
營蝦皮網站需要賣家帳號為理由，採單線領導方式，利誘已被鎖定的袍澤，以每月數千元
不等的代價，提供帳戶供詐騙集團使用。

--
Mr.
Raindrop, falling away from
me now.
/
/
∕︵︵︵︵︵︵︵﹨
Mr. Raindrop, falling away form me now.
/
/
◢██◣
∥
/     /
Do you know how much you mean to me, why must you leave?
⊙
⊙
∥
I'm just a flower on a tree, why must you leave?
◢
▆
/
/
Mr.
Raindrop, falling away from
me now.
--
※ 發信站: 批踢踢實業坊(ptt.cc), 來自: 36.227.132.120 (臺灣)
※ 文章網址:
https://www.ptt.cc/bbs/Bunco/M.1765240680.A.54A.html",ptt,Tue Dec  9 08:37:56 2025
[資訊] 請小心脆上的賣貨便精品詐騙,https://www.ptt.cc/bbs/Bunco/M.1765076860.A.E75.html,"https://www.threads.com/@1988.bomb/post/DMxhNABy9f6/
轉發提醒
最近我常在網路上看到各種詐騙手法，真的防不勝防。
身為現在有一點點影響力的我，覺得有必要跟大家多宣導一下
這次的詐騙是在脆（Threads）上發送訊息，說什麼「免費送精品」或「限時特賣」，只
要付運費就好，聽起來超划算對吧？
但實際上，他們會丟一個假「賣貨便」連結給你，騙取你的個資，接著再假冒客服打給你
，把你騙到懷疑人生。
不是只有老人會被騙，連我們這年紀也可能中招！
記住：
天下沒有白吃的午餐
看到賣貨便系統的陌生連結要特別小心
請勿點擊來路不明的網址
讓我們一起把這些詐騙手法曝光，保護更多人

--
Mr.
Raindrop, falling away from
me now.
/
/
∕︵︵︵︵︵︵︵﹨
Mr. Raindrop, falling away form me now.
/
/
◢██◣
∥
/     /
Do you know how much you mean to me, why must you leave?
⊙
⊙
∥
I'm just a flower on a tree, why must you leave?
◢
▆
/
/
Mr.
Raindrop, falling away from
me now.
--
※ 發信站: 批踢踢實業坊(ptt.cc), 來自: 36.227.132.120 (臺灣)
※ 文章網址:
https://www.ptt.cc/bbs/Bunco/M.1765076860.A.E75.html",ptt,Sun Dec  7 11:07:34 2025
[新聞] 不敵假女兵 老兵落入感情詐騙圈套險被騙,https://www.ptt.cc/bbs/Bunco/M.1765075100.A.027.html,"不敵「假女兵」 老兵落入感情詐騙圈套險被騙4萬元
https://news.ltn.com.tw/news/Taipei/breakingnews/5270302
七旬陳姓老翁透過手機通訊軟體Line，輾轉認識一名自稱在敘利亞服役的韓裔美籍女子，
對方每天對他噓寒問暖，發動柔情攻勢，讓他以為自己正展開一場跨國網戀。隨後對方謊
稱自己攜帶鉅款飛來台灣，要與陳共度餘生，卻在機場被海關扣留，要他幫忙繳交4萬元
「手續費」才能放行。陳不察，跑去銀行要領錢，幸虧被警方與行員聯手阻止他落入圈套
。

保七總隊第一大隊警方公布這組詐騙集團的行騙話術，同時也呼籲民眾，凡以感情為名要
求匯款，無論是生病、投資或海關扣留包裹，皆屬常見詐騙手法。若遇可疑情形，請立即
撥打165查證，守護自身財產安全。

警方調查，住在彰化的七旬陳姓老翁是名退伍老兵，他4個月前透過手機通訊軟體認識一
名自稱是「Kim Mary」的韓裔美籍女子；陳老來寂寞，經常跟她傳訊息聊天，對方聲稱自
己在敘利亞服役，每天對他噓寒問暖，還說自己役期即將結束，未來將會飛來台灣要與他
共度餘生。

陳臨老入花叢，以為自己陷入跨國戀情，樂得春風滿面。不過，「Kim Mary」近期聲稱已
搭機來台，但因攜帶大筆鉅款入境時被海關查扣，要繳交4萬元才能放行入境。

陳信以為真，慌張跑到台灣銀行彰化分行要辦理解優存借資4萬元，行員詢問他卻交代不
清，行員隨即通報駐守的保七總隊第一大隊警方。

員警釐清來龍去脈後，發現陳落入典型的愛情詐騙手法，員警經過他同意後檢視其對話紀
錄，發現對方用字遣詞都是簡體中文，更有許多不合理之處，員警苦心勸說，他最終才發
現自己受騙，當場打消提款念頭。


--
Mr.
Raindrop, falling away from
me now.
/
/
∕︵︵︵︵︵︵︵﹨
Mr. Raindrop, falling away form me now.
/
/
◢██◣
∥
/     /
Do you know how much you mean to me, why must you leave?
⊙
⊙
∥
I'm just a flower on a tree, why must you leave?
◢
▆
/
/
Mr.
Raindrop, falling away from
me now.
--
※ 發信站: 批踢踢實業坊(ptt.cc), 來自: 36.227.132.120 (臺灣)
※ 文章網址:
https://www.ptt.cc/bbs/Bunco/M.1765075100.A.027.html",ptt,Sun Dec  7 10:38:16 2025
[新聞] 台灣成「詐騙練兵場」？志祺七七教三招,https://www.ptt.cc/bbs/Bunco/M.1764665135.A.17C.html,"台灣成「詐騙練兵場」？《志祺七七》攜手刑事局教「三招破解最新詐騙陷阱

文／記者林秉潔
https://reurl.cc/qKrY8y
全民「普發1萬元」現金正式開跑，不過這也讓詐騙集團有機可趁，偽冒政府機關發送假
簡訊，亂槍打鳥誘騙民眾，加上AI淪為助長犯罪工具，讓民眾防不勝防，但究竟台灣詐騙
事件為何層出不窮、台灣人真的這麼好騙嗎？《志祺七七－強者我朋友》Podcast這回邀
請台灣刑事局預防科莊明雄科長一起破解詐騙手法、找出突破台灣防詐困境關鍵；其中，
莊明雄科長就點出，台灣地理環境密集加上頻繁使用網路，平均一人就有兩個以上網路，
因此也讓詐騙集團更容易接觸到民眾。


「台灣是所有詐騙集團的練兵場，只要台灣騙得成功，其他國家都騙得成功。」根據亞洲
詐騙調查報告，台灣詐騙事件名列前茅，約72%台灣民眾一年內曾被受騙，另外，165打詐
儀表板也顯示，光今年8月國人詐騙總受害金額就高達73億多，顯示詐騙無所不在；莊明
雄科長在節目中表示，國人平均每18人就有1人被騙，以往詐騙集團透過電話方式主動接
觸，不接電話就能避免被詐騙，但現在利用AI製作假廣告，再宣稱可提供高收益投資，等
於只要等待民眾主動掉進詐騙陷阱。


不過，讓主持人志祺七七好奇是台灣最常見的詐騙手法到底有哪些？莊明雄科長也舉例，
像演唱會實名制門票，仍並非萬無一失，詐騙集團透過社群平台私下交易，利用時間壓力
讓買家匆忙下單，等買家付款後就消失無蹤。另外，近年來還有「假賣家騙買家」以及「
假買家騙賣家」的詐騙手法，前者因個資外洩，讓詐騙集團以工作人員扣款疏失為由，謊
騙民眾赴ATM操作「解除分期付款」設定，後者則是假買家謊稱金流被凍結，要求賣家做
物流認證完成交易，接著又是赴ATM做金流認證。莊明雄科長強調，但ATM就只能轉帳，根
本沒有所謂認證功能。


此外，愛情詐騙也層出不窮，甚至有些人被詐騙了仍執迷不悟；對此，主持人志祺七七認
為，詐騙集團看準人性面向，利用某些人渴求陪伴等弱點趁虛而入，說不定詐騙名單還因
此被交流，讓詐騙集團專攻這些受害者，使得詐騙事件一而再、再而三發生，這也反映了
社會某些層面的問題。


「每一場查緝行動對於詐騙集團都是成本。」面對層出不窮的詐騙事件，也不能坐以待斃
，莊明雄科長認為，預防勝於治療，回歸最根本還是得從管理面著手；他說：「首要得想
辦法避免民眾接觸到詐騙訊息，包括金融、電信到網路管理，至於刑法部分，光透過警察
不斷查緝僅治標不治本，尤其對於『詐騙車手』而言，執行處罰部分一定要有配套措施，
如強制輔導、公益服務或保護管束等執行。


但究竟想預防被詐騙該怎麼做？莊明雄科長在節目中也強調，民眾可利用打詐儀表板查詢
最新案例，若年長者則可直接撥打24小時的165反詐騙專線尋求協助，即使發現自己遭到
詐騙，165反詐專線還是有機會能協助圈存並動結金流，最重要謹記「一聽、二掛、三查
證」識詐3步驟，不要跟詐騙集團周旋，不理會就是保護自身財產安全最好的方法。

「全民一起反詐騙」聚焦最新、最熱門的詐騙手法與真實案例，提供165打詐儀錶板等政
府、民間資源連結，助你快速建立反詐防線，成為自己與家人的反詐小尖兵。




--
Mr.
Raindrop, falling away from
me now.
/
/
∕︵︵︵︵︵︵︵﹨
Mr. Raindrop, falling away form me now.
/
/
◢██◣
∥
/     /
Do you know how much you mean to me, why must you leave?
⊙
⊙
∥
I'm just a flower on a tree, why must you leave?
◢
▆
/
/
Mr.
Raindrop, falling away from
me now.
--
※ 發信站: 批踢踢實業坊(ptt.cc), 來自: 111.243.17.241 (臺灣)
※ 文章網址:
https://www.ptt.cc/bbs/Bunco/M.1764665135.A.17C.html",ptt,Tue Dec  2 16:45:30 2025
[新聞] 12天狂掃48詐騙集團！屏警查獲不法財產,https://www.ptt.cc/bbs/Bunco/M.1764337554.A.5F1.html,"12天狂掃48詐騙集團！屏警查獲不法財產「70萬枚泰達幣」　大量現金、車輛
https://www.tcpttw.com/other/other_local/2025/11/28/222403/
【Lai傳媒、記者爆料網 金東天／屏東報導】



屏東縣政府警察局在今（114）年11月10日至11月21日配合全國同步打詐行動專案，對各
類詐欺集團發動全面性強力掃蕩，在12天內，一口氣瓦解48個詐騙集團、查獲197名嫌犯
，查扣車輛25部、現金近2,000萬元、虛擬貨幣泰達幣70萬餘枚（價值約2,165萬元），以
及多筆不動產等，累計查扣高達上億的不法財產，更同步檢肅幫派成員逾20人。



警方指出，專案期間破獲多起重大案件，包含跨縣市詐騙集團據點、虛擬貨幣交易所、8
處跨境話務機房，甚至查獲四海幫成員、律師、地政士等黑幫分子及專業人士涉詐。



警方表示，除了在打詐有亮麗的成效外，也一舉將危害地方的暴力分子緝捕到案，檢肅4
名治平目標及17名共犯，屏東縣今年迄今的詐欺案件與財產損失呈現雙降趨勢：詐欺案件
下降17%、財損下降10%，攔阻金額更成長16%，總計守住鄉親近1億8,361萬餘元財產。同
時，警方共破獲詐欺集團81件586人，查扣不法所得較去年成長4倍以上。


--
Mr.
Raindrop, falling away from
me now.
/
/
∕︵︵︵︵︵︵︵﹨
Mr. Raindrop, falling away form me now.
/
/
◢██◣
∥
/     /
Do you know how much you mean to me, why must you leave?
⊙
⊙
∥
I'm just a flower on a tree, why must you leave?
◢
▆
/
/
Mr.
Raindrop, falling away from
me now.
--
※ 發信站: 批踢踢實業坊(ptt.cc), 來自: 111.243.30.34 (臺灣)
※ 文章網址:
https://www.ptt.cc/bbs/Bunco/M.1764337554.A.5F1.html",ptt,Fri Nov 28 21:45:49 2025
[新聞] LTN經濟通》太子集團不止詐騙 還滲透帛琉,https://www.ptt.cc/bbs/Bunco/M.1764216926.A.B63.html,"LTN經濟通》太子集團不止詐騙 還替中國滲透我友邦帛琉
https://ec.ltn.com.tw/article/breakingnews/5257637
太子集團在帛琉進行「掠奪性投資」

〔財經頻道／綜合報導〕今年10月，美國司法部公布起訴案，柬埔寨跨國企業集團「太子
集團控股」（Prince Holding Group）以電匯詐欺、洗錢與強迫勞動手法經營「殺豬盤」
詐騙，同時也列為跨國犯罪組織（TCO），其中包含3名台灣籍人士與9家在台註冊公司。

陳志出生於中國福建，擁有英、柬國籍，美國司法部安全部門主管艾森柏格（John
Eisenberg）形容他是「龐大詐騙帝國的幕後首腦」，其投資詐騙規模為歷來最大之一，
並涉嫌行賄外國官員，透過網路博奕與加密貨幣挖礦進行洗錢。

美國財政部10月14日的新聞稿指出，美方與英國外交、聯邦和發展事務部（FCDO）密切協
調，聯手對透過網路詐騙和洗錢等手段，以美國和其他盟國公民為目標的太子集團控股採
取了互補行動。集團首腦陳志遭美國制裁並遭沒收資產，並依電信詐欺、洗錢等罪嫌起訴
。

此外，美國財政部也重點關注了太子集團控股在「帛琉」（Palau）日益擴張的業務。該
集團與已知的有組織犯罪團夥合作，租用一座島嶼並興建度假村。美國財政部採取此行動
，是為了支持帛琉持續努力，防範源自中國的跨國犯罪集團的「掠奪性投資」。

在太平洋的碧海之間，帛琉看似遠離大國角力，卻正悄悄成為投資與影響力競逐的前線。
近年來，中國背景資金與大型開發企業，包括太子控股集團，相繼在當地取得土地與興建
度假村，引發外界對「掠奪性投資」與地緣政治滲透的疑慮。從海岸線的長租契約到錯綜
複雜的跨境金流，帛琉社會逐漸意識到，這些投資不僅改變經濟面貌，更可能重塑外交方
向。不少分析認為，這些組織更被中國政府利用來推動政治目的，企圖「動搖台帛邦交」
。

位在柬埔寨金邊太子國際廣場。（資料照，法新社）
位在柬埔寨金邊太子國際廣場。（資料照，法新社）

太子集團在帛琉投資可窺視美軍陸地

今年3月《自由亞洲電台》報導，台灣與帛琉政府均收到警告，指出來自柬埔寨企業集團
「太子集團」的投資提議，對兩國的安全與主權構成威脅。美國智庫「太平洋經濟學」（
Pacific Economics）指出，太子集團「深度涉入跨國犯罪活動」，除此之外，其秘密的
跨國關係也可能被北京利用，成為其在海外施加影響力的後門。

儘管太子集團向柬埔寨《金邊郵報》發表聲明，稱智庫的結論具有「誹謗性」，並否認集
團在帛琉有任何投資。然而，根據《自由亞洲電台》取得的公司紀錄，太子集團首腦陳志
被列為帛琉公司「Grand Legend International Asset Management Group Co, Ltd」（
Grand Legend）的董事與持有該公司37.5%的股份。

《路透》今年4月的報導指出，陳志旗下的太子控股集團透過Grand Legend公司，與帛琉
境內涉及組織犯罪的王國丹（Rose Wang）合作，在Kayangel州及帛琉國際機場周邊進行
大規模土地租賃與投資，鄰近美軍基地或可俯瞰這些設施的土地，包括科羅港、帛琉機場
以及雷達站，因而引發安全疑慮。

王國丹是帛琉的旅館業者，同時被外界認為具有跨國犯罪背景。她過去曾協助太子控股在
帛琉建立營運據點，並負責Grand Legend的多項在地行政事務。她也在協助下促成該公司
取得帛琉恩格貝拉斯島（Ngerbelas Island）長達99年的租約，用於規劃打造高級度假村
。

美國駐帛琉大使Joel Ehrendreich表示，中國在帛琉採取的手法與其在太平洋其他地區所
用的策略相同。他警告說，北京正利用有組織犯罪滲透帛琉，贏取政治領袖的支持，並在
島上建立立足點。

2017年，中國國家旅遊局近日通知所有中國旅行社將台灣的邦交國梵蒂岡和帛琉從目的地
清單中移除。（資料照，歐新社）
2017年，中國國家旅遊局近日通知所有中國旅行社將台灣的邦交國梵蒂岡和帛琉從目的地
清單中移除。（資料照，歐新社）

中國安全部門試圖買進帛琉報紙

帛琉的金融環境相對寬鬆，外國企業可以迅速註冊公司、租賃土地並進行跨境匯款。這本
是小國吸引投資的方式，但也因此成為跨國灰色資本進出的「安靜通道」，而令人關注的
是，部分金流與帛琉境內某些中資或中資背景企業有交集。

2023年，組織犯罪與貪腐舉報計畫」（OCCRP）公布調查指出，帛琉最老報紙「帛琉報」
（Tia Belau）曾與一家公司簽署媒體合作協議，但該公司後來被發現與中國安全部門有
聯繫。雖然交易最終未能完成，但這凸顯了中國試圖影響太平洋國家的努力。

「帛琉報」創辦人烏祿東（Moses Uludong）一直是帛琉推動與中國建立更密切關係的孤
獨聲音。他在2018年受到帛琉當地中國商人邀約合作簽訂了一項協議，計畫成立一個新的
媒體集團，他相信這將有助於恢復某種平衡，然而，他並未意識到，這個計畫背後的投資
者與中國警察及軍方有關聯。

專家指出，這個案例展示了中國如何透過政治壓力和資金，影響包括媒體在內的當地精英
，以擴展在太平洋地區的影響力。在像帛琉這樣承認台灣的國家，這些手段可能更加複雜
。

帛琉社會不像大國那樣有龐大經濟體可以緩衝任何大筆資金的進出，一筆不乾淨的投資就
足以撼動整個產業，一個犯罪集團的滲透甚至能左右政治人物的行為。中國在太平洋的外
交攻勢已行之有年，從一帶一路到漁權合作，再到基礎建設援助，中國已在數個南太平洋
國家取得深度影響。有人戲稱，中國跨國投資就是「帶著鈔票的外交」。

台灣國旗在帛琉一家超市外飄揚。（資料照，歐新社）
台灣國旗在帛琉一家超市外飄揚。（資料照，歐新社）

中國利用控管遊客 向帛琉施壓

帛琉的變化並不是一夜之間發生，而是從十多年前緩慢開始，最明顯的轉折點則出現在
2018年之後。據《BBC》報導，幾年前，帛琉的船隻滿載遊客，許多來自中國，都被帛琉
的潟湖和石灰岩洞穴吸引，飯店客滿，餐廳熱鬧非凡，漁夫們幾乎跟不上需求。

而且，這一切已成過去，當年的那波繁榮突然崩盤，事實上並非意外。2015年至2017年間
，中國遊客佔據了該國約一半的訪客，然而，2017年北京下令旅行社停止銷售前往帛琉的
旅行套餐，嚴重削減了當時該群島的主要旅遊來源。

帛琉官員認為這個訊息很明確，他們說，中國利用龐大的出境遊人群，作為向台灣邦交國
施壓行動的一部分，試圖讓帛琉轉向北京的懷抱。當中國突然限制旅客前往帛琉時，帛琉
旅館業者立即陷入恐慌，這也證明了中國能在短時間內對帛琉造成經濟壓力。

但這不僅僅是外交拉鋸戰，帛琉的位置使其成為世界強國尋求影響力的理想目標，它位於
太平洋「第二島鏈」上，這是美國視為遏制中國軍事擴張並回應西太平洋任何侵略行動的
關鍵前哨。因此，中國、台灣與美國之間的地緣政治權力鬥爭，正滲透到這個不到2萬人
口的小國日常生活中。

帛琉總統惠恕仁（Surangel Whipps Jr.）告訴《BBC》「無論我們做什麼，帛琉都會因為
位置而成為軍事活動的中心」他表示，中國正利用旅遊作為政治工具，施壓自己的國家斷
絕與台灣的關係。

美國國旗在帛琉的美國大使館外飄揚，帛琉的位置使其成為世界強國尋求影響力的理想目
標，它位於太平洋「第二島鏈」。（資料照，路透）
美國國旗在帛琉的美國大使館外飄揚，帛琉的位置使其成為世界強國尋求影響力的理想目
標，它位於太平洋「第二島鏈」。（資料照，路透）

帛琉政府限制高風險投資 降對中國依賴

中國對帛琉真正的影響力或許並非來自旅客，而是來自比遊客更快、更安靜湧入的資本。
帛琉是台灣的邦交國，且長期與美國關係密切，這使得中資必須以更間接、更民間化的方
式進入帛琉，商業投資也成為中國滲透帛琉及其他南太平洋島國的手段。中國企業接觸當
地政治人物、提供「合作機會」、資助社區活動，並透過旅遊政策控制帛琉的經濟呼吸。

起初，投資案看起來只是單純的旅館或度假村建案，伴隨旅遊潮而來的是中國企業的土地
收購、長租契約與興建申請。帛琉向來鼓勵外國投資，因此相關申請也未引起太多人注意
。但疫情後旅遊崩盤，當地企業受衝擊劇烈，反使中資以更快的速度取得土地及建案控制
權。

美國智庫「太平洋經濟學」建議帛琉政府完善投資環境，強化經濟韌性，防堵高風險投資
，並鼓勵正向投資，例如台灣在帛琉投資飯店、澳洲對帛琉的太陽能電廠投資，以及美國
在帛琉的基礎建設投資等，都是正向投資案例。

帛琉政府近年試圖加強審查，限制高風險投資，並增加與美國、台灣、澳洲的合作，以降
低對中國的依賴。然而，帛琉的財政狀況並不強，政府收入大部分來自旅遊與美國援助。

隨著全球地緣政治局勢升溫，太平洋不再是世界邊陲，而成為新的戰略核心。美國、澳洲
、日本、台灣與中國，都把太平洋視為未來十年的決戰舞台。帛琉因其地理位置，成為這
場新冷戰中的前線島國。

美國在帛琉擴大軍事部署，強化雷達系統，並與帛琉簽署新的防衛協議，以確保中國無法
在帛琉建立軍事或準軍事基地。台灣也透過醫療、教育合作加深與帛琉的連結。另一方面
，中國則持續以經濟優勢滲透帛琉。帛琉的風景依然優美，但在美景背後，海潮正帶來新
的故事，這個故事關乎土地、金流、外交，也關乎小國在大國競逐下如何尋找自己的位置
。


--
Mr.
Raindrop, falling away from
me now.
/
/
∕︵︵︵︵︵︵︵﹨
Mr. Raindrop, falling away form me now.
/
/
◢██◣
∥
/     /
Do you know how much you mean to me, why must you leave?
⊙
⊙
∥
I'm just a flower on a tree, why must you leave?
◢
▆
/
/
Mr.
Raindrop, falling away from
me now.
--
※ 發信站: 批踢踢實業坊(ptt.cc), 來自: 111.243.30.34 (臺灣)
※ 文章網址:
https://www.ptt.cc/bbs/Bunco/M.1764216926.A.B63.html",ptt,Thu Nov 27 12:15:23 2025
[新聞] 誆稱「日賺1%保證獲利」　假App詐騙吸金,https://www.ptt.cc/bbs/Bunco/M.1764216629.A.9D0.html,"誆稱「日賺1%保證獲利」　假App詐騙吸金高達6億
https://news.cts.com.tw/cts/society/202511/202511262537982.html
調查局日前接獲跨境吸金集團情資，一名吳姓主嫌以虛構的「ETmeta App」為幌子，假借
投資虛擬幣之名，大舉吸金，號稱日賺1%並保證獲利，還在高檔酒店舉辦投資說明會，短
短幾個月就騙走6億，受害超過上百人。北檢偵結起訴，吳姓主嫌遭求刑10年。

面對鏡頭左閃右躲，還拿手擋住臉，他就是跨境吸金集團吳姓主嫌，而另一名則是假扮講
師的廖姓共犯，他們和對岸合組詐騙集團聯手吸金，ETMETA宣傳片：共同分享體育帶來的
經濟利益影片口白說：「這種創新的經濟模式，將為體育行業注入新的活力，帶來無限的
可能和機遇，共同分享體育帶來的經濟利益。」宣傳影片中，大談元宇宙跟體育間將迎來
新商機，觀眾除了看比賽還能從中獲利。

2024年6月APP宣布上線，吳姓主嫌與何姓女子，負責操盤虛擬貨幣金流，廖姓男子及洪姓
女子，則假扮講師開投資說明會吸客，聲稱一天就能賺1%保證獲利，短短45個月就吸金6
億，上百人受害。

大家舉杯慶祝，詐團還在高檔飯店舉辦招募酒會，以老鼠會的方式一個吸一個，ETmeta
App影片：用戶只要一鍵託管即可每日獲得穩定收益影片口白說：「普通用戶只需要參與
一鍵，託管即可每日獲得穩定收益。」直到有民眾無法操作APP時，主嫌謊稱因為平台在
進行改版，今年1月APP無預警被關閉，民眾才驚覺受騙。

北檢偵結起訴，認為他們對國家經濟秩序管理造成危害，其中吳姓主嫌之前涉其他案件被
判4年，如今再犯，這次檢方將他求處10年。


--
Mr.
Raindrop, falling away from
me now.
/
/
∕︵︵︵︵︵︵︵﹨
Mr. Raindrop, falling away form me now.
/
/
◢██◣
∥
/     /
Do you know how much you mean to me, why must you leave?
⊙
⊙
∥
I'm just a flower on a tree, why must you leave?
◢
▆
/
/
Mr.
Raindrop, falling away from
me now.
--
※ 發信站: 批踢踢實業坊(ptt.cc), 來自: 111.243.30.34 (臺灣)
※ 文章網址:
https://www.ptt.cc/bbs/Bunco/M.1764216629.A.9D0.html",ptt,Thu Nov 27 12:10:23 2025
[新聞] 加密貨幣 ATM 機成詐騙新工具：2.8 萬網,https://www.ptt.cc/bbs/Bunco/M.1764143729.A.86E.html,"加密貨幣 ATM 機成詐騙新工具：2.8 萬網點遍布全美，半年騙走 2.4 億美元
https://reurl.cc/laD5gd
加密貨幣 ATM 機在全美快速普及，卻成為詐騙分子瞄準老年人的新工具，FBI 數據顯示
，半年內涉案損失高達 2.4 億美元。本文源自 The New York Times 所著文章，由
Foresight News 整理、編譯及撰稿。
（前情提要：澳洲男發現ATM「無限領錢Bug」搭私人飛機包下飯店，代價僅是坐一年牢
）
（背景補充：比特幣ATM須強制KYC、單筆交易上限1000美元，美國威斯康辛州提新法加強
監管 ）

本文目錄
加密 ATM 機的興起與監管挑戰
業者回應與防詐努力
受害者的慘痛經歷


遍布便利商店、加油站的加密貨幣 ATM 機，看似便捷的現金兌幣終端，實則成了詐騙分
子瞄準老年人的吸金陷阱。存款即消失的背後，是一場場精心設計的騙局。

威斯康星州格拉夫頓市的房地產經紀人 Mary Handeland，去年在一款約會軟體上結識了
一位配對對象。對方自稱 Mike，是德克薩斯州一家國防承包商的工程師。

經過兩個月的簡訊和電話溝通，71 歲的 Handeland 收到了 Mike 的告白。緊接著，
Mike 向她提出了借錢的請求。

Handeland 被要求將現金存入一種名為「加密貨幣 ATM 機」的設備中。這類自助終端常
見於雜貨店、加油站和菸草店，外形與傳統 ATM 機相似，但能將現金兌換為加密貨幣。

從去年 10 月開始，Handeland 透過 19 筆交易，向這些機器存入了 9.83 萬美元。最終
，所有錢都不翼而飛，Mike 也消失了，而這個身份從頭到尾都是虛構的。

「我至今都不知道自己當時怎麼了，」Handeland 說，「那種被操控的感覺，就像陷入了
某種漩渦。」

Handeland 的遭遇讓加密貨幣 ATM 機成為焦點。這類設備在全美迅速普及，卻因淪為詐
騙工具而受到密切關注。美國財政部金融犯罪執法網路的數據顯示，加密貨幣 ATM 機的
營運點已至少達到 2.8 萬個，是富國銀行 ATM 機數量的兩倍多。

Mary Handeland 在 19 筆交易中向加密貨幣 ATM 機存入了 98,300 美元，最終全部消失
了

這些由 Bitcoin Depot、CoinFlip 和 Athena Bitcoin 等公司營運的自助服務終端，幫
助人們在實體場所將現金兌換成加密貨幣。用戶存入現金後，營運商會將對應金額的加密
貨幣轉入用戶的加密貨幣帳戶，並收取交易手續費。

但執法部門表示，這些自助終端已成為金融犯罪的溫床。去年，美國聯邦調查局 (FBI)
網路犯罪投訴中心收到了近 1.1 萬起與這類設備相關的投訴，涉案損失總額達 2.467 億
美元。FBI 估計，今年前 7 個月，涉及加密貨幣 ATM 機的詐騙造成的損失約為 2.4 億
美元。

加密貨幣行業長期深陷洗錢和詐騙醜聞，ATM 機相關犯罪只是其中一角。但資產追蹤公
司 Asset Reality 的執行長 Aidan Larkin 指出，這類設備的特殊性在於易於獲取，且
專門針對弱勢群體。

「對於技術水準較低、缺乏科技產品使用經驗的受害者來說，加密貨幣 ATM 機是詐騙分
子最容易榨取其財產的方式。」他說。

加密貨幣分析公司 TRM Labs 的資料顯示，2024 年至 2025 年上半年，加密貨幣 ATM 機
涉及非法交易的比例，是整個加密貨幣行業平均水準的 17 倍以上。

加密 ATM 機的興起與監管挑戰
自 2009 年比特幣誕生後，這類設備開始出現在咖啡廳、便利商店和加油站。Bitcoin
Depot 成立於 2016 年，創辦人 Brandon Mintz 當時剛大學畢業。他曾表示，創辦公司
的初衷是搭建加密貨幣 ATM 機網路，讓沒有銀行帳戶或難以透過其他管道購買加密貨幣
的人也能接觸比特幣。

邁阿密一家便利商店裡的比特幣 ATM 機。據美國財政部資料顯示，加密貨幣 ATM 機營運
商至少遍布 28000 個地點

2023 年，Bitcoin Depot 透過與特殊目的收購公司 (SPAC) 合併實現上市。該公司表示
，其營運的 ATM 機已超過 9000 台，是北美最大的加密貨幣 ATM 機網路。自成立以來，
該公司已處理 400 萬筆交易，交易總額達 33 億美元。

但執法部門稱，一旦現金透過這些機器兌換為加密貨幣，詐騙分子就能將這些加密貨幣轉
移到美國執法部門無法觸及的司法管轄區，受害者的損失幾乎無法追回。

加利福尼亞州、伊利諾州等十幾個州已開始限制加密貨幣 ATM 機的使用，部分州對交易
額度和營運商收取的手續費設定了上限。

2023 年加州就是否限制加密貨幣 ATM 機展開討論時，時任加州警察局長協會主席
Alexander Gammelgard 在給州議員的信中警告了這類設備的危害，支持相關監管提案。

他在信中寫道：「這些設備讓國際犯罪組織能夠竊取加州居民的資金，且無需任何銀行或
金融機構參與，而這些機構本可以幫助執法部門抓捕罪犯、追回被盜財產。」

同年，加州通過了一系列監管規定，將個人每日透過加密貨幣 ATM 機的交易額度限制在
1000 美元，手續費上限設定為 5 美元或交易金額的 15% (以較高者為準)。

業者回應與防詐努力
許多加密貨幣 ATM 機營運商表示，詐騙相關交易僅占極小比例。Bitcoin Depot 的首席
法務官 Chris Ryan 今年向德克薩斯州議員表示，詐騙交易占該公司美國地區總交易的
2% 至 3%。該公司在一份聲明中稱，保護消費者是其首要任務，且擁有行業內最全面的合
規計畫之一。

營運著 1200 多台加密貨幣 ATM 機的 Byte Federal 表示，2024 年 7 月至 2025 年上
半年，詐騙受害者的交易占比僅為 1.2%。該公司執行長 Paul Tarantino 稱，對於 60
歲及以上的註冊用戶，公司會主動致電提醒潛在詐騙風險，成功阻止了 80% 以上的可疑
交易。

加密貨幣 ATM 營運商 Byte Federal 的執行長 Paul Tarantino 表示，該公司會在 60
歲及以上的客戶註冊時致電提醒他們注意可能的詐騙行為

許多加密貨幣 ATM 機營運商還在設備上張貼了詐騙警示，要求用戶確認存入的資金是轉
入自己的加密貨幣帳戶，而非他人管理的帳戶。他們同時表示會配合執法部門的工作。

為 ATM 機提供軟體支援的 Coinme 公司首席營運官 Sung Choi 表示，這家總部位於西雅
圖的公司在識別和阻止潛在欺詐交易方面不斷改進，但詐騙分子仍能找到規避防騙措施的
方法。

「無論我們多麼努力，詐騙分子的手段相當高明，而且似乎總能領先一步。」Sung Choi
說。

Athena Bitcoin 表示會努力防範欺詐，但無法控制用戶的決策，就像銀行無需為用戶取
款後轉給他人的行為負責一樣。CoinFlip 則稱其致力於防詐工作，且擁有高標準的合規
和透明度要求。

受害者的慘痛經歷
對於被誘導使用這類設備的詐騙受害者來說，後果可能是毀滅性的。2022 年，德克薩斯
州阿馬里洛市的退休護理師 Connie Ruth Morris 加入了巴西演員兼歌手 Daniel
Boaventura 的線上粉絲群後，開始收到一名自稱是 Boaventura 的人的簡訊。

經過幾天的簡訊溝通，對方向 72 歲的 Morris 表白，並要求她透過加密貨幣 ATM 機轉
帳，幫他償還個人債務，以便兩人共同購置房產。

結婚 45 年有餘的 Morris 答應了對方的請求。她說，在大約六個月的時間裡，她透過加
密貨幣 ATM 機存入了約 30 萬美元，還寄了四部 iPhone 手機和一張 200 美元的禮品卡
。

2023 年 5 月，Morris 告知丈夫，她要離開他，和 Boaventura 在一起。兒子告訴她，
她被騙了。

彼時，這個家庭的大部分儲蓄已經化為烏有。而 Morris 和她的丈夫後來也離婚了。

「我當時被洗腦得太嚴重，已經脫離了現實，」她說，「以前我總是能幫助兒子和孫輩，
現在卻做不到了。」

--
Mr.
Raindrop, falling away from
me now.
/
/
∕︵︵︵︵︵︵︵﹨
Mr. Raindrop, falling away form me now.
/
/
◢██◣
∥
/     /
Do you know how much you mean to me, why must you leave?
⊙
⊙
∥
I'm just a flower on a tree, why must you leave?
◢
▆
/
/
Mr.
Raindrop, falling away from
me now.
--
※ 發信站: 批踢踢實業坊(ptt.cc), 來自: 111.243.30.34 (臺灣)
※ 文章網址:
https://www.ptt.cc/bbs/Bunco/M.1764143729.A.86E.html",ptt,Wed Nov 26 15:55:26 2025
[新聞] 加密詐騙地理版圖：從矽谷到孟買，詐騙,https://www.ptt.cc/bbs/Bunco/M.1764143225.A.A0F.html,"加密詐騙地理版圖：從矽谷到孟買，詐騙不分國界
https://www.blocktempo.com/crypto-scam-global-geography-analysis/
加密貨幣發展初期，許多人認為詐騙是創新必然付出的代價，「專案跑路」或「退出詐騙
」僅限於網路上不受監管的角落裡的少數不法分子。

但多年過去，ZachXBT 等獨立調查記者逐漸揭露了一個令人不安的真相：加密貨幣詐騙早
已全球化。

僅 2022 年至 2025 年間，ZachXBT 就記錄了 118 起不同類型的金融詐欺案件，從數百
萬美元規模的 NFT 跑路案到複雜的跨鏈洗錢網路。他的調查報告揭露了各大洲的詐騙分
子：既有矽谷網紅背書的 Memecoin 專案方，也有孟買的 Telegram 詐騙團夥，以及伊斯
坦堡的拉盤砸盤團夥。

數據所呈現的一致性令人震驚：沒有任何一個國家或地區能夠免受詐騙者的侵害。

地區性詐騙犯的迷思
社交平台 X 近期新增的地理位置顯示功能，本意是提升透明度，卻引發了仇外情緒相關
的討論。

許多用戶開始根據帳戶的原籍國攻擊他人，尤其針對印度、奈及利亞和俄羅斯相關帳戶，
將這些國家的全體民眾貼上「詐騙」的標籤。

但 ZachXBT 的調查卻講述了截然不同的故事。以下是 ZachXBT 過去三年調查數據的簡要
總結：

在 118 起已核實的詐騙案件中：

· 約 41% 源自亞洲（印度、中國、東南亞）

· 約 28% 源自北美

· 約 15% 源自歐洲

· 約 10% 涉及非洲

· 約 6% 因混幣器或隱私幣無法追蹤，身份匿名

這 118 份報告中詐騙分子的地區分布同樣值得關注：


ZachXBT 識別的加密貨幣詐騙分子地區分布
數據所揭示的並非某個問題地區，而是全球範圍內共同存在的道德缺失。

上述數據揭露了一個線上討論中常被忽視的關鍵事實：儘管非洲人（尤其是奈及利亞人）
頻繁且不公地被貼上加密貨幣詐騙的標籤，但現實情況卻截然相反。

這表明，加密貨幣詐騙並非局限於某個地區，而是一個跨越國界、語言和文化的全球性問
題。

從宏觀角度審視加密貨幣詐騙


1）2025 年 1 月至 2025 年 6 月期間，每位受害者被盜金額最高的國家
對於那些盲目指責奈及利亞或印度的人來說，第一張圖表足以令人震驚。單個受害者平均
被盜金額最高的 10 個國家為：

· 阿聯酋 —— 約 7.8 萬美元

· 美國 —— 約 7.7 萬美元

· 智利 —— 約 5.2 萬美元

· 印度 —— 約 5.1 萬美元

· 立陶宛 —— 約 3.8 萬美元

· 日本 —— 約 2.6 萬美元

· 伊朗 —— 約 2.5 萬美元

· 以色列 —— 約 1.2 萬美元

· 挪威 —— 約 1.2 萬美元

· 德國 —— 約 1.1 萬美元

注意到了嗎？奈及利亞根本不在這份榜單上，而阿聯酋、美國、歐洲多國、亞洲多國則赫
然在列。

如果那些刻板印象屬實，這份榜單的榜首理應是奈及利亞或印度，但事實並非如此。

2）全球錢包受害情況地圖（2022-2025 年）
當我們將視角擴大到全球受害者總數時，地理分布就更加清晰了。受害者遍布北美、南美
、歐洲、中東和北非以及亞洲。

受害人數較多的地區包括：西歐和東歐、北美、亞洲部分地區、中東和北非。

那麼非洲呢？與歐洲、美洲和亞洲相比，非洲的受害錢包總數要少得多。這並非我的主觀
判斷，而是地圖所呈現的客觀事實。

3）加密貨幣詐騙受害者增長最快的地區（2024 年 – 2025 年同比）
第三張圖展示了詐騙增長最為迅猛的地區，各地區受害者同比增長率為：

· 東歐 —— 約 380%

· 中東和北非 —— 約 300%

· 中亞 / 南亞及大洋洲 —— 約 270%

· 北美 —— 約 230%

· 拉丁美洲 —— 約 200%

· 亞太地區 —— 約 140%

· 歐洲（整體）—— 約 120%

· 撒哈拉以南非洲 —— 約 100%

再次強調，非洲的增長率排名墊底。與此同時：

· 歐洲和中東和北非地區的受害者增長全球領先

· 北美和拉丁美洲緊隨其後

· 亞太地區和印度所在區域處於中等水平

· 非洲是整個數據集中受影響最小的地區

如果奈及利亞是全球詐騙中心，非洲絕不會在這份排名中墊底。

真相是：加密貨幣詐騙不是奈及利亞或印度的問題，而是全球性問題。

數據徹底粉碎了刻板印象：

· 單受害者被盜金額最高的國家並非非洲或印度國家

· 詐騙增長最快的地區並非非洲或印度所在區域

· 非洲的受害者同比增長率最低

那麼，為什麼奈及利亞人和印度人會被不公地貼上「詐騙」標籤？因為人們往往憑情緒判
斷，而非依據證據；因為某個地區一起病毒式騙局，就會成為 2 億人的集體標籤，網路
偏見的傳播速度遠比真相更快。

根據數據：

· 奈及利亞並非高損失國家之一。

· 非洲詐騙受害者人數增幅最低。

· 歐洲和北美的統計數據更糟糕。

· 阿聯酋和印度等亞洲地區面臨著價值極高的盜竊案。

如果某個地區的騙子最多，那麼該地區的受害情況也會很嚴重（騙子會在他們熟悉的地方
作案）。但非洲和印度完全沒有呈現出這種模式。

如果奈及利亞人和印度人也像其他人那樣以偏概全，他們完全可以將矛頭指向歐洲、美國
、南美洲、中東和北非。

但他們沒有這樣做，因為負責任的人都明白：詐騙犯無處不在 —— 存在於每個種族、每
個地區、每個國家；詐騙受害者也遍布全球；沒有任何一個族群應該因為少數罪犯的行為
而被貼標籤。

ZachXBT 的調查同樣揭露了美國 YouTube 博主、歐洲 DeFi 開發者和亞洲營銷集團的詐
騙行為。加密貨幣詐騙並非由國籍決定，而是不受約束的匿名性、貪婪以及監管漠視共同
作用的結果。

我們如何做得更好？
加密貨幣要走向成熟，不僅需要監管，更需要集體層面的道德重塑。具體可從以下方面著
手：

· 以透明度取代國籍偏見：要求專案創辦人進行公開審計、完成 KYC 和鏈上資訊披露，
而非根據國籍妄下判斷。

· 支持調查性新聞：像 ZachXBT 這樣的調查者以及小型偵探社群，已經幫助避免了數百
萬美元的潛在損失。我們應傳播他們的工作成果，而非民族主義噪音。

· 時刻保持謹慎：在證明專案可靠之前，將每個專案都視為潛在詐騙。

· 舉報而非嘲諷：發現可疑帳戶時，利用驗證管道或舉報資源，而非傳播仇恨。

小結
加密貨幣誕生於去中心化和自由的理想，但在缺乏問責機制的情況下，這些理想已被扭曲
為全球性的剝削工具。每個地區都有詐騙犯，每個地區也都有受害者。讓我們停止「鏈上
仇外情緒」。

--
Mr.
Raindrop, falling away from
me now.
/
/
∕︵︵︵︵︵︵︵﹨
Mr. Raindrop, falling away form me now.
/
/
◢██◣
∥
/     /
Do you know how much you mean to me, why must you leave?
⊙
⊙
∥
I'm just a flower on a tree, why must you leave?
◢
▆
/
/
Mr.
Raindrop, falling away from
me now.
--
※ 發信站: 批踢踢實業坊(ptt.cc), 來自: 111.243.30.34 (臺灣)
※ 文章網址:
https://www.ptt.cc/bbs/Bunco/M.1764143225.A.A0F.html",ptt,Wed Nov 26 15:47:00 2025
[新聞] 處理詐騙案律師遭詐上千萬元 專家揭示三,https://www.ptt.cc/bbs/Bunco/M.1764142879.A.519.html,"處理詐騙案律師遭詐上千萬元 專家揭示「被騙3要素」
https://reurl.cc/eVDEqK
《公視主題之夜SHOW》本週五(11/28)晚間十點將播出半島電視台調查紀錄片《黑金詐騙
網》(The Cyber Slaves)，深入揭露活躍於柬埔寨的「中國境外詐騙園區」。本集論壇以
「為了防詐，你願意做什麼?」為題，由法律白話文運動社群總監劉珞亦主持，邀請法客
電台助理主持人林子鈺、銘傳大學社會科學院院長黃富源、郵局職員扶若芸與15位公民來
賓，分享親身或家人遭詐騙的經驗，探討詐騙問題根源與防範之道。

《黑金詐騙網》不僅呈現詐騙集團每年從全球受害者手中騙走上百億美元的驚人事實，更
揭開鮮為人知的真相——許多「詐騙犯」本身也是被人口販運、強迫拘禁的受害者，並深
入追查在地與中國勢力如何勾結、權貴如何庇護，讓這些罪行得以持續蔓延。

根據內政部警政署165打詐儀錶板統計，2025年9月單月台灣詐騙案件受理件數高達14,109
件，財產損失金額達67億元。在這些驚人數字背後，每個案件都是一個家庭的破碎故事。
此次節目中，母親為律師的林子鈺分享經歷：「我媽媽見識過比一般人還多的詐騙手法，
也處理過詐騙案件」，但自己卻在母親意外過世後，才驚覺其遭詐騙高達八位數金額。她
表示：「詐騙集團很細緻且有耐心」，透過2、3年長期布局，先建立情感連結，再逐步引
導投資。


本週五《公視主題之夜SHOW》主題論壇由劉珞亦（左二）主持，邀郵局職員扶若芸(左起)
、法客電台助理主持人林子鈺與銘傳大學社會科學院院長黃富源參與。 （公視提供）

討論受害者被詐騙的關鍵因素時，林子鈺分析單親、單身的母親心中存在情感空洞，「這
種空洞即使功成名就、收入穩定，甚至有美滿的家庭都無法填補」。她呼籲防詐應從教育
著手，建立反詐騙意識，更強調發現被詐騙時不要自行解決以免問題擴大：「應該克服羞
恥感，先怪詐騙集團，不要先怪自己。把受騙的手法講出來，才能擴張資訊、排除資訊不
對等的狀況。」

銘傳大學社會科學院院長黃富源從犯罪學角度深入分析，指出在刑事警察局統計的38類詐
騙手法中，吸金詐騙占比高達37%。他提出被害人容易受騙的三大情境要素：「心理孤獨
和社會孤獨」、「資訊強烈不對等」，以及「對生活有幻想或對未來沒有安全感」。

黃富源強調「一知半解」的人最容易上鉤，高智識水平者反而可能因「我不會被騙」的心
理而成為受害者。另外，財產犯罪具有「無法告人」的隱私性特色，使受害者不願向親近
的人求助。他提出詐騙防制的關鍵在於「黃金時間」概念，更從犯罪學角度指出：「刑罰
加重比不上破案率高，如果類似案件百分之百破案，造成的威嚇效果遠大於重判。」

《公視主題之夜SHOW–黑金詐騙網》於11月28日晚間十點在公視頻道首播，週六（11/29
）上午七點半重播，完整版電影與節目內容已上架「公視+」影音平台。

--
Mr.
Raindrop, falling away from
me now.
/
/
∕︵︵︵︵︵︵︵﹨
Mr. Raindrop, falling away form me now.
/
/
◢██◣
∥
/     /
Do you know how much you mean to me, why must you leave?
⊙
⊙
∥
I'm just a flower on a tree, why must you leave?
◢
▆
/
/
Mr.
Raindrop, falling away from
me now.
--
※ 發信站: 批踢踢實業坊(ptt.cc), 來自: 111.243.30.34 (臺灣)
※ 文章網址:
https://www.ptt.cc/bbs/Bunco/M.1764142879.A.519.html
※ 編輯: petestar (111.243.30.34 臺灣), 11/28/2025 21:39:22",ptt,Wed Nov 26 15:41:13 2025
[新聞] AI深偽詐騙橫行！她成2025最具風險名人,https://www.ptt.cc/bbs/Bunco/M.1764034791.A.6A0.html,"AI深偽詐騙橫行！　「她」成2025最具風險名人榜首
https://www.ctwant.com/article/458797/
隨著人工智慧（AI）迅速發展，網路詐騙也跟著日益猖獗且多變化。其中，詐騙集團利用
名人肖像、聲音，製作深偽（Deepfake）內容，誘使民眾點擊詐騙連結，進而盜取財產或
個資。日前，國際知名防毒軟體公司邁克菲（McAfee）就公布了「2025年最具風險美國名
人TOP10」排行榜，其中美國天后泰勒絲（Taylor Swift）排名第一。

邁克菲公司針對全球8600名民眾進行調查，結果顯示高達72%的美國人見過偽造的名人或
網紅代言，其中39%的人點擊過這類廣告連結，更有10%的人遭受過金錢損失或個資被盜，
平均每位受害者損失525美金（約新台幣約1萬6400元）。

專家指出，詐騙集團利用粉絲對知名藝人的單向情感連結，製造親密感，讓受害者卸下戒
心；當現代AI技術強化這種真實度，更容易讓假冒名人的訊息提升欺騙性。專家提醒，民
眾務必提高警覺，謹慎核實訊息來源，避免因一時信任而遭詐騙集團詐騙。

邁克菲公司提到，現代AI技術能夠以驚人的精準度模仿聲音、臉部動作，甚至是微表情，
詐騙集團就藉機仿製名人聲音與臉部動作，推廣虛假產品與活動，讓受害者誤信。目前僅
有29%的受訪者自認能辨識偽造內容，另21%則對辨識真實度完全沒有信心。正因如此，虛
假代言、AI戀愛詐騙、假投資風潮等在網路上迅速氾濫，更成為近年網路犯罪的一大趨勢
。

「2025年最具風險網路搜尋名人」TOP10排行榜（美國）：

1.泰勒絲（Taylor Swift）

2.史嘉蕾·喬韓森（Scarlett Johansson）

3.珍娜奧特嘉（Jenna Ortega）

4.席德妮史威尼（Sydney Sweeney）

5.湯姆克魯斯（Tom Cruise）

6.亞歷山卓歐加修-寇蒂茲（Alexandria Ocasio-Cortez）

7.莎賓娜卡本特（Sabrina Carpenter）

8.勒布朗詹姆斯（LeBron James）

9.金卡戴珊（Kim Kardashian）

10.千黛亞（Zendaya）

--
Mr.
Raindrop, falling away from
me now.
/
/
∕︵︵︵︵︵︵︵﹨
Mr. Raindrop, falling away form me now.
/
/
◢██◣
∥
/     /
Do you know how much you mean to me, why must you leave?
⊙
⊙
∥
I'm just a flower on a tree, why must you leave?
◢
▆
/
/
Mr.
Raindrop, falling away from
me now.
--
※ 發信站: 批踢踢實業坊(ptt.cc), 來自: 111.243.29.56 (臺灣)
※ 文章網址:
https://www.ptt.cc/bbs/Bunco/M.1764034791.A.6A0.html",ptt,Tue Nov 25 09:39:48 2025
[新聞] Meta遭指從詐騙廣告獲利逾百億美元？,https://www.ptt.cc/bbs/Bunco/M.1764034694.A.E91.html,"Meta遭指從詐騙廣告獲利逾百億美元？美參議員敦促FTC、SEC展開調查
https://news.cnyes.com/news/id/6249718
美國參議員霍利 (Josh Hawley) 與布魯門塔 (Richard Blumenthal) 致函聯邦貿易委員
會 (FTC) 與美國證券交易委員會 (SEC)，要求兩大監管機構對 Meta Platforms 展開調
查。兩位議員引用《路透》近日揭露的文件指出，Meta(META-US) 從臉書與 Instagram
上涉及詐騙或違禁品的廣告獲取可觀收入，可能違反監管規範。

Meta遭指從詐騙廣告獲利逾百億美元？美參議員敦促FTC、SEC展開調查(圖：
REUTERS/TPG)

美參議員促查 Meta 詐騙廣告收入來源
霍利與布魯門塔在信中表示，若《路透》報導內容屬實，「FTC 與 SEC 應立即展開調查
，並在必要時採取強力執法行動」，包括追討 Meta 相關盈利、祭出罰款，並要求該公司
停止刊登相關廣告。

《路透》本月稍早報導，多份 Meta 的 2024 年內部文件顯示，Meta 當年預期約 10% 營
收、約 160 億美元，來自非法或違規廣告。其中一份文件更提到，Meta 每六個月從「高
風險詐騙廣告」獲得約 35 億美元收入。另有文件指出，Meta 的反詐騙政策實際上並未
適用於大量被員工與監管機關認為「違反規範精神」的廣告。

Meta 對此表示，公司過去 18 個月已將用戶回報的詐騙案例減少 58%。Meta 發言人
Andy Stone 則稱兩位議員的指控「誇大且錯誤」，並強調公司「積極打擊詐騙與不實廣
告，因為平台使用者、合法廣告主與 Meta 自身都不希望看到此類內容」。

兩位跨黨派參議員對 Meta 的解釋不以為然，並以 Meta 公開的廣告資料庫「Ad Library
」為例指出，只需進行短暫檢視，就能發現明顯涉及非法賭博、付款詐騙、加密貨幣詐騙
、AI 深偽色情服務，甚至詐稱提供聯邦補助的廣告仍在刊登。

文件指 Meta 涉美國詐騙量「三分之一」 議員批削減安全人力
兩位議員引用《路透》報導指出，Meta 自身估算其平台涉及全美三分之一的詐騙案件，
而 FTC 估計美國民眾去年因詐騙損失高達 1,583 億美元。若以 Meta 內部估計推算，「
Meta 平台可能涉及逾 500 億美元的消費者損失」。

信中指控，Meta「明知大量詐騙廣告的存在，卻仍選擇接受並從中獲利」，甚至大幅削減
平台安全審查人力，其中包括 FTC 要求的政策審查團隊，卻在同一時間投入巨額資金發
展生成式人工智慧 (AI)。

霍利與布魯門塔特別對冒充美國政府或政治人物的深偽廣告提出警告。他們舉例指出，近
期曾出現一支假廣告，聲稱美國總統川普向領取食物補助的低收入家庭發放 1,000 美元
援助金。信中寫道：「即使 Meta 已收到關於深偽政治人物廣告的警告，平台仍持續刊登
此類欺騙性內容。」

議員們也指出，這些詐騙廣告背後的收益常流向來自中國、斯里蘭卡、越南與菲律賓的跨
國網路犯罪集團，使問題更具跨境性與政策風險。

目前 FTC 與 SEC 尚未回應參議員的調查請求。Meta 則持續強調，公司正積極投入資源
改善平台安全並強化詐騙偵測能力，但兩位議員認為，現行措施與審查落實程度不足，無
法有效防止有害廣告在平台擴散。

--
Mr.
Raindrop, falling away from
me now.
/
/
∕︵︵︵︵︵︵︵﹨
Mr. Raindrop, falling away form me now.
/
/
◢██◣
∥
/     /
Do you know how much you mean to me, why must you leave?
⊙
⊙
∥
I'm just a flower on a tree, why must you leave?
◢
▆
/
/
Mr.
Raindrop, falling away from
me now.
--
※ 發信站: 批踢踢實業坊(ptt.cc), 來自: 111.243.29.56 (臺灣)
※ 文章網址:
https://www.ptt.cc/bbs/Bunco/M.1764034694.A.E91.html
※ 編輯: petestar (111.243.29.56 臺灣), 11/25/2025 09:38:32",ptt,Tue Nov 25 09:38:10 2025
[新聞] 緬甸軍政府突襲KK園區　詐騙建物被夷平,https://www.ptt.cc/bbs/Bunco/M.1763869794.A.12E.html,"緬甸軍政府突襲KK園區　百棟詐騙建物被夷平
https://www.nownews.com/news/6757178
緬甸軍政府本週大動作清剿泰緬邊境的妙瓦底（Myawaddy）KK園區，現場畫面可見多棟建
築遭炸毀、推倒，數百名外籍嫌犯坐在路邊等待移送，該區長期被視為跨國詐騙重災區。

緬甸軍政府領袖敏昂萊（Min Aung Hlaing）近日下令全面拆除KK園區，強調要展現「政
府責任」。當局到目前為止已拆除超過180棟建築，扣押逾1,000名外籍人士，並查扣數千
台電腦、數萬支手機，規模驚人。

KK園區多年來被指控是東南亞最大的人口販運與詐騙基地之一，涉案網絡跨越多國，每年
吸金動輒以數十億美元計算。泰國與緬甸雖多次協商合作打擊跨境犯罪，但園區勢力牢固
，始終難以從根本瓦解。

這回軍政府強勢拆除動作，被視為回應國際壓力的象徵，也反映出緬甸邊境治理困境。後
續如何處理上千名外籍嫌犯、是否能追查幕後金流與主謀，仍是外界密切關注的重點。

--
Mr.
Raindrop, falling away from
me now.
/
/
∕︵︵︵︵︵︵︵﹨
Mr. Raindrop, falling away form me now.
/
/
◢██◣
∥
/     /
Do you know how much you mean to me, why must you leave?
⊙
⊙
∥
I'm just a flower on a tree, why must you leave?
◢
▆
/
/
Mr.
Raindrop, falling away from
me now.
--
※ 發信站: 批踢踢實業坊(ptt.cc), 來自: 36.227.153.249 (臺灣)
※ 文章網址:
https://www.ptt.cc/bbs/Bunco/M.1763869794.A.12E.html",ptt,Sun Nov 23 11:49:49 2025
[新聞] 假出金集團詐騙逾158億元 主嫌歐俞彤一審,https://www.ptt.cc/bbs/Bunco/M.1763767500.A.24C.html,"假出金集團詐騙逾158億元 主嫌歐俞彤一審判24年
https://www.epochtimes.com/b5/25/11/21/n14640445.htm
假出金集團詐騙逾158億元 主嫌歐俞彤一審判24年

圖為假出金集團詐騙主嫌歐俞彤（前）資料照。（中央社）
人氣: 68【字號】 大  中  小
更新: 2025-11-21 9:39 PM    標籤: 台北地方法院, 假出金集團, 詐騙, 犯罪組織
【大紀元2025年11月21日訊】（大紀元記者常懷仁台灣台北報導）台北地檢署查獲全台最
大假出金詐欺集團案，破獲美樂公司集團，詐騙所得逾158億餘元、被害人達5千餘人，起
訴主嫌主嫌歐俞彤等80人，並對主嫌求刑25年以上，台北地方法院21日判處歐姓主嫌有期
徒刑24年，可上訴。

台北地方法院檢察署（北檢）資料照。（宋碧龍／大紀元）
北院指出，歐俞彤等人成立「美樂公司」犯罪組織，主要業務為對接詐欺集團，並從事將
詐欺贓款轉換為虛擬貨幣或法定貨幣；先由詐欺機房之詐團成員架設假投資網站及應用程
式，讓被害人誤信投資話術而交付款項。

北院表示，接著再由本案詐欺集團轉匯或指揮面交車手或提款車手取得款項而掌握犯罪所
得層轉上手，並以此方法製造金流斷點，而隱匿詐欺取財犯罪所得。

北院繼續表示，「美樂公司」則對接本案詐欺集團所屬之機房端成員，於獲知車手集團收
得現金贓款之送達地點後，指派人員取得現金贓款，再轉由其他美樂公司人員，將現金款
項交與出金集團假出金所用。

北院指出，本案詐欺集團總計假出金8億4,695萬2,464元（被害人已報案部分），致有被
害人5,082人遭詐騙共158億4,950萬2,649元。

北檢今年4月依組織犯罪、《詐危條例》等罪起訴歐俞彤等80人，今年8月又起訴18人，本
案共起訴達97人（一位被告與前案相同）。◇

--
Mr.
Raindrop, falling away from
me now.
/
/
∕︵︵︵︵︵︵︵﹨
Mr. Raindrop, falling away form me now.
/
/
◢██◣
∥
/     /
Do you know how much you mean to me, why must you leave?
⊙
⊙
∥
I'm just a flower on a tree, why must you leave?
◢
▆
/
/
Mr.
Raindrop, falling away from
me now.
--
※ 發信站: 批踢踢實業坊(ptt.cc), 來自: 36.227.145.57 (臺灣)
※ 文章網址:
https://www.ptt.cc/bbs/Bunco/M.1763767500.A.24C.html",ptt,Sat Nov 22 07:24:56 2025
[資訊] 假冒NCC詐騙，威脅斷訊恐為詐騙,https://www.ptt.cc/bbs/Bunco/M.1763761896.A.8C0.html,"圖文：電商人妻
https://reurl.cc/W8qydx
--
我今天早上接到一個詐騙電話，一開始我真的信了！

他說他們是通訊傳播委員會，一開始問我是不是誰誰誰，然後給我的資料核對也都是對的
。

再來直接告訴我，我上個月有被線上申請一支號碼，那支號碼發送了大量簡訊跟撥打了大
量的詐騙電話出去。

電話裡面那個人說，我有任何問題可以去中正區仁愛路一段50號，帶雙證件找承辦人
員洪先生處理。

哇我第一次聽到要直接去現場的@@！所以覺得可能不是騙。

然後我就問他說那如果我不去現場呢？

電話裡面那個人說如果我不去現場，他們下午兩點就會把所有註冊在我名下的電話全部停
話C
後來我就有點火了，憑什麼停我話？

就開始跟他吵，中間他的口音也都是台灣的都很正常，但後面說要幫我轉接主任辦公室處
理痟N確定他是詐騙了
- - -

NCC 不會打電話給你，任何疑問一定要直接打 165（超感謝 165 的人員）。

為了避免更多人受害我一定要寫出來，讓有需要的人找到這篇文。

趁勢用 Nano Banana Pro 做了一張警示宣導，跟他說了我的故事竟然就產出這張圖真的
太強了。

--
Mr.
Raindrop, falling away from
me now.
/
/
∕︵︵︵︵︵︵︵﹨
Mr. Raindrop, falling away form me now.
/
/
◢██◣
∥
/     /
Do you know how much you mean to me, why must you leave?
⊙
⊙
∥
I'm just a flower on a tree, why must you leave?
◢
▆
/
/
Mr.
Raindrop, falling away from
me now.
--
※ 發信站: 批踢踢實業坊(ptt.cc), 來自: 36.227.145.57 (臺灣)
※ 文章網址:
https://www.ptt.cc/bbs/Bunco/M.1763761896.A.8C0.html",ptt,Sat Nov 22 05:51:31 2025
[新聞] 凱基金員工勾結詐騙盜取3億元匯出海外,https://www.ptt.cc/bbs/Bunco/M.1763520343.A.C2C.html,"凱基金員工勾結詐騙盜取3億元匯出海外 金管會已追查
https://reurl.cc/MMNN0n
擁有77萬股東的凱基金（2883）爆發「監守自盜」弊端，旗下開發資本員工涉嫌勾結詐騙
集團，「盜取」公司資金約3億多元並匯出海外，是國內首度有詐騙集團利用金融業員工
，盜取公司資金。銀行局副局長王允中今（18）日證實11月3日公司已通報重大偶發並跟
刑事警察局報案，7個營業日內也已經送交報告給金管會，後續是否懲處？王允中說，金
管會將據報告內容依規「行政處理」，包括懲處與否。

凱基金控子公司中華開發資本旗下的中華開發資本管理顧問，本月初遭女員工鑽漏洞，捲
款千萬美元（約新台幣3.11億元），檢警初步查出，該女員工疑被「假檢警」話術詐騙，
不但自己被騙走約500萬元，還移轉公司約千萬美元，她聲稱自己也是受害者，目前女員
工已遭羈押。

據傳此案是凱基金主動發現，海外孫公司（中華開發資本海外子公司）員工涉嫌勾結詐騙
集團，趁主管出國時竊取主管金鑰，並利用同事帳號登入，進行多次「未經授權的匯款操
作」，移轉約700餘萬美元（約新台幣2.17億元），公司於第一時間發現異常後，立即報
警相關資料並已移交檢警偵辦。

銀行局副局長王允中今（18）日被詢問對凱基金爆發監守自盜弊端的處理進度，他回應證
實，凱基金11月3日有就事件跟銀行局通報重大偶發，據規定需在7個營業日呈上書面報告
，他說凱基金也已經報過來，同時該公司已跟刑事警察局報案，檢調正在處理中，金管會
依相關行政程序辦理中，但可關案件事實與內容因檢調正在調查中，基於「偵查不公開原
則」，金管會不便說明，但一樣會據調查報告做行政處理，至於是不是後續會懲處開發金
相關失職人員？他表示，會不會處分都包括在行政處理裡面。

中華開發聲明：公司已成立專案小組全面清查
中華開發資本旗下子公司近日發現一名員工，涉嫌勾結詐騙集團進行未經授權之匯款操作
，移轉約7百餘萬美元，公司於第一時間發現異常後立即報警相關資料並已移交檢警偵辦
。

公司表示，本案屬單一員工犯罪行為，事件由內部同仁主動發現，未影響客戶權益，海外
業務及各項營運皆維持正常。

案發後，公司立即成立專案小組全面清查相關帳戶並對該名員工提出刑事告訴。公司強調
，本次有賴警方及同業協助降低影響，未來將積極配合調查避免歹徒用同樣手法行使詐騙
。


--
Mr.
Raindrop, falling away from
me now.
/
/
∕︵︵︵︵︵︵︵﹨
Mr. Raindrop, falling away form me now.
/
/
◢██◣
∥
/     /
Do you know how much you mean to me, why must you leave?
⊙
⊙
∥
I'm just a flower on a tree, why must you leave?
◢
▆
/
/
Mr.
Raindrop, falling away from
me now.
--
※ 發信站: 批踢踢實業坊(ptt.cc), 來自: 36.227.132.58 (臺灣)
※ 文章網址:
https://www.ptt.cc/bbs/Bunco/M.1763520343.A.C2C.html",ptt,Wed Nov 19 10:45:39 2025
[新聞] 涉勾結詐騙集團洩密起訴 網紅「仙塔律師,https://www.ptt.cc/bbs/Bunco/M.1763420914.A.71D.html,"涉勾結詐騙集團洩密起訴 網紅「仙塔律師」3人移送懲戒
https://reurl.cc/LQmgba
網紅「仙塔律師」李姓、趙姓與蔡姓律師被控勾結靈骨塔詐騙集團，台北地檢署日前依洩
密、洗錢等罪起訴三人。北檢認為三名律師違反律師倫理規範情節重大，今天（17日）依
律師法將三人移送律師懲戒委員會。

網紅「仙塔律師」李姓、趙姓與蔡姓律師被控勾結靈骨塔詐騙集團，遭檢方依洩密等罪起
訴。台北地檢署認為三名律師違反律師倫理規範情節重大，17日依律師法將三人移送律師
懲戒委員會。圖為仙塔律師李女11日受訪。（中央社資料照）

檢警偵辦吳姓女子等人為首的靈骨塔詐騙集團案，查出李姓女律師、趙姓男律師、蔡姓男
律師涉案。檢警查出，趙男先將一輛汽車過戶至自己名下，並成立「24小時陪偵案」LINE
群組，邀集李女、蔡男、詐騙集團幹部討論因應偵查策略。

檢警調查，李女律見在押的吳女時，依照其指示在群組內指導變賣汽車與金飾以規避扣押
；趙男則指示吳女與詐騙集團成員，若遭詢問汽車下落時，應回答已於案發前出售等不實
買賣之詞敷衍。

檢警另查出，李女在陪同吳女偵訊時，涉嫌洩漏筆錄內容，包括吳女佯稱為呂男助理等訊
息；蔡男陪同呂男偵訊時，也涉嫌洩漏呂男拒絕認罪等內容。

檢方依洩密、洗錢等罪起訴李女等三人，檢察官認為，李女、趙男明知財產供償還被害人
或國家追徵，卻協助隱匿，蔡男則犯洩密，已損害律師公益形象，建請量處李女、趙男1
年徒刑以上，蔡男6月徒刑以上，均不宣告緩刑。案件目前正由台北地方法院審理中。

--
Mr.
Raindrop, falling away from
me now.
/
/
∕︵︵︵︵︵︵︵﹨
Mr. Raindrop, falling away form me now.
/
/
◢██◣
∥
/     /
Do you know how much you mean to me, why must you leave?
⊙
⊙
∥
I'm just a flower on a tree, why must you leave?
◢
▆
/
/
Mr.
Raindrop, falling away from
me now.
--
※ 發信站: 批踢踢實業坊(ptt.cc), 來自: 36.227.132.58 (臺灣)
※ 文章網址:
https://www.ptt.cc/bbs/Bunco/M.1763420914.A.71D.html
※ 編輯: petestar (36.227.132.58 臺灣), 11/18/2025 07:08:58",ptt,Tue Nov 18 07:08:31 2025
[新聞] 網詐通報網有成 下架逾21萬件詐騙訊息,https://www.ptt.cc/bbs/Bunco/M.1762922461.A.68B.html,"成立網詐通報網有成 下架逾21萬件詐騙訊息
https://today.line.me/tw/v3/article/zNQaREg
本文提到的通報網在這邊，介面醜醜的但很實用。
https://fraudbuster.digiat.org.tw/accessibility/index
--

政府積極打詐，數發部推出「網路詐騙通報查詢網」，供民眾通報可疑詐騙訊息，已經成
功攔阻超過21萬件詐騙訊息。數發部指出，APP下載數突破4萬次，且通報案件持續成長，
顯見民眾參與度提升。

數發部12日召開「網路詐騙通報查詢網3.0 全新改版」記者會，正式宣布第三代平台上線
。

數發部長林宜敬指出，政府在去年9月推出網路詐騙通報查詢網，結合全民力量一同打擊
詐騙。他說：『(原音)就是說當大家在網路上看到一個可疑的訊息，可能是來自Meta、
Google、Line，覺得說它是不是一個詐騙訊息的時候，你就可以把這個網址複製下來，然
後貼到我們這個網站通報查詢網，然後去看看是不是已經有人通報了、相關單位是不是已
經確認說這個是一個詐騙訊息。』

根據數發部統計，網路詐騙通報查詢網已成功攔阻43.9萬則可疑訊息，下架詐騙訊息超過
21萬則；值得注意的是，APP下載超過4萬次，每月平均通報案件從2.8萬件到今年9月已成
長至6萬件，顯現民眾參與度提升。

林宜敬指出，若民眾在網路上看到可疑訊息或是名人投資，可以通報網詐查詢網，數發部
也會向名人查核，若確認是假冒名人身分，就會隨即下架。至於AI深偽詐欺橫行，林宜敬
指出，根據規範，廣告若使用AI技術必須清楚標示，否則將下架，若民眾看到疑似AI生成
的文字或影音，也能通報查詢網。

觀察詐騙種類，數發部指出，過去常是金融投資、冒充名人詐騙廣告，且通常以高額詐騙
為主，現在則轉為「產品服務」，比如冒用吊車大王身分販售護膚品，以小額詐騙「積少
成多」。

數發部也說明新版「網路詐騙通報查詢網」功能全面升級，新增第三方情資來源，並新增
公眾人物與企業專屬通報機制，若身分遭冒用可以即時回報，讓防詐廣告能快速被攔截。
其次，跨部會API串接，縮短詐騙訊息的確認與處理時間；第三則是直通Line API，在通
報後，可以直接停權可疑帳號。最後則是界面升級，讓民眾能夠一目瞭然，一鍵完成通報
。(編輯：許嘉芫)

--
Mr.
Raindrop, falling away from
me now.
/
/
∕︵︵︵︵︵︵︵﹨
Mr. Raindrop, falling away form me now.
/
/
◢██◣
∥
/     /
Do you know how much you mean to me, why must you leave?
⊙
⊙
∥
I'm just a flower on a tree, why must you leave?
◢
▆
/
/
Mr.
Raindrop, falling away from
me now.
--
※ 發信站: 批踢踢實業坊(ptt.cc), 來自: 36.227.135.215 (臺灣)
※ 文章網址:
https://www.ptt.cc/bbs/Bunco/M.1762922461.A.68B.html
※ 編輯: petestar (36.227.135.215 臺灣), 11/12/2025 12:44:12",ptt,Wed Nov 12 12:40:58 2025
[新聞] 倫敦詐騙犯因價值55億英鎊被判入獄,https://www.ptt.cc/bbs/Bunco/M.1762922329.A.7E7.html,"躲藏在倫敦的詐騙犯因價值 55 億英鎊的比特幣詐騙被判入獄犯罪
https://reurl.cc/ORk6Q7
自從錢志敏在倫敦的六居室住宅遭到突襲後，她險些逃脫警方的追捕，這條線索已經消失
了五年。然後，在 2024 年 2 月，偵探們注意到一個長期休眠的比特幣錢包被喚醒，並
開始搜捕。

一個多月以來，警方追踪了英國最大洗錢案件之一的主謀——從泰湖畔的一棟偏僻平房到
格拉斯哥郊外的一棟紅瓦房子，最後到約克郊區的一處安靜的 Airbnb，4 月底，這名
46 歲的男子與四名非法從事家庭傭工的馬來西亞公民一起被捕。

週二，錢被判處 11 年零 8 個月監禁，她的同夥、馬來西亞公民 Seng Hok Ling 被判
處 4 年零 11 個月監禁。從他倫敦家中查獲的比特幣（超過 61,000 枚，價值數十億英
鎊）現在已成為民事訴訟的主題，以確定將哪些比特幣返還給中國的受害者。

“你們洗錢的規模是前所未有的。你們的動機純粹是貪婪，”薩莉-安·黑爾斯 KC 法官
週二在南華克刑事法院告訴錢。

“比特幣先驅錢女士，曾經是全球最大的比特幣持有者，接受了她的定罪以及導致該判決
的錯誤，”錢女士的律師羅傑·薩霍塔 (Roger Sahota) 表示。

“她從來沒有意圖進行欺詐，但承認她的投資計劃是欺詐的……她對投資者遭受的痛苦深
表歉意。”
據倫敦警察廳官員稱，9 月份錢和令被定罪時，比特幣的價值估計超過 55 億英鎊。據了
解，其價值不斷變化，目前估值約為50億英鎊。這被描述為英國最大的加密貨幣查獲案。

錢的刑期為他長達十年的跨越大陸的犯罪生涯畫上句號。它於 2012 年首次出現在中國當
局的關注範圍內，與安徽省和吉林省的小型傳銷活動有關。然後，在她 30 歲出頭的時候
，她受到了調查，但從未被定罪。

不久之後，她發起了一個更大的騙局：由一家名為“藍天”的天津公司運營的大規模加密
貨幣投資計劃，據稱該公司專門從事電子產品。錢已經在逃，她在暗處行動，被她的團隊
稱為“花姐”。她用華麗的宣傳視頻和承諾巨額回報來引誘受害者——一個名為“英國美
好生活”的視頻展示了倫敦的全景。

當時是加密貨幣的早期階段，詐騙在中國和世界各地激增。 “考慮到加密貨幣環境，當
時的投資機會似乎相對現實，但它對所有參與者都產生了毀滅性影響，”負責錢氏調查
的 DS Isabella Grotto 表示。

錢先生在中國各地詐騙了超過128,000名受害者。家庭匯集了他們的積蓄，失去了一切。
“我被迫賣掉了我的房子。現在我不再有固定的地址，”一名受害者在向倫敦警察廳提供
的證詞中寫道。

另一位寫道：“我的妻子和我離婚了。我精神崩潰了。”

當錢於 2017 年 7 月逃離中國，騎著輕便摩托車經陸路前往緬甸時，估計她已經詐騙了
400 億元人民幣（約合 43 億英鎊），其中大部分都兌換成了比特幣。她於 2017 年秋季
首次從馬來西亞抵達英國，持聖基茨和尼維斯護照，化名“YadiZhang”。

這是近七年逃亡生涯的開始。錢在哈羅德百貨公司花費了近 92,000 英鎊購買設計師珠寶
和女裝。她遊歷了整個歐洲，入住柏林麗思卡爾頓酒店，並參觀了斯德哥爾摩、哥本哈根
和庫特納霍拉。在她的日記中，她夢想著遇見一位歐洲公爵，或者用她的錢成為歐洲的統
治者。 利伯蘭位於克羅地亞和塞爾維亞之間有爭議的洪氾區的一個微型國家。

但中國當局的恐懼始終存在。錢先生避免前往與中國簽訂引渡條約的國家。後來，她禁止
家政人員使用華為或小米製造的設備。 （被發現與她在一起的四人將被迫簽署合同，如
果他們透露有關她或“她的家庭成員”的信息，將被處以最高 10,000 英鎊的罰款。）

錢先生與他的同事——前外賣工人簡文（被判刑六年零八個月）和凌一起制定瞭如何將比
特幣變成資產的策略。他們曾嘗試在英國和意大利購買房產，然後於 2019 年在迪拜成功
購買了兩處房產。

這引起了英國警方的注意：2018年，溫試圖購買倫敦一處價值2400萬英鎊的房產，引發可
疑活動報告。從那時起，網絡開始關閉。 2018 年 11 月，警方搜查了他們的出租屋，然
後搜查了一個裝有筆記本電腦和裝有比特幣的加密錢包的保險箱。

當錢最終於 4 月份在約克被發現時，她在另外四個加密錢包中攜帶了超過 6000 萬英鎊
，以及假護照和現金。她在九月審判的第一天承認了欺詐指控。

但他被捕前的幾年充滿了近距離的擦傷和購物療法。當主持人凌緊張地在谷歌上搜索“在
馬來西亞多少錢被視為洗錢”和“在英國洗錢的處罰是什麼”時，錢繼續花錢。

“珠寶街見。”在 2018 年的某一天，溫要求他安排將 4 個比特幣兌換成現金後，她寫
信給他。 “對珠寶著迷，”溫寫道。

倫敦警察廳經濟和網絡犯罪負責人威爾·萊恩表示：“許多人失去了積蓄，情感和經濟受
到的影響是毀滅性的。今天的結果是為這些受害者伸張正義邁出的一步。”

“洗錢在我們的社區中助長並支持了嚴重犯罪，有組織的犯罪集團越來越多地使用加密貨
幣來轉移、隱藏和投資嚴重犯罪的收益。

“技術的進步正在被犯罪分子利用，但也為那些試圖阻止他們的人提供了機會。每筆加密
貨幣交易都會留下痕跡。”


--
Mr.
Raindrop, falling away from
me now.
/
/
∕︵︵︵︵︵︵︵﹨
Mr. Raindrop, falling away form me now.
/
/
◢██◣
∥
/     /
Do you know how much you mean to me, why must you leave?
⊙
⊙
∥
I'm just a flower on a tree, why must you leave?
◢
▆
/
/
Mr.
Raindrop, falling away from
me now.
--
※ 發信站: 批踢踢實業坊(ptt.cc), 來自: 36.227.135.215 (臺灣)
※ 文章網址:
https://www.ptt.cc/bbs/Bunco/M.1762922329.A.7E7.html
這是機翻，原文在衛報。
https://reurl.cc/QV6q65
※ 編輯: petestar (36.227.135.215 臺灣), 11/12/2025 22:47:31",ptt,Wed Nov 12 12:38:44 2025
[新聞] 太子集團跨國詐騙，10家銀行被金檢！,https://www.ptt.cc/bbs/Bunco/M.1762922225.A.59F.html,"太子集團跨國詐騙，10家銀行被金檢！是否涉案？

金管會：進駐約談查每筆資金，通報洗錢狀況曝光
https://reurl.cc/nl5pp1
立委今天(11/12)關注太子集團涉嫌在台灣洗錢案，質疑金管會沒確實掌握資訊。金管會
主委彭金隆表示，美國10月14日通報後就馬上凍結帳戶，並於15日啟動金檢10家銀行，初
步了解銀行都有依規定做大額通報，108年以來針對此案共計有52次申報動作。



立法院財政委員會今天邀金管會主委彭金隆就「推動普惠金融與金融科技概況及相關措施
」進行專題報告，並備質詢。



國民黨立委賴士葆質疑，太子集團跨國洗錢案，金流高達上億現金交易，金管會是否都在
睡。國民黨立委林思銘也認為，巨額僑外資入境，涉及龐大金流進出，質疑部分放貸銀行
是否有問題。



彭金隆指出，10月14日收到美國制裁後馬上就凍結帳戶，金管會10月15日也啟動金檢，目
前掌握有涉及10家銀行，也馬上約詢每一家涉入銀行，了解是否有做好大額通報等。他強
調，這起案件屬於跨國洗錢案，需要多方合作，也要釐清相關證據。



彭金隆指出，銀行針對異常交易要做疑似洗錢通報，也有了解是否有做客戶盡職調查（
CDD）與加強盡職審查（EDD）。目前初步看，銀行在相關大額通報上都沒有問題。



民進黨立委李坤城也關注，太子集團用30億元購買豪宅，銀行難道沒察覺異樣，他質疑台
灣整體防洗錢機制是否有問題，導致若沒有美國通報，台灣也不會啟動金檢情況。



彭金隆回應，銀行確實有察覺異樣，因此自108年以來都有通報。



金管會銀行局長童政彰進一步解釋，整個體系包括金融機構通報，也有調查局分析應用，
並由執法機關再採取動作。目前已經向10家銀行了解，金融機構108年以來都有做大額申
報跟疑似洗錢申報，108年以來共計有52次申報動作，銀行風險模型也有辨識出異樣。

--
Mr.
Raindrop, falling away from
me now.
/
/
∕︵︵︵︵︵︵︵﹨
Mr. Raindrop, falling away form me now.
/
/
◢██◣
∥
/     /
Do you know how much you mean to me, why must you leave?
⊙
⊙
∥
I'm just a flower on a tree, why must you leave?
◢
▆
/
/
Mr.
Raindrop, falling away from
me now.
--
※ 發信站: 批踢踢實業坊(ptt.cc), 來自: 36.227.135.215 (臺灣)
※ 文章網址:
https://www.ptt.cc/bbs/Bunco/M.1762922225.A.59F.html",ptt,Wed Nov 12 12:36:59 2025
[新聞] 假求職真詐欺! 女子誤當詐騙車手,https://www.ptt.cc/bbs/Bunco/M.1762823791.A.A96.html,"假求職真詐欺! 女子誤當詐騙車手 媽媽大義滅親報警抓人

民視新聞網
https://today.line.me/tw/v3/article/MLnDkzD
社會中心／陳孟暄　葉晏昇　新北報導
新北市中和一名無業的陳姓女子，誤信網路求職廣告，差點成為詐騙集團的車手！業主宣
稱，女子當業務、收款項，薪水可以從收的到金額裡面扣，女子的母親一聽，直覺就是詐
騙，但女子不相信，媽媽只好報警處理，最後，警方果然逮捕詐騙集團的監控手，確定女
子應徵的工作，就是車手。

一名身穿黑衣黑褲的詐騙集團監控手，正準備前往指定地點，殊不知，便衣員警早就跟在
後頭，掌握他之前的一舉一動，直到周遭沒有其他民眾，確定不會傷及無辜，立刻動手抓
人，把嫌犯壓制在地。

假求職真詐欺！女子誤當詐騙車手　媽媽大義滅親報警抓人。(圖／民視新聞)

另一頭，詐欺車手也落網，但這一起逮捕行動，背後還有故事，警方接獲新北市一名婦人
報案，她說自己28歲的女兒無業，日前在臉書發現求職廣告，應徵當公司的外務人員，負
責收取公司款項，工資會從領取的款項內抽取，每趟2千元，車馬費另計，婦人聽到女兒
的工作內容，覺得就像求職詐騙，但女兒卻堅持要去取款，媽媽擔心孩子觸法，不得已，
只好大義滅親，報警處理，拯救女兒。

假求職真詐欺！女子誤當詐騙車手　媽媽大義滅親報警抓人。(圖／民視新聞)

中和分局錦和所所長 梁世詮：「親友疑似遭詐騙，作為詐騙集團取款車手。警方於犯罪
現場埋伏，果真逮捕車手及詐團派來的監控手，全案依詐欺及洗錢防治法，移送新北地檢
偵辦」。

還好媽媽警覺性相當高，透過警方來阻擋女兒被詐騙集團利用。

--
Mr.
Raindrop, falling away from
me now.
/
/
∕︵︵︵︵︵︵︵﹨
Mr. Raindrop, falling away form me now.
/
/
◢██◣
∥
/     /
Do you know how much you mean to me, why must you leave?
⊙
⊙
∥
I'm just a flower on a tree, why must you leave?
◢
▆
/
/
Mr.
Raindrop, falling away from
me now.
--
※ 發信站: 批踢踢實業坊(ptt.cc), 來自: 36.227.135.215 (臺灣)
※ 文章網址:
https://www.ptt.cc/bbs/Bunco/M.1762823791.A.A96.html",ptt,Tue Nov 11 09:16:27 2025
[新聞] 外媒爆：Meta 一年從詐騙廣告可賺 160 億,https://www.ptt.cc/bbs/Bunco/M.1762601065.A.39D.html,"外媒爆：Meta 一年從詐騙廣告可賺 160 億美元！
https://reurl.cc/Ebn2G0
根據《路透社》取得的 Meta 內部文件顯示，Meta 在 2024 年高達 10% 的總收入（約
160 億美元）可能來自詐騙及違禁商品廣告！

此外文件也指出 Meta 旗下平台（如 Facebook 和 Instagram）每日向全球使用者展示多
達 150 億則「高風險」或「疑似詐騙」的廣告。

報導指出，Meta 的自動化審查系統並非全面封禁可疑廣告，而是採取「分級處理機制」
。內部文件顯示，系統僅會封鎖「95% 確定為詐騙」的廣告商。

對於風險較低（低於此門檻）的廣告，Meta 不僅不下架，反而向這些高風險帳號收取更
高的投放費率作為「懲罰」。此舉遭到批評，形同讓不當廣告商「繳費續播」，使其得以
繼續在平台上曝光。

《路透社》報導指出 Meta 高層長期以來都清楚掌握詐騙廣告的規模與獲利潛力。公司內
部甚至有一份名為「Scammiest Scammers」（最會騙的騙子）的定期報告，專門追蹤具有
高詐騙傾向的帳號與企業，並分析其操作手法。

一份內部的成本效益分析更顯示，Meta 評估潛在的監管罰款最高可能達 10 億美元，但
公司每六個月就能從這些「高法律風險」的廣告中賺取約 35 億美元，獲利遠高於潛在罰
則。

目前，美國證券交易委員會（SEC）已介入調查 Meta 是否縱容金融詐騙廣告；英國監管
機構 2023 年也曾指出，全英國約 54% 的支付詐騙損失與 Meta 平台相關。

對此 Meta 發言人安迪·史東 (Andy Stone) 出面反駁，稱《路透社》引用的文件「曲解
事實」。他表示，10% 的營收估算「過於粗略」，且包含了許多合法廣告，但他拒絕提供
修正後的數據。

史東強調，過去 18 個月內，全球詐騙廣告的通報量已減少約 58%，且公司今年已移除了
超過 1 億 3400 萬則詐騙內容。

責任編輯：Chris

--
Mr.
Raindrop, falling away from
me now.
/
/
∕︵︵︵︵︵︵︵﹨
Mr. Raindrop, falling away form me now.
/
/
◢██◣
∥
/     /
Do you know how much you mean to me, why must you leave?
⊙
⊙
∥
I'm just a flower on a tree, why must you leave?
◢
▆
/
/
Mr.
Raindrop, falling away from
me now.
--
※ 發信站: 批踢踢實業坊(ptt.cc), 來自: 111.243.13.181 (臺灣)
※ 文章網址:
https://www.ptt.cc/bbs/Bunco/M.1762601065.A.39D.html",ptt,Sat Nov  8 19:24:21 2025
[新聞] Meta打詐不力？傳內部估10%營收來自詐騙,https://www.ptt.cc/bbs/Bunco/M.1762480865.A.A68.html,"Meta打詐不力？傳內部估10%營收來自詐騙廣告
https://reurl.cc/R96Dgn
Meta旗下平台頻遭質疑詐騙廣告氾濫，路透取得的文件顯示，Meta內部預估詐騙廣告佔營
收的比例可能高達10%，且Meta疑似為維護商業利益而未積極將可疑廣告下架。

路透報導，根據獨家取得的內部文件，Meta內部去(2024)年底預測，該年度總營收的10%
（約160億美元）可能來自詐騙和違禁商品廣告；另一份文件指出，Meta每日平均向用戶
展示約150億條高風險（具詐騙特徵）的廣告，這類廣告每年約帶來高達70億美元營收。

文件顯示，Meta過去三年未能有效識別、阻止欺詐性廣告，導致臉書、Instagram、
WhatsApp的數十億用戶面臨假電商、假投資、非法博弈和違禁醫療產品廣告威脅；此外，
Meta演算法還會導致點擊詐騙廣告的用戶看到更多類似廣告。

據悉，Meta因應可疑廣告的方式是向其收取更高昂的廣告費，並在內部系統標記。然而，
唯有自動化系統預測詐欺可能性高達95%時才會禁止投放廣告。

文件也顯示，Meta管制可疑廣告的方式相當寬鬆，小型廣告商至少因推廣金融詐騙被標記
八次，帳戶才會遭到封鎖；投放廣告金額較高的「高價值帳戶」違規次數高達500次仍未
被封鎖。

路透分析，Meta因打擊詐騙廣告傷及自身商業利益而猶豫不決，內部也曾分析詐騙廣告收
入大幅下降對財測的潛在影響。內部研究表明其產品已成為全球詐騙經濟的支柱。公司安
全團隊5月發佈報告預估，旗下平台涉及美國三分之一的詐騙案件，也坦承打詐成果不如
競爭對手。

Meta發言人聲稱路透扭曲事實，公司積極打擊詐騙廣告，2025年來已刪除1.34億則詐騙內
容。他也表示，「2024年10%營收來自詐騙廣告」的說法過於籠統。

Meta於發佈第三季財報後股價走空，當季除認列近160億美元的一次性稅費導致獲利縮水
，還預告大舉投資人工智慧(AI)將導致2026年資本支出大幅成長，引起市場對Meta在AI領
域「過度投資」的疑慮。

Meta股價6日下挫2.67%，收618.94美元。

(圖片來源：shutterstock)

＊編者按：本文僅供參考之用，並不構成要約、招攬或邀請、誘使、任何不論種類或形式
之申述或訂立任何建議及推薦，讀者務請運用個人獨立思考能力，自行作出投資決定，如
因相關建議招致損失，概與《精實財經媒體》、編者及作者無涉。

--
Mr.
Raindrop, falling away from
me now.
/
/
∕︵︵︵︵︵︵︵﹨
Mr. Raindrop, falling away form me now.
/
/
◢██◣
∥
/     /
Do you know how much you mean to me, why must you leave?
⊙
⊙
∥
I'm just a flower on a tree, why must you leave?
◢
▆
/
/
Mr.
Raindrop, falling away from
me now.
--
※ 發信站: 批踢踢實業坊(ptt.cc), 來自: 111.243.13.181 (臺灣)
※ 文章網址:
https://www.ptt.cc/bbs/Bunco/M.1762480865.A.A68.html
※ 編輯: petestar (111.243.13.181 臺灣), 11/07/2025 10:02:26",ptt,Fri Nov  7 10:01:01 2025
[新聞] 詐騙帝國崩壞！價值45億豪宅名車全被扣,https://www.ptt.cc/bbs/Bunco/M.1762480758.A.054.html,"詐騙帝國崩壞！價值45億豪宅名車全被扣 一圖秒懂犯罪結構
https://reurl.cc/la0XME
北檢偵辦「太子集團」在台涉洗錢與線上博弈等案件，近日共拘提24名被告到案，其中，
包括天旭國際科技負責人王昱棠、人資主管辜淑雯、幹部李守禮、邱子揚和涂姓成員遭聲
押，而本月5日，辜淑雯遭聲押禁見獲准，這也是全案首位被收押的被告。而全案人物綜
複雜，成員眾多，不難看出「太子集團」龐大的詐騙帝國，24名被告中，5人遭聲押，16
人分別交保，《三立新聞網》一圖讓你看懂「太子集團」犯罪結構網。

太子集團犯罪組織結構。（圖／三立新聞網）
「太子集團」人資主管辜淑雯遭聲押禁見獲准。（圖／翻攝畫面）

據了解，「太子集團」主嫌陳志，在全球多個國家設立據點，其中包括許多空殼公司，
2017年間，陳志就來台布局，設立了8家空殼公司，分別是聯凡、聯凡貳、澄碩、鳴灣、
博居、博居貳、邁羽、睿督。另外，跟洗錢與博弈案件有關的，則是另外4家，分別是台
灣太子、尼爾創新國際、顥玥數位科技、天旭國際科技。而這4家公司尚未被列入美方制
裁名單。

「太子集團」和平大苑的公司人頭負責人王蘭亭。（圖／翻攝畫面）

台灣太子主要管理「和平大苑」不動產的物業，背後操盤手為王昱棠；尼爾創新國際負責
「財務總部」，包括接收陳志海外資金，繳交高額房貸與避稅，還有繳納豪宅「和平大苑
」的貸款，負責人林揚茂，但背後仍由王昱棠操控；天旭國際科技辦公室設在台北101，
由陳志陸籍親信李添成立，表面上是線上博奕遊戲，但私下卻是為了掩飾洗錢，由人資長
辜淑雯負責招攬工程師；顥玥數位科技，表面上世博弈客服，實際上卻巧立名目洗錢，由
王昱棠操控。

柬埔寨太子集團在台操盤人王昱棠。（圖／記者楊佩琪攝）

據調查，操盤手王昱棠、人資長辜淑雯，被稱為在台二把手，其上層主管為新加坡籍的陳
秀玲。此次檢調追查搜索，王昱棠、辜淑雯、天旭國際科技幹部李守禮、邱子揚和涂姓成
員，5人均遭聲押，其中辜淑雯聲押禁見獲准，其餘4人還在等羈押庭結果。另外，美國也
將該集團在台境內9家公司、3名台籍女幹部列入制裁名單，其中，施亭宇、黃婕各以50萬
元交保，限制出境出海。

被美國官方列制裁名單的太子集團成員施亭宇。（圖／記者楊佩琪攝）

檢調之所以偵辦此案，起因於今年10月間，美國聯邦檢察官對太子集團陳志等人提起公訴
，美國財政部海外資產控制辦公室（OFAC）亦將該集團在台灣境內所設9家公司、3名台籍
女幹部列入制裁名單，3女為王蕾絢、施亭宇、黃婕，王蕾絢已出境未到案。3人主要負責
與帛琉「中間人」合作，在當地置產及從事不法活動，包括租下一座小島開設渡假中心，
實作為洗錢據點。因王蕾絢在陳志被起訴時便已經不在台灣，未被列入此次拘提行動中。

柬埔寨太子集團旗下，天旭國際科技幹部李守禮。（圖／記者楊佩琪攝）

檢警調追查，太子集團以8家空殼公司，購買和平大苑共11戶、48個停車位，依實價登錄
價值約38億1421萬餘元，部分房貸由尼爾創新負責繳納，疑涉洗錢、隱匿金流。檢警調同
時也在和平大苑地下停車場，查扣到26輛頂級豪車，包括被稱為「山豬王」的布迪加
Bugatti Chiron，加上勞斯萊斯、藍寶堅尼等，總價值約4億7758萬餘元。合計扣押物價
值高達45億2千萬餘元。（記者林盈君／綜合報導）

--
Mr.
Raindrop, falling away from
me now.
/
/
∕︵︵︵︵︵︵︵﹨
Mr. Raindrop, falling away form me now.
/
/
◢██◣
∥
/     /
Do you know how much you mean to me, why must you leave?
⊙
⊙
∥
I'm just a flower on a tree, why must you leave?
◢
▆
/
/
Mr.
Raindrop, falling away from
me now.
--
※ 發信站: 批踢踢實業坊(ptt.cc), 來自: 111.243.13.181 (臺灣)
※ 文章網址:
https://www.ptt.cc/bbs/Bunco/M.1762480758.A.054.html",ptt,Fri Nov  7 09:59:15 2025
[新聞] 詐騙園區又逮32台人 柬掃蕩百日抓3千人,https://www.ptt.cc/bbs/Bunco/M.1762394715.A.C82.html,"詐騙園區又逮32台人　柬埔寨掃蕩百日抓3455人
https://reurl.cc/la0VjA
【國際中心／綜合外電】柬埔寨最近幾個月強力「打詐」，官方聲稱過去110天已經拘捕
詐騙集團約3455人，昨天（11/4）最新一波行動中，警方又拘捕32名台灣人與13名日本人
，警方並稱，近日行動中查獲1名台灣人與2名馬來西亞人被認定是集團首腦。

根據柬埔寨《柬中時報》報導，警方昨（11/4）在東部柴楨省巴韋市（Bavet）破獲一個
電信詐騙據點，拘留57名外籍涉案人員，包括32名台灣人、13名日本人、8名菲律賓人、3
名越南人，還有1名新加坡人。

警方在掃蕩現場查獲多台筆電、手機與通訊設備。日本官房副長官佐藤啟在5日的記者會
上證實，確實有13名日本人遭到拘押，其中還有日本女性，被捕者可能涉及跨國詐騙。

巴韋市靠近越南與柬埔寨邊界，當地博奕事業發達，有許多賭場，吸引許多中國企業，犯
罪集團也趁機湧入，治安惡化。

這不是日本人第一次涉及國際詐騙集團，今年5月，29名日本人在柬埔寨西北部城市波別
（Poipet）被捕。日本共同社指出，自2022年起，東南亞接連發生涉及日本人的電詐案件
，應有跨國詐騙集團參與其中。


柬埔寨在巴韋市一處賭場查獲線上賭博詐騙集團。翻攝Ness新聞

柬埔寨英文媒體Ness則報導，警方從本月1日就在巴韋市一處賭場查獲線上詐賭集團，吊
銷了賭場執照，警方除了逮捕分別為台灣與馬來西亞籍的3名首腦，另外還在現場拘捕分
屬7個國籍的20人，包括菲律賓、巴基斯坦、尼泊爾、印度、奈及利亞、阿爾及利亞人。
警方並查扣19本護照、20支手機、多個通訊設備。

警方指，3名首腦將被移送審訊，其餘20名詐騙集團成員則會被遣返。

柬埔寨總理洪馬內7月中啟動「全國清勦網路詐騙」行動，要求各地方治安首長嚴格執行
，根據官方說法，自6月27日至10月14日的110天期間，柬埔寨共於全國18個省市、掃蕩92
次，累計逮捕的嫌犯多達3455人，涉案人除了中國、台灣、還有越南、印尼、印度、孟加
拉、泰國、南韓、日本、巴基斯坦、尼泊爾、馬來西亞、緬甸、菲律賓等多國人士。

--
Mr.
Raindrop, falling away from
me now.
/
/
∕︵︵︵︵︵︵︵﹨
Mr. Raindrop, falling away form me now.
/
/
◢██◣
∥
/     /
Do you know how much you mean to me, why must you leave?
⊙
⊙
∥
I'm just a flower on a tree, why must you leave?
◢
▆
/
/
Mr.
Raindrop, falling away from
me now.
--
※ 發信站: 批踢踢實業坊(ptt.cc), 來自: 111.243.13.181 (臺灣)
※ 文章網址:
https://www.ptt.cc/bbs/Bunco/M.1762394715.A.C82.html",ptt,Thu Nov  6 10:05:12 2025
[新聞] 陷普發詐騙 台北婦接一通電話被騙300萬,https://www.ptt.cc/bbs/Bunco/M.1762394545.A.4A2.html,"陷「普發現金一萬」詐騙 台北婦接一通電話被騙300萬
https://reurl.cc/xKgZ4z
政府普發現金一萬元登記將於11月5日開放，詐騙集團卻趁機行騙！台北市一名婦人遭詐
騙集團謊稱有人盜用其個資辦理普發現金，並被轉接假檢警聲稱需代管財產，導致損失
300萬元。警方已逮捕一名25歲張姓詐欺車手，該名車手坦承每跑一單能獲得十萬元，並
已將詐騙所得全數上繳。警方呼籲，政府發放現金不會要求監管帳戶或匯款，如有疑問應
撥打165反詐騙專線查證，以免遭受更大損失！

政府普發現金一萬元登記於11月5日開放，卻引來詐騙集團趁機行騙。台北市一名婦人接
獲自稱郵局人員的詐騙電話，對方謊稱有人盜用她的個資辦理普發現金，並轉接假檢警聲
稱需代管財產，導致婦人遭騙走300萬元。警方已在桃園市網咖逮捕一名25歲張姓詐欺車
手，此人有詐欺前科，並已將詐騙所得全數上繳。警方提醒，政府發放現金不會要求監管
帳戶或匯款。

25歲張姓詐欺車手，此人有詐欺前科，並已將詐騙所得全數上繳。(圖／TVBS)
台北士林一名婦人於10月底接到一通自稱郵局人員的電話，對方謊稱有人盜用她的個資辦
理「政府普發現金一萬元」業務。隨後，詐騙集團將婦人轉接給假冒的檢警人員，並改用
LINE與婦人對話，聲稱她涉及刑事案件，需要代管財產。在詐騙集團的誘導下，婦人依照
指示前往面交，交出了300萬元現金，事後才發現受騙並立即報案。


假檢警聲稱需代管財產，導致婦人遭騙走300萬元。(圖／TVBS)

警方迅速展開調查，最終在桃園市的一家網咖內逮捕了25歲的張姓詐欺車手。這名車手無
業，但有詐欺前科，疑似靠當車手維生。張姓車手表示，他的「工作」是透過網路找到的
，每跑一單能獲得十萬元入帳。他已將面交收來的300萬元現金全額上繳給幕後集團。


警方迅速展開調查，最終在桃園市的一家網咖內逮捕了25歲的張姓詐欺車手。(圖／TVBS)

士林分局天母派出所長陳鍵頡表示，全案依涉嫌違反刑法詐欺罪及洗錢防治法等罪嫌，已
移請士林地檢署偵辦。士林分局也特別呼籲，政府普發現金不會要求民眾監管帳戶及匯款
。11月5日即將開始登記全民普發現金一萬元，詐騙集團正緊跟時事編織謊言進行詐騙。
警方強調，民眾如有疑問應撥打165反詐騙專線查證，避免現金還沒到手，反而損失更多
。警方提醒大家提高警覺，以免落入詐騙陷阱。

--
Mr.
Raindrop, falling away from
me now.
/
/
∕︵︵︵︵︵︵︵﹨
Mr. Raindrop, falling away form me now.
/
/
◢██◣
∥
/     /
Do you know how much you mean to me, why must you leave?
⊙
⊙
∥
I'm just a flower on a tree, why must you leave?
◢
▆
/
/
Mr.
Raindrop, falling away from
me now.
--
※ 發信站: 批踢踢實業坊(ptt.cc), 來自: 111.243.13.181 (臺灣)
※ 文章網址:
https://www.ptt.cc/bbs/Bunco/M.1762394545.A.4A2.html",ptt,Thu Nov  6 10:02:22 2025
[新聞] 社群詐騙全面滲透生活圈　《2025 社群冒,https://www.ptt.cc/bbs/Bunco/M.1762370059.A.294.html,"社群詐騙全面滲透生活圈　《2025 社群冒名詐騙報告書》揭示

七大新型情境
https://n.yam.com/Article/20251106333016
在生成式 AI 技術普及、社群媒體滲透加深的時代，全球正面臨前所未有的信任危機。台
灣數位信任協會、中華民國電腦稽核協會與信任科技公司 Gogolook 今（11/5）日共同發
布《2025 社群冒名詐騙報告書》，揭露社群詐騙的產業化趨勢與防堵挑戰，並提出企業
防詐新架構「防詐營運中心（Anti-Scam Operation Center, ASOC）」。報告邀集奧義智
慧科技、邁達特、馬斯克資安顧問等專家共同參與，呼籲政府、企業與民眾攜手建立具韌
性的數位信任生態系，以因應 AI 所帶來的偽冒與詐騙風險。


Gogolook Watchmen 揭密七大偽冒情境 數位平台成關鍵攻防點。

報告指出，AI 已讓詐騙門檻大幅降低、成本減少，且生成內容更擬真、更具迷惑性。根
據全球防詐聯盟（GASA）與 Gogolook 共同發布的全球與亞洲詐騙報告，全球每年因詐騙
造成超過 1 兆美元損失，台灣過去 12 個月也有逾 630 億元財損，61% 的成人曾在一年
內遭遇詐騙事件。台灣數位信任協會理事長詹婷怡指出，AI 雖帶來創新，但也放大信任
風險，「防詐不再只是個人責任，而是全社會的責任。」她強調，唯有跨產業協作，才能
在數位環境中重建信任。電腦稽核協會理事長高進光則補充，企業正面臨新的信任攻擊模
式，詐騙者利用 AI 冒名品牌與高階主管繞過防火牆，直接侵蝕信任資產，因此「企業需
建立專責 ASOC 架構，才能有效監控外部品牌風險與冒名威脅」。

Gogolook Watchmen 依據 2024 年 6 月至 2025 年 6 月間的數十萬筆可疑社群貼文分析
，歸納出七大偽冒情境，主要集中於偽冒貸款申請（31%）、偽冒贈書活動（26%）與偽冒
投資資訊（17%），財務誘因仍為詐騙主軸。其次則延伸至日常生活領域，包括求職活動
（9%）、電商店家（7%）與品牌行銷活動（4%）等，詐騙者藉由限時報名、折扣優惠等手
法，製造信任與緊迫感，引導受害者自行輸入個資或付款。另有 6% 案例涉及偽冒名人粉
絲團，詐騙者假借知名人物名義舉辦贈書或投資分享活動，透過假帳號與連結誘導用戶加
入 LINE 群組，形成跨平台、多層次的詐騙網路。


數位平台成為詐騙主要管道，以 Facebook 為首。

在詐騙管道方面，社群平台仍是詐騙擴散的主要戰場。報告顯示，Facebook 以 43% 居首
，詐騙者常利用假帳號與高擬真廣告導流至假網站；外部網站則占 38%，多為仿冒品牌頁
面，從 logo 到付款介面都幾可亂真；另有 17% 的案例發生於 LINE 群組中，以「限時
優惠」、「免費體驗」等話術引誘民眾加入，並透過即時對話操控信任。Gogolook 指出
，詐騙手法已由單一平台轉向跨平台滲透，使防堵難度顯著提升，也凸顯威脅情資共享與
跨平台監測的重要性。

為應對此挑戰，《報告書》首度提出「防詐營運中心（ASOC）」的新型防線架構。不同於
傳統資安營運中心（SOC）專注於內部攻擊防禦，ASOC 聚焦企業外部的信任風險，整合情
資分析、AI 偵測與自動化通報機制，協助企業主動監測冒名品牌、假網站與詐騙廣告。
Gogolook Watchmen 已協助威秀影城、MetaAge 與 OMD 等導入 ASOC 架構，成功在十天
內下架多起偽冒粉專與詐騙廣告，有效守護品牌聲譽與消費者安全。Gogolook Watchmen
產品負責人傅郁玲表示，生成式 AI 的崛起雖帶來挑戰，但也推動防詐科技升級，「防詐
營運不應只是資安的一部分，而應納入企業治理核心。」她強調，唯有以數據為基礎、以
合作為核心，才能強化社會的數位韌性，打造一個可被信任的數位未來。

--
Mr.
Raindrop, falling away from
me now.
/
/
∕︵︵︵︵︵︵︵﹨
Mr. Raindrop, falling away form me now.
/
/
◢██◣
∥
/     /
Do you know how much you mean to me, why must you leave?
⊙
⊙
∥
I'm just a flower on a tree, why must you leave?
◢
▆
/
/
Mr.
Raindrop, falling away from
me now.
--
※ 發信站: 批踢踢實業坊(ptt.cc), 來自: 36.227.152.32 (臺灣)
※ 文章網址:
https://www.ptt.cc/bbs/Bunco/M.1762370059.A.294.html",ptt,Thu Nov  6 03:14:12 2025
[新聞] 又是賣貨便假連結！買88元提拉米蘇遭詐騙,https://www.ptt.cc/bbs/Bunco/M.1762288056.A.D50.html,"又是賣貨便假連結！買88元提拉米蘇遭詐騙  馬來西亞女大生：貪吃惹禍
https://reurl.cc/vK1EXl
詐騙案件層出不窮，一名剛來台灣2個月的馬來西亞籍女大生，為了88元的提拉米蘇蛋糕
促銷而落入詐騙陷阱。謝同學透過網路看到台北知名提拉米蘇店家的促銷訊息，於是與對
方聯繫，卻收到可疑的賣貨便連結。匯款後，詐騙集團以「未實名認證」為由聲稱訂單被
鎖定，甚至謊稱自己的帳號也被凍結。儘管金額不大，謝同學仍前往派出所備案，將這次
經驗視為教訓。

假連結買88元提拉米蘇遭騙，女大生出面受訪。(圖／TVBS)

謝同學表示，她看到網路上有台北知名提拉米蘇店家正在做促銷，標價88元一顆，當時只
是單純想吃個蛋糕。在與對方聯繫後，她收到了賣貨便連結，對方要求她上傳轉帳憑證。
匯款完成並上傳證明後，對方立即告知因為沒有實名認證，導致訂單被鎖定，接著詐團又
回覆說自己的帳號被凍結。事件發展到後來，詐騙集團甚至發了一張照片給謝同學，聲稱
已經去報警。面對這種情況，謝同學哭笑不得，但仍為了這88元的詐騙蛋糕前往派出所備
案。對於能否拿回這筆錢，她已經抱持平常心看待。

謝同學回想當時的情況，詐騙集團告知帳戶被凍結時，她曾想過是否因為自己是馬來西亞
人，作為外國人沒有做過實名認證而導致問題發生。她表示當下就覺得有點奇怪了。值得
注意的是，謝同學使用的超商賣貨便平台實際上只有貨到付款的選項，不能在平台上線上
刷卡或匯款。除非買賣雙方基於信任，因特殊原因自行達成協議私下匯款，否則消費者千
萬別受騙。經查詢相關蛋糕店家，類似案例已層出不窮。店家強調絕對不會在網路上隨便
販售商品，並呼籲大家務必到店面或透過官網購買最為安心。

--
Mr.
Raindrop, falling away from
me now.
/
/
∕︵︵︵︵︵︵︵﹨
Mr. Raindrop, falling away form me now.
/
/
◢██◣
∥
/     /
Do you know how much you mean to me, why must you leave?
⊙
⊙
∥
I'm just a flower on a tree, why must you leave?
◢
▆
/
/
Mr.
Raindrop, falling away from
me now.
--
※ 發信站: 批踢踢實業坊(ptt.cc), 來自: 36.227.152.32 (臺灣)
※ 文章網址:
https://www.ptt.cc/bbs/Bunco/M.1762288056.A.D50.html",ptt,Wed Nov  5 04:27:33 2025
[新聞] 北檢偵辦太子集團跨國詐騙！搜索47處拘提,https://www.ptt.cc/bbs/Bunco/M.1762287852.A.0B9.html,"北檢偵辦太子集團跨國詐騙！搜索47處拘提25名員工 扣押物價值45.2億
https://udn.com/news/story/124490/9117159
柬埔寨太子集團控股公司創辦人陳志等人從事跨國詐騙，上月遭美國起訴，台北地檢署分
案偵辦太子集團在台詐騙洗錢案，今指揮警調搜索47處、拘提25名被告，傳喚10名證人到
案，今晚起陸續移北檢複訊；檢方上月已聲請查扣洗錢不法資產，包含和平大苑不動產、
勞斯萊斯、銀行帳戶等，價值高達45.2億餘元。


北檢指出，太子集團控股公司創辦人陳志等人在柬埔寨從事跨國電信詐騙，美國聯邦檢察
官已於今年10月8日起訴陳志等人，美國財政部海外資產控制辦公室(簡稱 OFAC)將太子集
團在我國境內的9家公司及3名國人列入制裁名單，10月14日對外公告。


北檢10月15日主動分案，指派主任檢察官林彥均、檢察官謝仁豪共同指揮調查局台北市調
查處、刑事警察局偵辦太子集團陳志等人在台洗錢、組織犯罪、賭博、詐欺等案。


北檢今指揮台北市調查處、刑事警察局、台北市警局大安、信義、內湖，及高雄市刑大、
小港分局搜索太子集團高級幹部、成員等人，在台灣的住居所、辦公室等47處，包含位在
台北101大樓的天旭公司辦公室，顥玥公司、尼爾公司、台灣太子公司，及以空殼公司登
記不動產在和平大苑的聯凡公司等8家。


檢警調今共拘提太子集團組織在台員工等25名被告，包含替太子集團從事線上博弈程式設
計的天旭公司王姓負責人、辜姓人資女主管等人，並約談10名證人到案；遭美國列入制裁
名單的黃女、施女也將陸續到，王女則已出境。


北檢指出，此案檢察官在搜索前為保全太子集團在台洗錢的不法資產，於10月27日向北院
聲請扣押物，合計價值高達45億2766萬餘元，扣押物包含18筆不動產（含和平大苑房屋11
戶、車位48個，依實價登錄價值計38億1421萬餘元），勞斯萊斯、麥拉倫、法拉利、保時
捷、賓士等各式名車26輛、價值4億7758萬餘元，及銀行帳戶60個、餘額2億3587萬餘元。

柬埔寨太子集團控股公司創辦人陳志等人從事跨國詐騙，上月遭美國起訴，台北地檢署分
案偵辦太子集團在台詐騙洗錢案，日前向北院聲請扣押物，含各式名車26輛，價值高達45
億2766萬餘元。圖／調查局提供



--
Mr.
Raindrop, falling away from
me now.
/
/
∕︵︵︵︵︵︵︵﹨
Mr. Raindrop, falling away form me now.
/
/
◢██◣
∥
/     /
Do you know how much you mean to me, why must you leave?
⊙
⊙
∥
I'm just a flower on a tree, why must you leave?
◢
▆
/
/
Mr.
Raindrop, falling away from
me now.
--
※ 發信站: 批踢踢實業坊(ptt.cc), 來自: 36.227.152.32 (臺灣)
※ 文章網址:
https://www.ptt.cc/bbs/Bunco/M.1762287852.A.0B9.html",ptt,Wed Nov  5 04:24:09 2025
[新聞] 感情詐騙頻傳　新北列管4千弱勢長輩保房,https://www.ptt.cc/bbs/Bunco/M.1761968402.A.A93.html,"感情詐騙頻傳　新北列管4千名弱勢長輩保護房產
https://www.cna.com.tw/news/aloc/202510310256.aspx
（中央社記者曹亞沿、黃旭昇新北31日電）新北市議員今天表示，感情詐騙頻傳，更有「
粉紅收屍隊」鎖定有房產、退休金的長輩進行詐騙。地政局說，已列管約4000多名有不動
產的弱勢長輩，若房產有異動將通知警方介入。

新北市議會今天進行市政總質詢。民進黨籍市議員戴瑋姍說，近期交友、感情詐騙層出不
窮，占整體詐騙案前5名，且「粉紅收屍隊」在全台陸續出沒，一些中國籍女子鎖定長輩
談戀愛，騙走其不動產及退休金。

戴瑋姍表示，粉紅收屍隊有一套「養套殺」手法，通常認識長輩後騙取信任、同居，再進
一步詐取錢財，甚至要長輩拿不動產出來抵押。

地政局長汪禮國表示，與社會局合作清查發現，新北市約有8000多名獨居弱勢長輩，其中
約一半擁有不動產。針對擁有不動產的4000多名弱勢長輩，地政事務所會自動列管，若這
些長輩的不動產出現異動，地政局系統會接獲通知，再通報社會局、警局介入處理。

新北市警察局長方仰寧指出，根據統計，新北市今年1月至9月假交友、徵婚詐財案件約占
整體詐騙案4%，受害年齡以30歲到49歲為主，65歲以上占近15%，以男性受害者居多。

方仰寧強調，警局與地政局都有合作，無論長輩是去銀行做金融過戶，或是去地政事務所
設定抵押，都會通知派出所，將透過關懷提問並通知其子女進行攔阻。（編輯：黃世雅）
1141031

--
Mr.
Raindrop, falling away from
me now.
/
/
∕︵︵︵︵︵︵︵﹨
Mr. Raindrop, falling away form me now.
/
/
◢██◣
∥
/     /
Do you know how much you mean to me, why must you leave?
⊙
⊙
∥
I'm just a flower on a tree, why must you leave?
◢
▆
/
/
Mr.
Raindrop, falling away from
me now.
--
※ 發信站: 批踢踢實業坊(ptt.cc), 來自: 111.243.17.203 (臺灣)
※ 文章網址:
https://www.ptt.cc/bbs/Bunco/M.1761968402.A.A93.html",ptt,Sat Nov  1 11:39:56 2025
[新聞] 攝影展揭緬甸詐騙園區慘況　受害者控遭,https://www.ptt.cc/bbs/Bunco/M.1761968285.A.E9F.html,"曼谷攝影展揭緬甸詐騙園區慘況　受害者控遭酷刑挨餓
https://www.cna.com.tw/news/aopl/202510310149.aspx
（中央社記者李宗憲曼谷31日專電）民間組織「人口販運受害者援助網絡」在曼谷舉辦攝
影展，聚焦緬甸詐騙園區受害者處境，透過影像揭露數百名受害者受酷刑、飢餓甚至死亡
的悲慘經歷。主辦方昨晚舉行研討會，邀請人權團體、學者與官員出席，籲打擊跨國犯罪
。

民間團體「人口販運受害者援助網絡」（CSNHTVs）27日至31日在曼谷的泰國外國記者俱
樂部（FCCT）舉行名為「赤裸真相」的攝影展，昨晚並舉辦一場以緬甸詐騙為主題的研討
會。

緬甸詐騙園區受害者處境慘烈
攝影展區展示緬甸詐騙園區宿舍內的床和床架，及人口販賣受害者遭酷刑虐待的傷口照片
和影片。「人口販運受害者援助網絡」表示，至今仍有至少12萬人在緬甸被迫從事網路詐
騙活動，雖然他們已盡全力營救各園區中的受害者，但仍有近300名經核實的受害者被困
，遭受嚴重虐待，亟待救援。

在泰國曼谷舉行的「赤裸真相」攝影展，展出緬甸詐騙園區宿舍內的床和床架，及人口販
賣受害者遭酷刑虐待的傷口照片和影片。中央社記者李宗憲曼谷攝　114年10月31日
「人口販運受害者援助網絡」指出，許多獲救的受害者未經適當處置就被遣返，生病或懷
孕的受害人士無人照顧，他們缺乏法律保護，被貼上「騙子」的標籤而得不到公正的對待
，甚至連基本的人權都得不到保障。

美祭最大沒收行動制裁中國犯罪首腦　揭柬埔寨殺豬盤大型詐騙內幕
緬軍爆破詐騙園區遭批「轉移責任」
本週早前，緬甸軍方針對偽裝成中國投資計畫的線上詐騙集團展開攻勢，泰緬邊境消息人
士指出，位於緬甸米瓦迪（Myawaddy）的全球詐騙重鎮「KK園區」近日陸續傳出爆炸聲響
。

泰國「民族報」（The Nation）報導，26日下午5時25分，與緬甸軍方結盟的克倫邊防部
隊（BGF）引爆KK園區（KK Park）內的詐騙活動相關建築。這是自10月24日以來第4波爆
炸，全部事件發生地點均距泰緬邊界500公尺內。

受邀出席研討會、專研詐騙園區的獨立研究員陶爾（Jason Tower）分析指出，近期緬甸
軍方在KK園區的行動，表面上是打擊詐騙，但實際上也是為了回應國際壓力並轉移責任。

他說，緬甸軍政府在行動中試圖將詐騙活動歸咎於反抗勢力，這既是為了向外界展示「有
所作為」，同時也是為了掩飾自身責任。

另外，談及中國政府在打擊詐騙中的角色，陶爾則表示，詐騙產業能在緬甸壯大，部分原
因是中國多年來未嚴格取締相關犯罪。許多詐騙園區的基礎建設最初由中國國有企業承建
，甚至接受犯罪集團委託興建。

陶爾說，雖然中國近年因國民受詐騙損失慘重，而加大打擊力度，但行動具有「選擇性」
，意指「若詐騙對象是中國人，就會取締，但若目標是外國人，往往睜一隻眼閉一隻眼。
」

他告訴中央社，中國網路上甚至出現「殺洋盤」新詞，意思是「不騙中國人、只騙外國人
」，這顯示中國政府未徹底根除緬甸詐騙問題，反而讓犯罪行為出現「武器化」的趨勢，
將目標轉向國際社會。

泰媒：緬甸軍方打擊詐騙集團　KK園區爆炸聲頻傳
人權組織籲各國合作打擊跨國詐騙
泰國人民賦權基金會（PEF）主席查莉達（Chalida Tajareansuk）在研討會中表示，東南
亞詐騙問題已成「全球性危機」，受害者遍及超過70個國家，她說：「這不只是緬甸、泰
國或中國的問題，而是全世界的問題。」她會後告訴中央社，民間組織從詐騙園區救出的
受害者中，有1人來自台灣。

美國政府曾指出，詐騙產業去年對美國民眾造成高達數以百億美元計損失。10月中，英美
聯手打擊跨國網路詐騙，針對以東南亞為基地的大規模詐騙中心發布制裁，總計有12個實
體與個人入列，全數與集團犯罪首腦、出生於中國福建的陳志有關。

查莉達呼籲，國際社會應承擔責任，各國應透過東協及區域組織合作，建立跨國打擊詐騙
機制。她認為，各國公民也應向該國家的政府施壓，促使各國共同承擔責任。

出席研討會的坦尚尼亞駐泰名譽領事羅倫（Florean Rwehumbiza Laurean）則指出，很多
詐騙園區的詐欺犯是透過通訊軟體招募員工或互相聯繫，他呼籲這些通訊軟體公司應主動
介入偵測對話，找出非法行為。

--
Mr.
Raindrop, falling away from
me now.
/
/
∕︵︵︵︵︵︵︵﹨
Mr. Raindrop, falling away form me now.
/
/
◢██◣
∥
/     /
Do you know how much you mean to me, why must you leave?
⊙
⊙
∥
I'm just a flower on a tree, why must you leave?
◢
▆
/
/
Mr.
Raindrop, falling away from
me now.
--
※ 發信站: 批踢踢實業坊(ptt.cc), 來自: 111.243.17.203 (臺灣)
※ 文章網址:
https://www.ptt.cc/bbs/Bunco/M.1761968285.A.E9F.html",ptt,Sat Nov  1 11:38:02 2025
[新聞] 4千萬被詐騙1／奈米醫材美子公司股利泡湯,https://www.ptt.cc/bbs/Bunco/M.1761965208.A.CE5.html,"4千萬被詐騙1／奈米醫材美國子公司股利泡湯 詐團假帳號攪亂二樁好消息
https://reurl.cc/zK8bRp
一筆逾142萬美元（約新台幣4300多萬）股利，竟因一封冒名假帳號電郵，匯款瞬間憑空
消失，驚動美國FBI，還嚇到台灣股民，全因該案總公司為新竹奈米醫材（6612），是我
國唯一MIT人工水晶體大廠，股價一個月來跌破百元；總座接受CTWANT獨家專訪抱屈說「
二件好消息，都被詐騙掩蓋了！」

奈米醫材（6612）總經理陳秉淳一年前，從李威聯（William Lee）手中接掌職位，李為
奈米共同創辦人之一，他現在專注醫材產品歐洲市場拓展與臨床研究；而最大股東、也是
共同創辦人的董事長樂亦宏，則是負責集團全球整體營運。

陳秉淳在10月下旬，於新竹生醫園區接受CTWANT獨家專訪，他提到的「好消息」，即是在
7月前後宣布的「接獲客戶授權合約展期通知」、「人工水晶體產品通過歐盟醫療器材法
規MDR認證」二樁大案。

根據CTWANT調查，前者是奈米醫材起家「塗層」再獲世界眼科產品第一大廠的續約，意即
到2030年該項營收穩定；後者即是奈米醫材取得歐盟證照，成為全國前15家取得MDR認證
的人工水晶體廠商，取得該項優勢，接下來可加速開發歐洲市場搶得市佔率。

奈米醫材塗層技術方面厲害之處，主要在於其多年累積的高專利技術，尤其是在人工水晶
體的潤滑塗層上具有業界領先地位，從1993年至2024年間在美國取得多項塗層專利，且其
塗層技術應用於全球最大的人工水晶體公司，成為全球約50％白內障手術使用的塗層技術
源頭，可說是全球隱形冠軍。

該公司的塗層不僅具備高潤滑性，能保障人工水晶體在手術過程中摺疊與植入時不損傷，
也避免了術後的發炎反應，是眼科手術中重要關鍵技術；也因為奈米醫材的塗層技術授權
給多個國際知名客戶，形成穩定的權利金收入和技術服務收入來源。

在營收與獲利上，奈米醫材2025年前三季累計營收約新台幣8.3億元，2025年第二季營收
達5.67億元，前三季兩年度成長38％。

陳秉淳說，奈米醫材營收來源主要分為三大類：權利金收入約佔20％，技術服務收入約佔
18％，及人工水晶體等醫材、射出成型等銷售收入佔62％。其中，塗層技術授權和技術服
務屬於穩定的獲利來源，該公司近年重點大幅拓展高毛利的人工水晶體、植入器等醫材完
整產品線。

儘管2025年上半年受臨床試驗費用和匯兌損失影響獲利有所壓抑，但毛利率仍維持在約59
％，營業利益率約12％左右。

奈米醫材的塗層技術在人工水晶體植入器件中具關鍵潤滑功能及業界領先的專利優勢，且
授權收入穩定。該技術雖營收佔比相對於完整人工水晶體產品較小，但仍是其重要且持續
增長的利基市場一部分。2025年該公司營收持續成長至約8億新台幣水準，並積極拓展全
球市場，特別是歐洲與美國，且高階產品比重逐步提升，有助未來營利能力增強。

--
Mr.
Raindrop, falling away from
me now.
/
/
∕︵︵︵︵︵︵︵﹨
Mr. Raindrop, falling away form me now.
/
/
◢██◣
∥
/     /
Do you know how much you mean to me, why must you leave?
⊙
⊙
∥
I'm just a flower on a tree, why must you leave?
◢
▆
/
/
Mr.
Raindrop, falling away from
me now.
--
※ 發信站: 批踢踢實業坊(ptt.cc), 來自: 111.243.17.203 (臺灣)
※ 文章網址:
https://www.ptt.cc/bbs/Bunco/M.1761965208.A.CE5.html",ptt,Sat Nov  1 10:46:44 2025
[新聞] 團購裝潢淪詐騙1 主嫌抓到了！騙百戶捲億,https://www.ptt.cc/bbs/Bunco/M.1761879438.A.5DD.html,"團購裝潢淪詐騙1／主嫌抓到了！騙百戶裝潢捲億元落跑
https://today.line.me/tw/v3/article/Opg0E86
土城「世界花園」社區9月份傳出住戶集體遭裝潢詐騙，經統計超過百戶受害，另再加上
承攬的下包商數間，詐騙金額總計破1億元。原定10月16日議員偕同受害住戶將召開記者
會，就在前1天突臨時喊卡，根據CTWANT記者調查，「費姓主嫌抓到了！」而主嫌費敬禹
原名為費聿譁，疑似為前立委費鴻泰的姪子。

根據CTWANT得到消息，「世界花園」裝潢詐騙案關鍵人物設計師費敬禹，以假名吳敬禹服
務客戶，事發後人間蒸發，原本就是通緝犯的他，隱身躲藏多日，經警方循線偵查，已於
新北三重租屋處抓捕到案。目前全案已報請檢察官指揮偵辦，並全力追查金流找出其他關
係人是否具共犯結構。

根據台灣高等檢察署通緝查詢系統顯示，去年7月26日，費敬禹因偽造文書遭通緝。（圖
／投訴人提供）
根據台灣高等檢察署通緝查詢系統顯示，去年7月26日，費敬禹因偽造文書遭通緝。（圖
／投訴人提供）
此案受害住戶多經由代銷推薦，或是因推出「買屋送裝潢」，找上奧拓公司承攬裝潢工程
。由於奧拓公司同時也是該案實品屋設計公司，住戶認為建商合作廠商應有保障，再加上
代銷為其美言，奧拓公司保證價格絕對優惠，吸引超過百戶住戶合作，並支付訂金、工程
款。

後續奧拓公司再以冷氣將漲價為由，介紹大盤商提供優惠價，要受害人先付款購買冷氣、
其他電器產品，讓受害人在工程未達進度前，已支付大筆款項。

根據受害住戶自行統計，該社區約有140戶以上與奧拓公司簽訂裝潢合約，合約金額在
30~160萬元間。另根據住宅消保會統計，有前往申請調處僅79戶，平均支付約80萬元，外
加電器代購金額平均約支出20萬元。

除了裝潢住戶，下包工班也多人受害，住保會觀察表示，此案戶數多、承攬下包業者也眾
多，但有不少工班師傅不想再投入時間心力追訴，認賠心態多，也不願至住保會登入資料
，廠商的受害金額較難估計。

目前住保會僅掌握的木工、系統櫃、水電、冷氣等少數幾家業者，奧拓拖欠尾款金額約
900萬元。不過記者詢問到另外一批工班業者欠款共有1500萬元，實則難以估計。

「世界花園」今年剛落成交屋，花崗石建築外觀，還有超大中庭公園，相當氣派，很難想
像裡頭竟有百餘戶裝潢爛尾。（圖／劉耿豪攝）
「世界花園」今年剛落成交屋，花崗石建築外觀，還有超大中庭公園，相當氣派，很難想
像裡頭竟有百餘戶裝潢爛尾。（圖／劉耿豪攝）
而其中關鍵人物為奧拓設計師費敬禹，以化名「吳敬禹」招攬業務，2024年7月即遭通緝
，過去他曾涉嫌多起侵占、偽造文書案件。

不過，費敬禹還不是他原本的名字，他的原名其實是費聿譁，2005年就有詐騙紀錄，2019
年，費敬禹更因工程糾紛登上新聞版面，他自稱是立委姪兒，擔任室內設計師承攬建案實
品屋裝潢，卻詐騙承包商的血汗錢。

當時承包商指控，費姓設計師發包工程後，向建商領款，但卻捲款落跑，工班們裝潢好卻
領不到錢，面對下游廠商逼債，有人借錢，有人走投無路，甚至走上絕路，利用這樣手法
騙了好幾個建案工班，不法所得破千萬。

根據CTWANT記者調查，費鴻泰家族侄兒輩皆叫「費聿X」，如費鴻泰的兒子費聿德，費鴻
泰的姪子、饒舌團體成員費聿鋒，此案主嫌費敬禹原名費聿譁，疑真如他所言是「立委姪
子」。對此，費鴻泰回應表示沒聽過這人，本家親戚很多，絕大部分都沒有往來。

對於費敬禹過去曾自稱是「立委姪兒」，前立委費鴻泰回應，家族人口眾多，不認識。（
圖／報系資料庫）
對於費敬禹過去曾自稱是「立委姪兒」，前立委費鴻泰回應，家族人口眾多，不認識。（
圖／報系資料庫）
據了解，事發後，費敬禹消失，而負責人林峻宏夫婦則哭訴是費敬禹捲款跑路，稱他們也
是受害者。

費敬禹左手向裝修小白屋主們收裝修款，右手則是找工班施工，拖欠工程款，他要求住戶
將支付家電款項匯入媽媽「吳美秀」帳戶，恐拖累高齡80歲的母親吳美秀。

住保會公義律師黃雅筑分析，如果是因為設計公司後續經營不善導致「現場確實有施工，
只是沒做完」，設計公司負責人或設計師要成立詐欺罪較爲不易，結果將導向民事糾紛；
不過若是以採購家電冷氣為由收取款項卻未提供，屋主們可依照民法相關規定要求返還款
項，又若一開始就沒有為屋主們採購家電冷氣的能力與意願，則仍可能構成刑事詐欺罪，
甚至是帳戶持有人若知情，亦可能列為共犯，就看檢察官偵查以及追查金流的結果。

一位受害住戶表示，目前多數住戶裝潢進度都僅施作到天花板、隔間、部分地板，但是很
多人卻已支付超過裝修契約6~9成，僅剩尾款未支付，甚至有住戶因過度相信代銷的推薦
，連正式工程合約都沒有簽訂。

然而，住戶請其他設計公司重新評估，幾乎都建議全部拆除重新來過，給奧拓公司的款項
不僅討不回，還要重新再額外支付一筆裝修費用來解決問題，讓住戶欲哭無淚。

他們因此呼籲，「奧拓公司企圖用已動工假象，混淆檢警偵辦，將事件導向單純的消費糾
紛，懇請檢警切勿聽信奧拓一面之詞。」

--
Mr.
Raindrop, falling away from
me now.
/
/
∕︵︵︵︵︵︵︵﹨
Mr. Raindrop, falling away form me now.
/
/
◢██◣
∥
/     /
Do you know how much you mean to me, why must you leave?
⊙
⊙
∥
I'm just a flower on a tree, why must you leave?
◢
▆
/
/
Mr.
Raindrop, falling away from
me now.
--
※ 發信站: 批踢踢實業坊(ptt.cc), 來自: 111.243.17.203 (臺灣)
※ 文章網址:
https://www.ptt.cc/bbs/Bunco/M.1761879438.A.5DD.html",ptt,Fri Oct 31 10:57:14 2025
[新聞] 刑事局破DMT話務機房人頭門號詐騙案,https://www.ptt.cc/bbs/Bunco/M.1761877026.A.2F2.html,"刑事局破DMT話務機房人頭門號詐騙案 送辦13人
https://www.cna.com.tw/news/asoc/202510290261.aspx
（中央社記者蘇木春台中29日電）刑事局電偵大隊日前破獲DMT話務機房、人頭門號系統
商等2案，其中黃男鎖定街友，給予酬勞誘騙申辦門號後，再轉賣給不法集團，警方2案共
逮捕13人送辦，其中4人經檢方聲押獲准。

刑事警察局電信偵查大隊今天表示，電偵大隊第二隊分析165反詐騙資料庫時，發現中部
地區有不明話務設備（DMT）大量轉接境外詐騙電話，立即與台南、台中、桃園、南投、
彰化等地警局組成專案小組調查。

專案小組於民國114年1月及7月間，前往DMT話務機房位於彰化縣彰化市與南投縣竹山鎮的
據點搜索，查獲運作中DMT設備4台、卡池設備1組、手機11支、國內門號SIM卡958張，以
及四級毒品硝西泮混合藥錠5.1公斤與分裝設備，並帶回機房主嫌32歲張男與成員共4人偵
辦。

警方查出，涉案的話務集團以DMT設備模擬合法通訊節點，將境外詐騙訊號重導回台灣行
動網路，使民眾誤以為接獲國內來電，進而受騙轉帳。清查自113年9月至破案前，共有21
人受害，損失金額逾新台幣3600萬元。

警方表示，此次查緝成功癱瘓集團作為境外詐騙話務中繼的核心樞紐，封鎖上千條通訊通
道，有效切斷境外詐團對台的詐騙語音路徑。另外，於彰化機房內發現夾層隱藏毒品分裝
廠，主嫌同時製造含硝西泮成分之毒品咖啡包，專案小組同步查扣打錠機、封膜機、攪拌
器等工具，防止毒品外流。

另外，電偵大隊第二隊破獲位於台中市北屯區「人頭門號系統商詐欺機房案」，查獲主嫌
37歲黃男、會計、掮客與車手等9人，共查扣自小客車2輛、手機15支、筆電4部、平板2部
、人頭門號申請書86張、假公司契約22份及SIM卡64張。

警方查出，黃男鎖定街友群聚的公園搭訕，以代辦門號換取現金，誘騙街友到鄰近電信門
市申辦門號，即可獲得數百元報酬，再將門號高價交由犯罪分子從事假投資詐騙牟利，形
成「人頭門號供應鏈」。

此外，黃男不僅提供話務服務，還協助投資詐騙機房刻製公司大小章，製作假投資創投文
件及車手領據，另外仲介前妻擔任車手到現場領錢，經清查該集團所涉門號共121起詐騙
案件，累計財損達5億5000萬元。

警方日前前往黃男位於台中市北屯區的據點逮人，趁他搭乘電梯時，在電梯內將他包圍逮
捕到案。警方將兩案依詐欺、毒品等罪嫌，分別移送台中及彰化地方檢察署偵辦，其中黃
男等4人經檢方聲押獲准。（編輯：李亨山）1141029

--
Mr.
Raindrop, falling away from
me now.
/
/
∕︵︵︵︵︵︵︵﹨
Mr. Raindrop, falling away form me now.
/
/
◢██◣
∥
/     /
Do you know how much you mean to me, why must you leave?
⊙
⊙
∥
I'm just a flower on a tree, why must you leave?
◢
▆
/
/
Mr.
Raindrop, falling away from
me now.
--
※ 發信站: 批踢踢實業坊(ptt.cc), 來自: 111.243.17.203 (臺灣)
※ 文章網址:
https://www.ptt.cc/bbs/Bunco/M.1761877026.A.2F2.html",ptt,Fri Oct 31 10:17:03 2025
[新聞] 土城警攜手銀行築防線 成功攔阻逾億詐騙,https://www.ptt.cc/bbs/Bunco/M.1761726712.A.EC8.html,"土城警攜手銀行築防線 成功攔阻逾億詐騙金流
https://reurl.cc/zKg0NQ
【警政時報 戴昱弘/新北報導】隨著詐騙手法不斷翻新，稍一不慎便可能陷入詐騙陷阱。
為強化防詐體系，新北市政府警察局土城分局主動出擊，積極推動「防詐種子教官」計畫
，深入轄內各大金融機構，攜手銀行行員共同推動反詐教育，打造第一線「阻詐鐵防線」
。


行員憑藉敏銳的觀察力與豐富的實務經驗，能在民眾臨櫃匯款的關鍵時刻識破詐騙話術，
即時通報警方介入，成功守住民眾的血汗錢。統計顯示，自今年1月至9月，土城分局與轄
內金融機構合作，共成功攔阻157起詐騙案件，避免損失金額高達新臺幣1億859萬2,607元
，成效亮眼。

詐騙OUT！土城警聯手金融機構聯手反詐 守護逾1億民眾財產

值得一提的是，凱基銀行一名行員近期發現一名婦人疑似遭詐，當場通報警方前往查證，
成功阻止245萬元匯款，避免重大財損。

此外，中信金城、國泰學府、平和郵局、土城郵局、兆豐土城、臺企土城、星展土城、國
泰人壽海山、富邦土城、貨饒農會、永豐土城、彰化土城、臺銀土城、玉山土城及合庫土
城等機構，也皆展現防詐合作的高度警覺與團隊精神，形成堅實的跨機構防詐網絡。

為感謝行員在防詐上的貢獻，土城分局長陳建龍特別頒發「土城警察熊」致贈表揚，肯定
行員在第一線識破詐騙、守護民眾財產的辛勞，並期勉更多金融人員加入防詐行列，成為
保護民眾資產的「防詐尖兵」。

土城分局提醒，面對可疑投資、陌生來電或簡訊要求匯款時，務必謹記「不貪心、不匯款
、不輕信」三原則。如有疑慮，可撥打165反詐騙專線諮詢。

防詐，從你我做起，共築安全家園！

--
Mr.
Raindrop, falling away from
me now.
/
/
∕︵︵︵︵︵︵︵﹨
Mr. Raindrop, falling away form me now.
/
/
◢██◣
∥
/     /
Do you know how much you mean to me, why must you leave?
⊙
⊙
∥
I'm just a flower on a tree, why must you leave?
◢
▆
/
/
Mr.
Raindrop, falling away from
me now.
--
※ 發信站: 批踢踢實業坊(ptt.cc), 來自: 36.227.151.159 (臺灣)
※ 文章網址:
https://www.ptt.cc/bbs/Bunco/M.1761726712.A.EC8.html",ptt,Wed Oct 29 16:31:48 2025
[新聞] 假檢警詐騙！桃園翁「清空保險箱財物」,https://www.ptt.cc/bbs/Bunco/M.1761726519.A.A8E.html,"假檢警詐騙！桃園翁「清空保險箱財物」面交　警埋伏逮車手
https://www.ettoday.net/news/20251029/3058459.htm
記者沈繼昌／桃園報導

桃園市中壢警分局日前接獲徐姓男子報案聲稱，接獲自稱「新北市警察局石隊長」來電，
指稱其妻涉嫌詐欺案，隨後又有自稱「地檢署蔡主任檢察官」要求交付名下所有財產，會
有「公證人員」上門收取保管以釐清案情；中壢警方研判是假檢警詐騙案，雙方約定在中
壢區某處交付其名下包括現金、外幣、金飾與5兩金條5塊等逾400萬元財物，趁車手現身
取得保管財物後當場逮捕到案，成功保住其徐男財產。

▲桃園市中壢警分局27日根據徐姓男子報案疑遭詐騙，徐姓男子配合警方將金飾外幣等財
產準備交付車手。（圖／中壢警方提供）

中壢警分局興國派出所於27日晚間接獲報案，78歲徐姓男子日前接獲自稱「新北市警察局
石隊長」電話，指稱其妻涉嫌詐欺案，隨後有人自稱「地檢署蔡主任檢察官」要求他交付
名下所有財產，屆時會有「公證人員」上門收取保管以釐清案情。徐姓男子稱，這輩子奉
公守法，對自稱假檢警來電深信不疑，立即前往銀行保險箱取出所有財物，並準備現金、
金飾與日幣、人民幣等外幣，其中包括有5兩金條5塊，折合新臺幣約372萬元，妻子察覺
異常後趕緊報警查證。

興國派出所員警獲報後，指派專人協助徐姓男子與詐騙集團周旋，成功取信詐團後相約在
中壢區正光一街布署警力埋伏；當晚8時許，28歲陳姓車手依約上門取得財物之際，埋伏
員警隨即一擁而上逮捕到案，查獲陳男隨身手機等證物，成功保住徐男逾400萬元財產。

▲桃園市中壢警分局27日埋伏查獲陳姓車手，保住徐姓男子逾400萬元財產，圖為包括現
金、金飾與日幣、人民幣與5兩金條5塊等證物。（圖／中壢警方提供）

中壢警分局長林鼎泰強調，詐騙集團常假冒檢警名義，以「帳戶涉案」、「資金保管」、
「財產清查」等話術要求民眾交付金錢或貴重物品，真正檢警機關絕不會以電話要求民眾
交付財產。民眾若接獲類似電話，應保持冷靜，立即撥打「165」反詐騙專線或「110」報
案，警方將持續強化打詐作為，以守護民眾財產安全。

--
Mr.
Raindrop, falling away from
me now.
/
/
∕︵︵︵︵︵︵︵﹨
Mr. Raindrop, falling away form me now.
/
/
◢██◣
∥
/     /
Do you know how much you mean to me, why must you leave?
⊙
⊙
∥
I'm just a flower on a tree, why must you leave?
◢
▆
/
/
Mr.
Raindrop, falling away from
me now.
--
※ 發信站: 批踢踢實業坊(ptt.cc), 來自: 36.227.151.159 (臺灣)
※ 文章網址:
https://www.ptt.cc/bbs/Bunco/M.1761726519.A.A8E.html",ptt,Wed Oct 29 16:28:35 2025
[新聞] 應徵日文翻譯遇詐騙！韓女赴柬埔寨遭詐騙,https://www.ptt.cc/bbs/Bunco/M.1761079723.A.62A.html,"應徵日文翻譯遇詐騙！韓美女赴柬埔寨「遭逼脫衣」　淪成人直播主
https://www.ettoday.net/news/20251021/3053965.htm
▲南韓派遣外交部次長金珍我前往柬埔寨首都金邊的犯罪園區太子集團。（圖／達志影像
）

記者羅翊宬／編譯

22歲韓籍朴姓男大生在柬埔寨遭詐騙集團虐死後，赴柬詐騙與非法拘禁事件備受關注。韓
媒揭露，一名30多歲韓籍女性金敏荷（化名，音譯）原以為赴柬埔寨是應徵日語翻譯工作
，卻遭當地韓籍僑民誘騙，並被賣給犯罪集團，遭對方脅迫拍攝成人直播節目，業績不達
標就遭毆打，如此地獄般的生活長達一個月。

根據韓媒《東亞日報》獨家報導，金敏荷去年4月應徵日語口譯工作後，抵達柬埔寨首都
金邊，當時在機場迎接她的是一名在從事演員與模特兒工作的韓國僑民，且在南韓入口網
站可以搜尋到該名僑民的資訊。僑民笑著表示，「很簡單的工作」，接著開車將她送往施
亞努市（西哈努克市）靠海公寓，車程約4小時。

金敏荷抵達公寓後，透過通訊軟體Kakao Talk向家人報平安。然而，此時卻突然遭到3名
陌生男性闖入房間，搶走手機與護照，並強迫她在鏡頭前脫衣裸身主持成人直播節目。

金敏荷的直播設有「KPI」（業績目標），一旦未能達標，不僅要被辱罵，還會遭受毆打
。她描述，每天都在房間裡面對不熄燈的鏡頭光，偶爾更聽到隔壁傳來陣陣「救命」的尖
叫嘶吼聲，生活如同煉獄般煎熬。


▲南韓大田地方法院洪城支院20上午開庭審訊赴柬埔寨參與詐騙的韓籍豬仔。（圖／達志
影像）

約一個月後，金敏荷在家人追蹤下獲得「抵達認證照」作為線索，家人聯絡在當地居住20
年的韓國僑民，協助分析照片中海域與島嶼的具體位置，持續搜索整個施亞努市。最後，
僑民聯合當地警方突襲該棟公寓，成功救出金敏荷。事後，金敏荷得知，當初接她的僑民
，竟然將她以500萬韓元賣給犯罪集團。

報導也提及，去年類似案件中，除了男性受害者，女性受害者亦不在少數，例如30多歲男
性鄭敏秀（化名）曾遭愛情詐騙誘拐，其中少數女性負責在通話配音女性角色。

據悉，本月7日也有另一名30多歲女性在柬埔寨與越南邊境死亡，凸顯女性赴柬遭誘拐與
虐待事件並非孤立案例。

--
Mr.
Raindrop, falling away from
me now.
/
/
∕︵︵︵︵︵︵︵﹨
Mr. Raindrop, falling away form me now.
/
/
◢██◣
∥
/     /
Do you know how much you mean to me, why must you leave?
⊙
⊙
∥
I'm just a flower on a tree, why must you leave?
◢
▆
/
/
Mr.
Raindrop, falling away from
me now.
--
※ 發信站: 批踢踢實業坊(ptt.cc), 來自: 36.227.147.135 (臺灣)
※ 文章網址:
https://www.ptt.cc/bbs/Bunco/M.1761079723.A.62A.html",ptt,Wed Oct 22 04:48:40 2025
[新聞] KK詐騙園區被軍政府攻佔，背後涉華人黑幫,https://www.ptt.cc/bbs/Bunco/M.1761079575.A.DB3.html,"KK詐騙園區被軍政府攻佔，背後涉華人黑幫
https://reurl.cc/Ln9dVX
緬甸軍方表示，已攻佔位於泰緬邊境臭名昭著的一處網絡詐騙園區，並稱其為內戰中失去
的關鍵領土。

位於邊境城鎮妙瓦底南部的KK園區，過去五年來一直是網絡詐騙、洗錢和人口販賣的代名
詞。

成千上萬的人被高薪工作誘騙到這裡，然後被迫實施精心設計的詐騙，從世界各地的受害
者手中竊取了數十億美元。

延伸閱讀


長期以來，緬甸軍方一直因與詐騙活動的牽連而受到指責。如今他們表示，已佔領該地，
以擴大對通往泰國的主要貿易樞紐妙瓦底週邊地區的控制。

最近幾週，緬甸軍方在本國多個地區擊退了反對派，旨在最大限度地擴大計劃於12月開始
的選舉的覆蓋範圍。

2021年2月軍事政變以來，緬甸一直飽受戰亂之苦，軍政府至今仍未控制緬甸大部分地區
。反對派勢力將選舉斥為騙局，並誓言要阻止其控制地區舉行選舉。

克倫民族聯盟（KNU）於2020年初與一家鮮為人知的香港上市公司「環亞國際」簽訂了一
項租賃協議，計劃合建一處工業園區，這就是KK園區的開端。民族叛亂組織克倫民族聯盟
控制了當地大部分區域。

研究人員認為，環亞國際與中國黑社會知名人物尹國駒（Wan Kuok Koi，更廣為人知的名
字是「崩牙駒」）之間存在聯繫，後者後來在邊境地區投資了其它詐騙中心。

該詐騙中心迅速擴張，從泰國邊境側即可輕鬆看到。

成功逃脫的人描述了控製者對數千名被關押在那裡的人實施的殘酷統治，其中許多人來自
非洲國家，他們被迫長時間工作，未能達到目標的人還會遭受酷刑和毆打。

軍政府資訊部發表聲明稱，其部隊已「清剿」KK園區，釋放了2000多名工人，並沒收了埃
隆·馬斯克公司生產的30台星鏈衛星終端——這些終端被泰緬邊境的詐騙中心廣泛用於網
絡活動。

該聲明指責自政變以來一直在與軍政府作戰的所謂「恐怖分子」克倫民族聯盟和志願人民
國防軍非法佔領該地區。

緬甸軍政府聲稱已關閉這個臭名昭著的詐騙中心，這次行動幾乎可以肯定受到了其主要資
助者中國的指導。北京一直敦促軍政府和泰國政府採取更多措施，以終止中國犯罪集團在
兩國邊境區域經營的非法生意。

今年早些時候，在泰國切斷電力和燃料供應後，數千名中國工人被帶離詐騙中心，並乘坐
包機返回中國。

但KK園區只是邊境地區至少30個類似場所之一。這些場所大多受到與軍政府結盟的克倫族
民兵組織的保護，大多數仍在運作，數萬人在這裡從事詐騙。

事實上，這些民兵組織的支持，在幫助軍方將克倫民族聯盟和其他抵抗組織從過去兩年佔
領的地區趕走方面發揮了至關重要的作用。

軍方目前控制了幾乎所有連接妙瓦底江與緬甸其他地區的道路，這是軍政府在12月舉行第
一階段選舉前設定的目標。

軍方已經佔領了萊凱考（Lay Kay Kaw），這是2015年在日本資助下為克倫民族聯盟建立
的新鎮，當時克倫邦在全國停火後曾有望實現持久和平。

這對克倫民族聯盟的打擊比佔領KK園區更大，雖然克倫民族聯盟確實從中獲得了一些收入
，但大部分經濟利益都流向了親軍政府的民兵組織。

一位消息人士告訴BBC，KK園區的詐騙活動仍在繼續，軍方很可能只控制了這座龐大建築
群的一部分。

消息人士也認為，北京方面正在向緬甸軍方提供一份中國公民名單，希望從這些詐騙建築
群中抓捕這些人，並將他們遣返回中國接受審判，這或許可以解釋KK園區遭到襲擊的原因
。

--
Mr.
Raindrop, falling away from
me now.
/
/
∕︵︵︵︵︵︵︵﹨
Mr. Raindrop, falling away form me now.
/
/
◢██◣
∥
/     /
Do you know how much you mean to me, why must you leave?
⊙
⊙
∥
I'm just a flower on a tree, why must you leave?
◢
▆
/
/
Mr.
Raindrop, falling away from
me now.
--
※ 發信站: 批踢踢實業坊(ptt.cc), 來自: 36.227.147.135 (臺灣)
※ 文章網址:
https://www.ptt.cc/bbs/Bunco/M.1761079575.A.DB3.html",ptt,Wed Oct 22 04:46:08 2025
[新聞] 太子詐騙帝國崩解 董事長遭通緝 星國澄清,https://www.ptt.cc/bbs/Bunco/M.1760923821.A.BCB.html,"太子」詐騙帝國崩解、董事長遭通緝 星國遭爆「有往來」急澄清
https://news.ltn.com.tw/news/world/breakingnews/5216927
美國司法部與財政部日前起訴在柬埔寨各地進行投資詐騙的太子控股集團（Prince
Holding Group）董事長陳志，美方已查扣價值約150億美元（約4500億元新台幣）的比特
幣，並與各國合作追緝目前仍在逃亡的陳志。由於新加坡主權基金淡馬錫（Temasek）被
外媒爆出與太子集團有關，淡馬錫也緊急發聲澄清。

綜合媒體報導，美國司法部起訴書指出，紐約布魯克林聯邦法院指控37歲、又名「文森」
（Vincent）的陳志，涉嫌透過太子控股集團在柬埔寨設立詐騙園區，並直接參與管理。
太子集團在30多國經營數十家企業，表面從事房地產開發，實際則在柬埔寨設有至少10座
詐騙園區，園區如同強迫勞動營，透過社群媒體與網路訊息聯繫受害者，建立關係後以高
報酬投資為餌進行詐財。

陳志曾吹噓其「殺豬盤」詐騙園區每日可獲利3000萬美元（約9.18億元新台幣），當取得
詐騙款項後，太子集團會透過各種方式洗錢，包括經營實體產業、購買加密貨幣等手段來
掩飾贓款，甚至是賄賂外國官員掩護犯罪行動。目前陳志仍在逃，若在美國被定罪，最高
可判40年徒刑。

在陳志事件延燒之際，《彭博》日前報導聲稱，由新加坡政府100%持股的投資公司「淡馬
錫控股」（Temasek Holdings Private Limited）與太子集團有關，指稱陳志在新加坡設
立了「家族辦公室」、獲得稅務減免，同時與「淡馬錫控股」旗下公司建立關係。而作為
被美國制裁的3名新加坡人之一的陳秀玲，甚至在2023年12月任職「17Live」的董事，「
17Live」則是淡馬錫旗下創投公司「祥峰投資」（Vertex Ventures）所投資的亞洲直播
平台企業。

針對指控，「淡馬錫控股」16日發聲澄清，強調淡馬錫及其子公司，與太子集團之間「無
任何關聯」，並未參與任命包括陳秀玲在內的所有「17Live」董事。淡馬錫旗下的「盛裕
控股」（Surbana Jurong）與「雅詩閣」（Ascott）也都陸續發聲澄清。

--
Mr.
Raindrop, falling away from
me now.
/
/
∕︵︵︵︵︵︵︵﹨
Mr. Raindrop, falling away form me now.
/
/
◢██◣
∥
/     /
Do you know how much you mean to me, why must you leave?
⊙
⊙
∥
I'm just a flower on a tree, why must you leave?
◢
▆
/
/
Mr.
Raindrop, falling away from
me now.
--
※ 發信站: 批踢踢實業坊(ptt.cc), 來自: 36.227.147.135 (臺灣)
※ 文章網址:
https://www.ptt.cc/bbs/Bunco/M.1760923821.A.BCB.html",ptt,Mon Oct 20 09:30:14 2025
[新聞] 假冒一卡通詐騙　10月財損已逾百萬,https://www.ptt.cc/bbs/Bunco/M.1760838453.A.696.html,"假冒一卡通詐騙　10月財損已逾百萬
https://newtalk.tw/news/view/2025-10-19/999748
一卡通公司提醒用戶謹記「3不原則」防盜刷。   圖/一卡通網站

高市警方接獲報案發現詐騙集團近期假冒一卡通電子票證公司名義發送釣魚簡訊附上偽造
網站連結，導致民眾卡號遭盜刷、帳戶被竊，10月財損金額已逾新台幣100萬元。

高雄市警察局刑事警察大隊昨天新聞稿指出，近期接獲報案發現詐騙集團近期假冒「
iPASS一卡通電子票證公司」名義發送釣魚簡訊，佯稱「帳戶異常」、「退款通知」或「
卡片需更新」，並附上偽造的網站連結。

導致民眾被誤導點擊後輸入個資或信用卡資料，造成卡號遭盜刷、帳戶被竊用的情形頻傳
。經統計，高雄市釣魚簡訊案類今年10月受理共32件，其中「iPASS一卡通」即佔18件，
且財損金額已逾100萬元。

警方表示，民眾林小姐日前收到簡訊通知，內容顯示「iPASS一卡通系統資安優化暨帳戶
資料再次確認作業通知」，並傳送連結網址要求更新iPASS MONEY帳戶。

林小姐點擊簡訊提供連結，依網站要求輸入本人手機號碼後接收到訊息認證碼（OTP），
將訊息認證碼再次輸入釣魚連結網址中的詐騙網站內。

隨後，林小姐的iPASS MONEY帳戶所綁定的銀行帳戶遭不明人士先轉帳儲值至該iPASS
MONEY帳戶，1分鐘後又遭不明人士以小額付費方式境外付款，始驚覺受騙報警。

對此，一卡通公司發布公告，指出近來詐騙集團假冒 iPASS MONEY，透過簡訊、E-mail或
電話，謊稱「資料更新」、「帳戶異常」或「系統升級」，騙取用戶「簡訊/交易驗證碼
」或個人資料，此類訊息均為詐騙。

一卡通公司提醒用戶謹記「3不原則」，包括不透露驗證碼、密碼或個人資料；不點擊陌
生連結或開啟不明附檔；不依隨陌生來電指示操作。如遇任何可疑情事，可立即透過客服
協助查證，共同維護帳戶安全。

警方指出，詐騙集團常冒用「官方名義」及「緊急用語」混淆視聽，誘導民眾在釣魚網站
輸入資料。一卡通公司並不會以簡訊通知用戶點擊連結、提供個資或進行退款驗證，如接
獲類似訊息請立即刪除。

--
Mr.
Raindrop, falling away from
me now.
/
/
∕︵︵︵︵︵︵︵﹨
Mr. Raindrop, falling away form me now.
/
/
◢██◣
∥
/     /
Do you know how much you mean to me, why must you leave?
⊙
⊙
∥
I'm just a flower on a tree, why must you leave?
◢
▆
/
/
Mr.
Raindrop, falling away from
me now.
--
※ 發信站: 批踢踢實業坊(ptt.cc), 來自: 36.227.147.135 (臺灣)
※ 文章網址:
https://www.ptt.cc/bbs/Bunco/M.1760838453.A.696.html
※ 編輯: petestar (36.227.147.135 臺灣), 10/19/2025 09:47:56",ptt,Sun Oct 19 09:47:31 2025
[新聞] 超商「幽靈包裹」詐騙猖獗！他慘噴千元,https://www.ptt.cc/bbs/Bunco/M.1760837595.A.E14.html,"超商「幽靈包裹」詐騙猖獗！他慘噴千元買防曬霜
https://www.setn.com/News.aspx?NewsID=1737780
記者林盈君／綜合報導

近年，網購詐騙案件層出不窮，尤其以「超商包裹詐騙」手法最為猖獗。根據內政部警政
署165打詐儀錶板數據統計，2025年9月份網路購物詐騙報案件數高達3,625件，為各類詐
騙手法之首，顯示詐團利用民眾網購習慣行騙，仍為現行主要詐騙類型之一。

超商包裹詐騙手法最為猖獗，4大步驟讓損失降到最低。（示意圖／資料照）

日前，一名謝姓男子於今年10月初報案，表示自己收到一則簡訊通知稱「網購商品已送達
超商」，由於當時工作繁忙，一時不確定是否曾在網路上購物，誤以為是家人代訂的商品
，遂前往超商付款1000多元取貨，未料，取貨後打開包裹，才發現內容物為防曬霜，經向
家人及朋友查詢，均無人購買或寄送該商品，這才驚覺遭遇「幽靈包裹」詐騙，隨即向警
方報案。

超商包裹詐騙手法最為猖獗，4大步驟讓損失降到最低。（圖／翻攝畫面）

警方指出，目前「超商包裹詐騙」主要分為兩種類型：

1.社群平臺一頁式詐騙廣告：詐騙集團透過社群網站或廣告刊登假冒商品頁面，以「超低
價」、「限時特惠」等話術吸引民眾下單，並以「貨到付款」取信消費者。待民眾付款取
貨後，才發現收到與下單內容不符、劣質甚至無法使用之商品，始知受騙。

2.幽靈包裹詐騙：詐團在民眾未曾購物下單情況下，主動寄送包裹至超商門市，並發送簡
訊通知取貨付款。許多民眾誤以為家人或朋友代購而付款領取，事後發現根本未曾訂購，
造成金錢損失。

超商包裹詐騙手法最為猖獗，4大步驟讓損失降到最低。（圖／翻攝畫面）
超商包裹詐騙手法最為猖獗，4大步驟讓損失降到最低。（圖／翻攝畫面）
如遇到這種詐騙情形，目前4大超商都有客服專線或申訴平台提供申請退款、退貨管道，
民眾即使在超商已付款領取不是自己購買的商品，只要透過超商線上申訴平台或客服中心
立案，便能有效讓損失降到最低。若民眾懷疑收到詐騙包裹，應立即採取下列步驟處理：

●務必於取貨後7天內提出申訴。
●申請退款時，請完整保留包裹外箱及寄件資料。
●若為未訂購的「幽靈包裹」，取貨前請先確認購物清單與家人，並拒絕取貨。
●如果對購物有疑慮，可先透過包裹上的寄件人資訊進行查詢，協助辨別真偽。

另外，刑事局提醒民眾，詐騙包裹多由國內外不明賣家，透過境外電商或社群平台接單，
再委託貨運報關與物流配送，消費者取貨開箱後始發現受騙，在網購或取貨前，留意以下
3點能有效降低受騙機率：

1.未訂貨請勿取件：對於來源不明或非本人訂購的包裹，應直接拒收。
2.提高警覺網購陷阱：網購時，慎選購物平台，選擇有良好商譽的拍賣平台購物，若賣家
僅提供E-mail、Line ID或海外聯絡方式，極可能為詐騙。
3.付款前再次確認：於付款前應再次確認訂單明細、金額及寄件人資訊正確再取貨付款。

超商退款流程皆需保留完整包裝、繳費憑證與包裹單據，民眾取貨後，應先儘量保留完整
商品外箱寄件資料，以釐清寄件者資料，便於提供超商、貨運業或集運商進一步處理。若
遇可疑包裹，應保持警覺，或可撥打165反詐騙諮詢專線尋求協助。

--
Mr.
Raindrop, falling away from
me now.
/
/
∕︵︵︵︵︵︵︵﹨
Mr. Raindrop, falling away form me now.
/
/
◢██◣
∥
/     /
Do you know how much you mean to me, why must you leave?
⊙
⊙
∥
I'm just a flower on a tree, why must you leave?
◢
▆
/
/
Mr.
Raindrop, falling away from
me now.
--
※ 發信站: 批踢踢實業坊(ptt.cc), 來自: 36.227.147.135 (臺灣)
※ 文章網址:
https://www.ptt.cc/bbs/Bunco/M.1760837595.A.E14.html",ptt,Sun Oct 19 09:33:10 2025
[新聞] 柬埔寨詐騙園區多家公司突解散！現場曝光,https://www.ptt.cc/bbs/Bunco/M.1760614482.A.6CF.html,"柬埔寨詐騙園區多家公司突解散！現場超混亂撤離畫面曝光
https://reurl.cc/1OyZWW
〔財經頻道／綜合報導〕近年柬埔寨境內針對外國人的誘拐、詐騙與拘禁事件頻傳，柬埔
寨西哈努克省「中國城」園區，10月初才發生園區內大規模暴動事件，使得執法人員對中
國城園區展開突擊檢查，然而15日晚間11時再傳出中國城園區內多家公司突然宣布解散，
大批員工擠在公司樓下，場面十分混亂。

《柬中時報》報導，西哈努克省中國城園區15日晚間11時，驚傳園區內多家公司同步宣布
解散，並要求大批外籍員工立即離開，根據曝光畫面，上百名外籍人士紛紛湧向大樓1樓
準備撤離，其中不乏眾多中國籍工作人員。

根據現場記者目擊，園區內到處可見員工手提行李箱急忙離開的身影，部分公司大門前更
聚集多輛接駁車輛待命，整個撤離過程相當匆促，現場一度陷入混亂狀態。

傳中國城園區內多家公司突然宣布解散，大批外籍員工擠在公司樓下。（圖翻攝自柬中日
報）傳中國城園區內多家公司突然宣布解散，大批外籍員工擠在公司樓下。（圖翻攝自柬
中日報）

「中國城」園區曾在4日深夜至5日凌晨曾發生大規模暴動，現場上百名巴基斯坦、孟加拉
的外籍人士疑因勞資糾紛與宗教衝突感到不滿，集體衝進辦公區和宿舍區一路狂砸，場面
失控混亂。

最終當地警方連夜出動大批警力，封鎖事發區域，直到5日凌晨才將事態完全壓制。

傳中國城園區內多家公司突然宣布解散，大批外籍員工擠在公司樓下。（圖翻攝自柬中日
報）傳中國城園區內多家公司突然宣布解散，大批外籍員工擠在公司樓下。（圖翻攝自柬
中日報）

--
Mr.
Raindrop, falling away from
me now.
/
/
∕︵︵︵︵︵︵︵﹨
Mr. Raindrop, falling away form me now.
/
/
◢██◣
∥
/     /
Do you know how much you mean to me, why must you leave?
⊙
⊙
∥
I'm just a flower on a tree, why must you leave?
◢
▆
/
/
Mr.
Raindrop, falling away from
me now.
--
※ 發信站: 批踢踢實業坊(ptt.cc), 來自: 59.115.163.85 (臺灣)
※ 文章網址:
https://www.ptt.cc/bbs/Bunco/M.1760614482.A.6CF.html",ptt,Thu Oct 16 19:34:37 2025
[資訊] 您已中獎載具須歸戶填個資？小心詐騙,https://www.ptt.cc/bbs/Bunco/M.1760603597.A.763.html,"小心假冒財政部電子發票整合服務平台寄送有關載具歸戶異常的詐騙信，企圖誘騙民眾點
擊信中連結進入假網站。財政部電子發票整合服務平台電子信箱及官網網址結尾為政府專
用「.gov.tw」，平台不會以E-mail請民眾輸入信用卡資訊。請提高警覺，不明連結不點
擊、個資不輸入。
https://reurl.cc/GNWd2G
脆上已經有災情了，感謝所有發文提醒的網友。
https://reurl.cc/GNWdWZ
--
Mr.
Raindrop, falling away from
me now.
/
/
∕︵︵︵︵︵︵︵﹨
Mr. Raindrop, falling away form me now.
/
/
◢██◣
∥
/     /
Do you know how much you mean to me, why must you leave?
⊙
⊙
∥
I'm just a flower on a tree, why must you leave?
◢
▆
/
/
Mr.
Raindrop, falling away from
me now.
--
※ 發信站: 批踢踢實業坊(ptt.cc), 來自: 111.243.9.6 (臺灣)
※ 文章網址:
https://www.ptt.cc/bbs/Bunco/M.1760603597.A.763.html
※ 編輯: petestar (111.243.9.6 臺灣), 10/16/2025 16:35:55",ptt,Thu Oct 16 16:33:13 2025
[新聞] 英美聯手打擊大規模網路詐騙　中犯罪遭查,https://www.ptt.cc/bbs/Bunco/M.1760494003.A.79F.html,"英美聯手打擊大規模網路詐騙　中國犯罪首腦遭制裁
https://newtalk.tw/news/view/2025-10-15/998963
英、美聯手打擊跨國網路詐騙，今天針對以東南亞為基地的大規模詐騙中心發布制裁，總
計有12個實體與個人入列，全數與集團犯罪首腦、出生於中國福建的陳志有關。

相關個人和實體的資產將遭凍結，包括位於倫敦的19件高單價不動產。美國政府指出，陳
志掌握的組織犯罪網絡，規模在亞洲排得上前幾名。

英國政府預計今年稍晚發布新版打詐策略，明年將在倫敦舉辦「打擊非法金融高峰會」（
Countering Illicit Finance Summit）。

考量倫敦的國際金融重鎮地位，以及維京群島、開曼群島等英屬海外領地長期被用於隱匿
金流，英國官方在打擊「髒錢」（dirty money，或稱「黑錢」）方面是否能扮演更積極
角色，近年日益引發關注。

英國外交部表示，以東南亞為基地的詐騙網絡不僅詐取錢財，更透過人口販運，以威逼虐
待等剝奪人權的手段，強迫來自不同國家地區的民眾從事詐騙。詐騙受害者也包含英國民
眾。

現正最夯：黃裕鈞觀點》國民黨主席之爭 兩岸觀點需回歸現實、理性、可落地

根據英國政府資料庫，今天遭宣告制裁的犯罪集團首腦陳志1987年生，擁有萬那杜、柬埔
寨和賽普勒斯國籍，持有Prince Global Group等公司，並在Uni More Group等公司擔任
董事。他被控在柬埔寨透過Prince Global Group、Jin Bei Group等公司及平台從事詐騙
和洗錢。

陳志及他的黨羽在英屬維京群島註冊成立公司，並投資倫敦不動產，包括一座於2019年以
1200萬英鎊（近新台幣5億元）購入的豪宅、於2020年以9500萬英鎊購入的一整棟倫敦金
融城辦公大樓，以及位於倫敦精華地段的17處公寓。

除了倫敦不動產，與陳志有關的Prince Global Group、Jin Bei Group等公司也在柬埔寨
等地投資經營賭場、飯店。

Prince Global Group和Jin Bei Group今天遭英國政府列入制裁。同樣遭制裁的另有
Golden Fortune Resorts World Company。

儘管Golden Fortune Resorts World Company公司名稱有「渡假世界」幾個字，實際上是
位於金邊郊區的詐騙園區，由Prince Global Group旗下子公司，包括Uni More Group打
造，並偽裝成兼具「科學與科技園區」功能。Uni More Group今天也遭制裁。

與Prince Global Group和Jin Bei Group有關的加密貨幣平台Byex Exchange也同列制裁
名單。制裁名單另可見柬埔寨不動產公司Cambodian Heng Xin Real Estate，它被控涉入
詐騙中心的發展營運。

除了陳志，今天遭英國政府制裁的個人另有柬埔寨籍的Chhay Guy、Dara Ing和一名朱姓
男子；中國籍的雷波，以及生於中國，持有香港、柬埔寨和賽普勒斯護照的邱姓男子。

據英國官方估計，至今年3月止的前12個月期間，僅是在英格蘭和威爾斯地區，就有約344
萬名成年人遭詐騙。

美國政府今天也就陳志相關個人和實體發布制裁，並已扣押價值高達150億美元的虛擬貨
幣比特幣（bitcoin），是陳志及同夥的不法營利所得和洗錢工具。

值得一提的是，美國司法部的新聞稿指出，陳志及黨羽運用他們在「數個國家的政治影響
力」掩護犯罪活動，並賄賂官員。陳志大約在2015年開始發展跨境詐騙、洗錢等犯罪活動
，如今觸角已廣及超過30個國家。


--
Mr.
Raindrop, falling away from
me now.
/
/
∕︵︵︵︵︵︵︵﹨
Mr. Raindrop, falling away form me now.
/
/
◢██◣
∥
/     /
Do you know how much you mean to me, why must you leave?
⊙
⊙
∥
I'm just a flower on a tree, why must you leave?
◢
▆
/
/
Mr.
Raindrop, falling away from
me now.
--
※ 發信站: 批踢踢實業坊(ptt.cc), 來自: 111.243.13.150 (臺灣)
※ 文章網址:
https://www.ptt.cc/bbs/Bunco/M.1760494003.A.79F.html",ptt,Wed Oct 15 10:06:39 2025
[新聞] 柬埔寨詐騙組織遭美起訴 9台灣公司被制裁,https://www.ptt.cc/bbs/Bunco/M.1760493916.A.88D.html,"柬埔寨詐騙組織遭美起訴 9台灣公司被制裁
https://reurl.cc/oYnyO5
[NOWnews今日新聞] 美國司法部與財政部14日以涉嫌電匯詐欺、洗錢及強迫勞動等罪名，
聯合起訴柬埔寨「太子集團控股」（Prince Group）創辦人陳志（Chen Zhi），並沒收其
持有的12萬7271枚比特幣，市值約150億美元（約台幣4兆8720億元），創下了司法部歷史
上查扣行動的最高金額紀錄。同時對該組織中的146個目標實施制裁，其中包含3名台灣人
，和9家在台登記的公司。

美國司法部14日發出新聞稿指出，位於紐約的聯邦法院起訴擁有英國和柬埔寨國籍的37歲
陳志。陳志是跨國企業集團「太子集團控股」的創辦人兼董事長，該集團總部位在柬埔寨
。陳志原為中國福建籍商人，於2011年才投入柬埔寨的房地產市場，2015年創辦太子集團
，迅速擴張成為柬埔寨最大規模的企業之一，該集團在30多個國家經營數十家商業實體。

廣告
新聞稿指出，太子集團表面上專注於房地產開發、金融服務和消費者服務，但暗中發展成
亞洲最大的跨國犯罪組織之一，在陳志的指示下，太子集團透過在柬埔寨各地經營詐騙園
區，許多人被強迫工作，從事名為「殺豬盤」的加密貨幣投資詐騙，藉此牟取巨額利潤，
從美國及全球受害者手中竊取了數十億美元。而被告目前仍逍遙法外。

美國紐約東區檢察官辦公室和司法部國家安全部門於14日申請沒收被告的127271枚比特幣
，估計價值約150億美元。司法部新聞稿指出，這些比特幣屬於被告詐騙和洗錢計劃的收
益和工具，先前存在未託管的電子貨幣錢包中，由被告持有鑰匙。這些加密貨幣目前由美
國政府保管，而這也是司法部史上規模最大規模的查扣行為。

與司法部同步，美國財政部14日也發出新聞稿指出，財政部資產辦公室（OFAC）和金融犯
罪執法局（FinCEN）與英國外交及國協事務部（FCDO）密切合作，針對詐騙和洗錢犯罪組
織採取對應的行動，並且向「太子集團跨國犯罪組織」（Prince Group TCO）的146個相
關目標實施制裁。

受制裁對象將禁止其使用美國金融系統、資產將被凍結，其他與其有交易往來的外國個人
與公司也可能遭受二級制裁。

據財政部公告的制裁名單中，可以看見其中有3人為台灣人，皆為女性，，並且列出9家台
灣有限公司，名單分別為聯凡、聯凡貳、睿督、博居、博居貳、澄碩、邁羽、鳴灣，以及
台灣太子不動產有限公司。

據查，包括聯凡、聯凡貳、睿督、博居、博居貳、澄碩、邁羽、鳴灣等8間公司的辦公室
都登記在台北市大安區的「和平大苑」，相關企業法人代表都是新加坡商，負責人皆為一
名林姓人士。

--
Mr.
Raindrop, falling away from
me now.
/
/
∕︵︵︵︵︵︵︵﹨
Mr. Raindrop, falling away form me now.
/
/
◢██◣
∥
/     /
Do you know how much you mean to me, why must you leave?
⊙
⊙
∥
I'm just a flower on a tree, why must you leave?
◢
▆
/
/
Mr.
Raindrop, falling away from
me now.
--
※ 發信站: 批踢踢實業坊(ptt.cc), 來自: 111.243.13.150 (臺灣)
※ 文章網址:
https://www.ptt.cc/bbs/Bunco/M.1760493916.A.88D.html",ptt,Wed Oct 15 10:05:13 2025
[新聞] LINE Pay也有詐騙！　官方示警個資、存款,https://www.ptt.cc/bbs/Bunco/M.1760076941.A.A1D.html,"LINE Pay也有詐騙！　官方示警「個資、存款全被盜」
https://www.ettoday.net/news/20251010/3048114.htm
文／CTWANT

近年台灣詐騙案件層出不窮，從簡訊、網購到假投資，手法不斷翻新。LINE官方就指出，
近期有不法人士盜用LINE Pay的名義，以「重複扣款」或「付款方式異常」為由寄送電子
郵件，藉此來獲取用戶個資與存款，提醒民眾切勿點擊來歷不明的連結。

據悉，近日有不法人士疑似假冒LINE Pay的名義寄送電子郵件，發送聲稱「LINE Pay交易
重複扣款」、「付款方式綁定多個帳戶」的Email，誘導用戶點擊信中附上的連結進行身
分驗證，要求輸入手機號碼、帳戶密碼、信用卡卡號及卡片安全碼等資料，試圖藉此竊取
用戶個資與存款。

LINE官方提醒，鑒於網路詐騙案件頻傳，為維護用戶權益及LINE、LINE Pay等帳戶安全，
請勿點擊不明來歷的程式、訊息、Email、簡訊，或您不認識的人提供的連結。

LINE官方表示，若收到以LINE Pay名義發出的Email且含有連結網址，請先確認是否有進
行該封Email內容中所述的操作，並檢查寄件者的Email網域是否為「@linecorp.com」或
「@lycorp.com」，如有疑問請與LINE Pay客服中心聯繫。

LINE官方說到，如果已經誤點可疑連結，建議用戶儘速更換LINE、LINE Pay、iPASS
MONEY帳戶及其他金融商品（例如：網路銀行）的密碼，並以掃毒軟體掃描手機。

LINE官方強調，LINE所有官方帳號，包括「LINE錢包」、「LINE Pay提醒」、「LINE
Pay Merchant」等，帳號名稱前方會顯示「綠色盾牌」，且「LINE」為全部大寫英文字母
。另外，若傳送訊息到LINE官方帳號，均不會有真人回覆。

--
Mr.
Raindrop, falling away from
me now.
/
/
∕︵︵︵︵︵︵︵﹨
Mr. Raindrop, falling away form me now.
/
/
◢██◣
∥
/     /
Do you know how much you mean to me, why must you leave?
⊙
⊙
∥
I'm just a flower on a tree, why must you leave?
◢
▆
/
/
Mr.
Raindrop, falling away from
me now.
--
※ 發信站: 批踢踢實業坊(ptt.cc), 來自: 36.227.147.169 (臺灣)
※ 文章網址:
https://www.ptt.cc/bbs/Bunco/M.1760076941.A.A1D.html",ptt,Fri Oct 10 14:15:38 2025
[新聞] 詐騙車手獲2000元報酬　遭判1年半賠500萬,https://www.ptt.cc/bbs/Bunco/M.1759905705.A.FC0.html,"詐騙車手獲2000元報酬　遭判1年半賠500萬元
https://www.cna.com.tw/news/asoc/202510080108.aspx
（中央社記者鄭維真彰化8日電）劉姓詐騙集團車手去年與1名假投資被害人面交取款500
萬元，獲得2000元報酬，彰化地院近日依犯詐欺犯罪危害防制條例判其1年6月刑期，且須
賠償被害人500萬元。

彰化地方法院判決書指出，劉姓車手所加入的詐騙集團，於去年8月透過網路向1名被害人
佯稱可購買比特幣投資獲利，導致被害人陷於錯誤允諾投資；劉姓車手同年9月依指示與
被害人面交新台幣500萬元，隨後放至指定地點由其餘詐團成員收取，因而獲得2000元報
酬。

被害人事後察覺有異報警，劉姓車手遭查獲後坦承犯行，並自動繳回報酬。

法官認為，劉姓車手雖非直接對被害人施用詐術騙取財物，但其角色除供詐欺犯罪組織成
員進行詐欺取財行為外，也增加檢警查緝犯罪及被害人求償困難，考量其犯後態度、打零
工、仍有數十萬元貸款等，依犯詐欺犯罪危害防制條例3人以上共同詐欺取財獲取財物達
500萬元罪，處有期徒刑1年6月。

此外，被害人提刑事附帶民事訴訟，地院判劉姓車手應給付被害人500萬元，可上訴。

（編輯：張銘坤）1141008


--
Mr.
Raindrop, falling away from
me now.
/
/
∕︵︵︵︵︵︵︵﹨
Mr. Raindrop, falling away form me now.
/
/
◢██◣
∥
/     /
Do you know how much you mean to me, why must you leave?
⊙
⊙
∥
I'm just a flower on a tree, why must you leave?
◢
▆
/
/
Mr.
Raindrop, falling away from
me now.
--
※ 發信站: 批踢踢實業坊(ptt.cc), 來自: 36.227.147.169 (臺灣)
※ 文章網址:
https://www.ptt.cc/bbs/Bunco/M.1759905705.A.FC0.html",ptt,Wed Oct  8 14:41:36 2025
[新聞] 加強追緝普發現金詐騙 莊：已下架48件,https://www.ptt.cc/bbs/Bunco/M.1759905593.A.348.html,"加強追緝普發現金詐騙 莊翠雲：近期已下架48件詐騙廣告
https://news.ltn.com.tw/news/politics/breakingnews/5204369
政府最快10月下旬普發現金1萬元，但還沒開始發放就傳出詐騙案例。民進黨立委林月琴
今質詢時，詢問財政部長莊翠雲是否有更積極防範措施。莊說，首先一定要將正確資訊告
訴民眾，包括在什麼情況下、在哪個網站登記等。莊也說，近期已成功下架48件詐騙廣告
、12組社群帳號、3組詐網的停止解析。

立法院財政、內政、外交及國防、經濟、教育及文化、社會福利及衛生環境委員會今舉行
聯席會議，審查行政院函請審議「中央政府因應國際情勢強化經濟社會及民生國安韌性特
別預算案（114年度至116年度）」。

林月琴質詢時，首先肯定行政團隊在法制面上，讓普發現金合法又合規，但要再特別預算
三讀後1個月內發放，時間非常趕，他要提醒除發放效率之外，更要重視詐騙防範，以及
社福對象能否順利領取，甚至需要他人協助。

林月琴說，回顧2023年普發現金詐騙手法，包括假網站、冒用個資、釣魚網站等，這次還
沒開跑就有詐騙案例出現，除加強宣導之外，政府是否有更積極防範措施，特別這次應該
會有更多民眾選擇線上登錄領取。

對此，莊翠雲回覆，有的，首先一定要告訴民眾正確資訊，在什麼情況下、在哪個網站登
記。政府重視打詐，近期不到1個月已成功下架48件詐騙廣告、12組社群帳號、3組詐網的
停止解析，相關案件刑事局目前都在專責溯源偵辦中。也要提醒大家，不要有投機心理，
政府一定會加強追緝，也有相關機制追查。

--
Mr.
Raindrop, falling away from
me now.
/
/
∕︵︵︵︵︵︵︵﹨
Mr. Raindrop, falling away form me now.
/
/
◢██◣
∥
/     /
Do you know how much you mean to me, why must you leave?
⊙
⊙
∥
I'm just a flower on a tree, why must you leave?
◢
▆
/
/
Mr.
Raindrop, falling away from
me now.
--
※ 發信站: 批踢踢實業坊(ptt.cc), 來自: 36.227.147.169 (臺灣)
※ 文章網址:
https://www.ptt.cc/bbs/Bunco/M.1759905593.A.348.html",ptt,Wed Oct  8 14:39:50 2025
[心得]《網戀詐騙復仇記》終究是錯付了！,https://www.ptt.cc/bbs/Bunco/M.1759231174.A.986.html,"※ [本文轉錄自
EAseries 看板 #1esw0cXG
]
作者: KevinMoleaf (陸坡) 看板: EAseries
標題: [心得]《網戀詐騙復仇記》終究是錯付了！
時間: Tue Sep 30 17:17:22 2025

從被害到出擊，對詐騙慣犯的重拳出擊！

在網路時代還沒來臨的時候，人們常因為生活圈的關係，不管交友、工作、戀愛等選擇，
都相當侷限。但之後網路的普及讓人們距離縮短，也開始擇偶與交友對象擴展，能找到遠
方與自己相互匹配的伴侶和摯友，也讓人在現實生活圈的壓力下，向網路暫時找上出口。

但有利就有弊，在人們習慣透過網路去找尋和了解一個人時，有美好的網戀情節，同時也
存在著，只是虛假的美好戀情，背後卻藏著不懷好意和騙財騙色的心機與犯罪。

《網戀詐騙復仇記》是以打擊網路戀愛詐騙為主題的實境節目，並且每個案例都是真實存
在，當事人也願意提供和現身說法自己被戀愛詐騙的全過程。支持受害者的組織創辦人塞
西莉，和私家偵探布莉安合作，決定帶著受害者與這些詐騙犯正片迎擊，用法律、媒體當
作武器反過來制裁這些渣男騙徒和拜金女性，揭露愛情詐騙的各式手法。






《網戀詐騙復仇記》是什麼影集？

網路交友、手機交友，在現在的時代裡已經是相當普及的一件事情，過去我的學生時代時
，用網路來認識人還是很「新潮」的一件事，但現在說起我的網友，或是去跟網友聚會，
都已經向吃飯喝水一樣稀鬆平常。而過去網路詐騙就層出不窮，並且幾乎沒有停止過，不
管是信件、訊息、網路購物等，不過最難被制止的應該還要屬愛情詐騙，玩弄男女感情後
，造成人財兩失，在過去交友論壇剛起步最常聽到的鬼故事就是，女被騙色、男被騙財，
但如今這個時代，人財兩失似乎已經是不分男女性向的常態詐騙手段。

這其實也加深現在人對於網路交友或是網路愛情，有著期待更進一步，但又抱持安全距離
和無時無刻的懷疑。深怕一頭栽下去，就如同爆紅的宮廷劇中所言：「這幾年的情愛與時
光，終究是錯付了！」。

但也不是所有網路愛情都是如此，以我身邊朋友的實際案例，有許多人士經過當時電腦網
路遊戲，朝夕相處，最後交往走向婚姻的甜美例子也是相當多，只能說「網戀詐騙」是許
許多多詐騙手法的一環，並非代表網路愛情只是美好幻想或遙不可及，只能說有時候愛情
是盲目的，而看走眼的後果往往慘痛。






由Netflix製作的犯罪紀錄片影集《網戀詐騙復仇記》，已追蹤網路戀愛詐騙慣犯為主題
，由被詐騙的男女出來現身說法自己是如何走入愛情慣犯的圈套，並解析他們所使用的伎
倆，並由『action : reaction』詐騙受害者互助組織的創辦人－塞西莉來主導，並委託
私家偵探－布莉安和團隊來找出這群詐騙犯，並且找到相關可以走向刑法的決定證據與證
人。並且每一集都會解析關於詐騙手法，例如情緒勒索、投資詐騙、羞辱與控制等，讓人
可以理性分析和思考，這些詐騙犯利用人性弱點的方式。

有意思的是《網戀詐騙復仇記》的主導人塞西莉，本身過去就是「戀愛詐騙」的受害者。
她是Netflix平台紀錄片《Tinder大騙徒》（2022）中，以色列男子戀愛詐騙犯，假冒鑽
石富豪繼承人，與眾多女性調情詐騙金錢中的其中一名受害女性。

也因為這個事件，讓她決定要成立被詐騙者的自救會組織，決定「反擊」這些詐騙犯，尤
其是戀愛詐騙，她主張這些利用戀愛中脆弱男女，玩弄感情的份子，受害者必須主動出擊
，讓他們獲得應該有的法律制裁，和讓媒體曝光這些人的惡行，以防再有受害者出現。









《網戀詐騙復仇記》分析與延伸：

2025年的《網戀詐騙復仇記》可以說是2022年紀錄片《Tinder大騙徒》的延伸，甚至可以
看見戀愛詐騙是現在許多詐騙慣犯、詐騙組織團體所慣用的手法，並且詐騙金額有逐年提
高的跡象。根據美國聯邦貿易委員會在2023年時有紀錄的戀愛／信任詐騙報案件數有
64,003件，雖遠低於冒充政府單位繳費單據，但詐騙金額卻高達13億美元。

歐洲巴克萊銀行2025年的報告也指出比起2024年，2025年的詐騙案上升了20%，符合全球
反詐騙機構，關於全球戀愛詐騙的金額與數量上升趨勢。在台灣的內政部警政署統計，
2022年後，台灣戀愛詐騙案為3.8%，比起過去5%的戀愛詐騙案，台灣則有下滑的趨勢。

全球反詐騙機構對於為何如今的戀愛詐騙金額會如此高，是因為愛情騙徒多使用「殺豬盤
式」詐騙手法，來獲取錢財。根據康乃爾大學的電腦安全與密碼學研究論文《殺豬盤詐騙
的探索性研究》（2024），戀愛詐騙中「殺豬盤式」詐騙手法，往往是被害者因為感情基
礎信任了詐騙犯經營事業和金融投資，而被誘導詐騙投資如虛擬貨幣、空頭公司、甚至創
業夢。論文中也表示，這其實也是一般金融詐騙很常使用的手法，但不同的是金融詐騙往
往是以高利做為誘因，戀愛詐騙中，犯罪者則是利用信賴與情感來誘騙當事人。






《網戀詐騙復仇記》就有多次使用殺豬盤詐騙的手法，例如偽裝成事業有成的人士，要戀
愛對象一起投資事業。或是偽裝自己是醫生、老闆，甚至還與當事者組織家庭等，來持續
詐騙，事成後失蹤。由於個人隱私的部分和情感詐騙很容易被警察歸類在民事案件而非刑
事，這讓被戀愛對象或伴侶詐騙錢財的人，往往無法透過法律管道找到對方收證和釋出有
效證據，導致無法立案。

塞西莉因為是詐騙受害者的過來人，深知一般人無法處理這種困境，故她以自身的案例檢
視、社群媒體詢問資料、朋友、同事、家屬等，並透過私人偵探社合作，抽絲剝繭找到詐
騙犯的蹤跡。

其中紀錄片中因為合作的私家偵探布莉安，而加速許多案件推進和獲得有利證據。在歐美
多國，偵探可以考取「私家偵探執照」，獲取合法偵探資格。擁有資格，可以查詢一些機
關與警方公開或半公開的資料庫，並跟許多單位（警局、醫院、保險公司）共享情報，並
且收集到的證據，也較可以被法院採信，並且在調查期間也可以免責。台灣徵信社與私家
偵探有著相似之處，但徵信社的各種合法性，在目前狀況來說，有些還在於灰色地帶，且
有可能不被法庭採用。







《網戀詐騙復仇記》值得一看嗎？

這部紀錄片影集的節奏抓得不錯，平均一個案件的結束會收在一集再多一些，通常下一集
才會揭曉，最後案結果件與罪犯者的下場。並且因為往往戀愛詐騙，常會有女性是受害者
的形象，但在《網戀詐騙復仇記》裡面並不只是聚焦在女性受害者、男性受害者、黑人受
害或白人受害者，也在其中。可以顯示出為什麼犯罪者會越來越以戀愛詐騙為主，主要在
於感情方面往往比起金融或其他詐騙，更加依據本能，並且如果先天有姣好的顏質，並且
會說話又幽默，很容易就勾起異性或同性的注意，只要陷入感情往往一些事業有成的人也
會栽進漩渦中。

官方其實有意將《網戀詐騙復仇記》這部作品作為《Tinder大騙徒》的延伸作品，畢竟《
Tinder大騙徒》上千萬美金的詐騙．國際鑽石富豪的戀愛、追殺的逃亡基金等，對一些人
來說實在太不實際，而《網戀詐騙復仇記》的詐騙比較像是生活中會遇到的狀況，對於一
般人來說反而有著投入感。

不管是千萬美金或十萬美金的詐騙，可以看出要分辨這種愛情的騙子，其實相當困難，並
且真實投入感情下去或實際相處，又更難以分辨是非。澳洲墨爾本大學甚至在研究論文《
愛情騙局受害者的心理特徵》（2018）表示，有受教育的中年女性通常很容易被當成下手
的目標。




墨爾本大學的論文，在《網戀詐騙復仇記》紀錄片影集中得到驗證，在戀愛受害者中，女
性幾乎遠多於男性，並且許多女性說法也符合論文中敘述「情感失落比金錢損失更痛苦」
。而這類的論文在2022年後，逐漸有越來越多關於愛情詐騙的研究。而《網戀詐騙復仇記
》紀錄片中的案例也都很典型，整體而言雖然並非檢討受害者，但可以看出每位受害者其
實都是先試想了「美好戀愛局」而忽略了「最壞的打算」。故在紀錄片中我們可以得到一
個戀愛詐騙公式：「理想化的職業／長相＋戲劇性的身世＋經濟投資請求」。

《網戀詐騙復仇記》的詐騙慣犯幾乎都是持續這樣的公式進行，並且因為塞西莉是被詐騙
的過來人，很容易辨別這些受害者掉入怎樣的陷阱，配合私家偵探和節目剪輯，最後形成
一個讓觀眾相當解氣的打臉拆穿詐騙犯的面具。但也有一些觀眾認為這是否會導致提倡私
刑的可能？

有些人則認為故事過於戲劇化與英雄主義，並刻意將美國警方塑造出無情的樣板，並弱化
法律效益。不過對於戀愛詐騙的手法，我認為《網戀詐騙復仇記》還是起到一種警惕作用
，在奮不顧身投入一場戀愛時，錢錢也許可以不用那麼奮不顧身，但巴掌可以。
https://www.youtube.com/watch?v=_IGDh513ZLY
--
個人Blog：
https://kevinmoleaf.weebly.com/
小說連載頁：
https://www.mirrorfiction.com/zh-Hant/member/26930
--
※ 發信站: 批踢踢實業坊(ptt.cc), 來自: 125.228.93.96 (臺灣)
※ 文章網址:
https://www.ptt.cc/bbs/EAseries/M.1759223846.A.850.html
※ 編輯: KevinMoleaf (125.228.93.96 臺灣), 09/30/2025 17:18:35
※ 發信站: 批踢踢實業坊(ptt.cc)
※ 轉錄者: petestar (59.115.164.212 臺灣), 09/30/2025 19:19:33",ptt,Tue Sep 30 19:19:33 2025
[新聞] 銀行員神救援！替民眾擋下1694萬詐騙款,https://www.ptt.cc/bbs/Bunco/M.1758639270.A.B0B.html,"銀行員神救援！替民眾擋下1694萬詐騙款
https://today.line.me/tw/v3/article/MLj1e5Q
宜蘭縣今年7-8月，就有 49件詐騙案被銀行員神救援擋下，總金額高達 1694萬4674元！
詐騙手法排行榜：1 假投資 20件2 假交友 10件3 猜猜我是誰 9件4 假
網路購物 9件5 假冒公務機關 1件 其中一個案例是：詐騙集團假裝在網路賣東西，
要求買家去銀行設定轉帳。


遇到可疑狀況，馬上撥打 165反詐騙專線 或 110報案！保護荷包，記得冷靜查證再匯款
！
★立即關注《宜蘭新聞網》Line官網！宜蘭在地新聞訊息不漏接！★

銀行員神救援！替民眾擋下1694萬詐騙款
銀行員神救援！替民眾擋下1694萬詐騙款
銀行員神救援！替民眾擋下1694萬詐騙款
銀行員神救援！替民眾擋下1694萬詐騙款

--
Mr.
Raindrop, falling away from
me now.
/
/
∕︵︵︵︵︵︵︵﹨
Mr. Raindrop, falling away form me now.
/
/
◢██◣
∥
/     /
Do you know how much you mean to me, why must you leave?
⊙
⊙
∥
I'm just a flower on a tree, why must you leave?
◢
▆
/
/
Mr.
Raindrop, falling away from
me now.
--
※ 發信站: 批踢踢實業坊(ptt.cc), 來自: 36.227.156.252 (臺灣)
※ 文章網址:
https://www.ptt.cc/bbs/Bunco/M.1758639270.A.B0B.html",ptt,Tue Sep 23 22:54:27 2025
[新聞] 路透社實測揭「AI成詐騙共犯」：Gemini、,https://www.ptt.cc/bbs/Bunco/M.1758527624.A.F59.html,"路透社實測揭「AI成詐騙共犯」：Gemini、DeepSeek助攻釣魚信件
https://inews.setn.com/news/1721169
AI可以幫助人們在生活、工作上更加便利，卻也可能淪為不法人士的犯案工具！《路透社
》與哈佛大學研究員聯手實測主流AI聊天機器人，像是ChatGPT、Gemini等，要求它們協
助生成「詐騙釣魚信件」，儘管過程中AI不斷警告「不得用於真實生活中」，但仍然繼續
協助生成這類的犯罪郵件，Google旗下的Gemini甚至還建議郵件發送的最佳時間，中國的
DeepSeek甚至為犯罪者設計具有「掩護」的詐騙方案。

路透社實測：AI如何成為詐騙共犯？

《路透社》記者對6款主流AI聊天機器人進行實測，要求它們協助生成「具有說服力的釣
魚詐騙郵件」，儘管多數的AI一開始拒絕指令，但只要簡單話術，聲稱是為了進行「研究
詐騙的學術研究」或是「正在撰寫詐騙小說」，就能輕易騙過這些AI機器人，代表系統內
建的安全機制如同虛設，將促使AI聊天機器人成為詐騙共犯。

AI系統安全機制形同虛設

儘管生成詐騙郵件的過程中，AI系統不斷警告「禁止在現實生活中使用」，但仍繼續按照
指令去修改，甚至在使用者不主動要求的情況下，主動建議調整信件的語氣強度，使該詐
騙信件更具說服力。AI聊天機器人可以瞬間生成各類型的詐騙「範本」，大幅削減了從事
詐騙所需的資金與時間。

Gemini成詐團顧問？Google拒絕詳細說明

《路透社》與詐騙專家Fred Heiding合作，對108名長者志願者進行了測試，結果顯示，
成功誘使約11%的長者點擊「由AI所生成的詐騙郵件」，更令人訝異的是，AI甚至提供專
業的犯罪建議，當被詢問「發送詐騙郵件的最佳時機」，Google的Gemini甚至回答「週一
至週五的上午9點到下午3點，是發送給老年人的最佳時機」針對Gemini的失誤，Google回
應表示已進行額外的安全措施，以防止未來再發生這類的情況，但對於做了哪些實際變更
，Google拒絕詳細說明。

中國DeepSeek設計「掩護方案」助長詐騙手法

另外，中國的DeepSeek甚至為犯罪者設計具有「掩護」的詐騙方案，讓受害者在提交財務
訊息後，會被重新導向到一家合法且正確的慈善機構的網站，進而使受害者「延遲意識到
自己被詐騙」的事實。對於DeepSeek被指控協助詐騙，DeepSeek的母公司並沒有作出任何
回應。

迎合用戶需求 v.s. 堅守道德底線？

報導也指出，AI聊天機器人的領域競爭激烈，為了能留住用戶，AI公司讓機器人模型更傾
向於「迎合用戶的需求」而非「警告用戶行為是否違法」，過去就曾有東南亞詐騙園區的
犯人，表示他們會使用ChatGPT來優化騙術，也使得AI不只助人，更成為協助詐騙的工具
。





--
Mr.
Raindrop, falling away from
me now.
/
/
∕︵︵︵︵︵︵︵﹨
Mr. Raindrop, falling away form me now.
/
/
◢██◣
∥
/     /
Do you know how much you mean to me, why must you leave?
⊙
⊙
∥
I'm just a flower on a tree, why must you leave?
◢
▆
/
/
Mr.
Raindrop, falling away from
me now.
--
※ 發信站: 批踢踢實業坊(ptt.cc), 來自: 111.243.4.23 (臺灣)
※ 文章網址:
https://www.ptt.cc/bbs/Bunco/M.1758527624.A.F59.html",ptt,Mon Sep 22 15:53:39 2025
[新聞] 破獲詐騙集團假投資虛擬貨幣查扣逾千萬,https://www.ptt.cc/bbs/Bunco/M.1758231085.A.DFA.html,"南警破獲詐騙集團假投資虛擬貨幣查扣逾千萬元 逮16人
https://reurl.cc/89VER4
台南市警察局善化分局今天宣布破獲詐騙集團假投資虛擬貨幣案，陸續在新北市、台南市
等縣市搜索和逮捕16人到案，查扣現金、泰達幣等總值逾1000萬元，依法送辦。

台南市警局善化分局破獲詐騙集團假投資虛擬貨幣案，逮捕16人到案，查扣現金、泰達幣
等總值逾1000萬元。（圖／台南市警局提供）

善化分局今天指出，警方獲報民眾遭假投資虛擬貨幣詐騙，偵辦蒐證後，兵分多路在新北
市、台南市等縣市搜索拘提，陸續逮捕16人到案。警方並查扣約新台幣700萬元、10萬多
顆泰達幣等總值1000多萬元、作案手機、傳真機等。

警方表示，近年虛擬貨幣投資盛行，詐欺集團不僅慫恿被害人投資股票，更宣稱「虛擬貨
幣槓桿倍數高、短期效益回報率可觀」，甚至和不肖虛擬貨幣業者勾串，誘使被害人投入
現金購買虛擬貨幣，待無法提領獲利才驚覺遭詐，民眾務必小心注意。

（責任主編：莊儱宇）

--
Mr.
Raindrop, falling away from
me now.
/
/
∕︵︵︵︵︵︵︵﹨
Mr. Raindrop, falling away form me now.
/
/
◢██◣
∥
/     /
Do you know how much you mean to me, why must you leave?
⊙
⊙
∥
I'm just a flower on a tree, why must you leave?
◢
▆
/
/
Mr.
Raindrop, falling away from
me now.
--
※ 發信站: 批踢踢實業坊(ptt.cc), 來自: 36.227.148.66 (臺灣)
※ 文章網址:
https://www.ptt.cc/bbs/Bunco/M.1758231085.A.DFA.html
※ 編輯: petestar (36.227.148.66 臺灣), 09/19/2025 05:40:21",ptt,Fri Sep 19 05:31:21 2025
[新聞] 陳美鳳怒「詐騙連聲音都能做假」呼籲防詐,https://www.ptt.cc/bbs/Bunco/M.1758230963.A.4C9.html,"陳美鳳怒「詐騙連聲音都能做假」　呼籲多注意長輩別受騙
https://star.ettoday.net/news/3035795
記者張筱涵／綜合報導

「台灣最美歐巴桑」陳美鳳近日發現，有詐騙集團利用她的肖像製作AI合成影片，甚至連
聲音都能仿造，18日氣憤發文提醒粉絲，強調「都是詐騙怎麼辦，連聲音都能做假了！」
並直言自己「真的氣噗噗」。

▲▼陳美鳳。（圖／翻攝自FACEBOOK／陳美鳳）

▲陳美鳳遭盜用肖像。（圖／翻攝自FACEBOOK／陳美鳳）

陳美鳳透露，這些詐騙手法讓她深感不安，擔心粉絲或長輩們誤信受騙。她呼籲社會應該
正視這類AI濫用問題，不只要保障藝人的肖像權，更應建立「AI影音與聲音的規範」來防
範被惡意利用。

陳美鳳認為科技的進步雖然帶來便利，但不能被用來犯罪或誤導大眾，「我們要努力跟上
，才不會脫節，但不能用來詐騙和做壞事」。最後她也再三提醒大家網購要謹慎，並叮嚀
粉絲要特別提醒家中長輩注意相關風險，避免落入詐騙陷阱。

--
Mr.
Raindrop, falling away from
me now.
/
/
∕︵︵︵︵︵︵︵﹨
Mr. Raindrop, falling away form me now.
/
/
◢██◣
∥
/     /
Do you know how much you mean to me, why must you leave?
⊙
⊙
∥
I'm just a flower on a tree, why must you leave?
◢
▆
/
/
Mr.
Raindrop, falling away from
me now.
--
※ 發信站: 批踢踢實業坊(ptt.cc), 來自: 36.227.148.66 (臺灣)
※ 文章網址:
https://www.ptt.cc/bbs/Bunco/M.1758230963.A.4C9.html",ptt,Fri Sep 19 05:29:20 2025
[新聞] 韓媒：台灣成詐騙集團試驗場 年騙500億,https://www.ptt.cc/bbs/Bunco/M.1758230705.A.B58.html,"韓媒：台灣成詐騙集團試驗場 每年被騙500億元
https://reurl.cc/Nxov9e
經濟日報 編譯易起宇／綜合外電
南韓媒體報導，台灣每年因語音和簡訊等釣魚詐欺而損失的金額遠超日、韓，使台灣在國
際社會被冠上「詐騙之島」稱號。而且台灣也已成為詐騙集團的試驗場，一旦新詐騙手法
在台灣測試成功，就會散播到亞洲和世界各地。


朝鮮日報報導，據台灣和南韓警方統計，台灣每年因釣魚詐欺而損失的金額高達新台幣
502億元（2.3兆韓元），超過南韓的1.687兆韓元。但考慮到台灣人口只有南韓的不到一
半，台灣的人均損失預估將是南韓的近三倍。和數位文化發展較差的日本相比，台灣人均
損失更高出近20倍。這已讓台灣在國際社會被冠上「國際語音釣魚中心」或「詐騙之島」
稱號。


報導指出，台灣是最早出現釣魚詐欺的國家之一，出現於1990年代末期。當台灣政府2003
年發起大規模掃蕩行動，當地的犯罪集團便遷往中國大陸，犯罪目標也因此陸續轉往日、
韓等鄰國。


台灣犯罪專家向該報表示，台灣已成為在大陸快速擴展的國際詐騙集團的試驗場。20年前
，台灣政府的掃蕩促使犯罪集團移往大陸，20年後，這些大陸組織利用台灣人民來測試新
的詐騙手法。


台灣反詐騙軟體公司Gogolook營運長朱滿宇表示：「台灣和南韓一樣，數位文化發達，很
容易進行犯罪實驗。新的釣魚手法如果在台灣測試成功，就會散播到亞洲，最終蔓延到世
界各地。」

--
Mr.
Raindrop, falling away from
me now.
/
/
∕︵︵︵︵︵︵︵﹨
Mr. Raindrop, falling away form me now.
/
/
◢██◣
∥
/     /
Do you know how much you mean to me, why must you leave?
⊙
⊙
∥
I'm just a flower on a tree, why must you leave?
◢
▆
/
/
Mr.
Raindrop, falling away from
me now.
--
※ 發信站: 批踢踢實業坊(ptt.cc), 來自: 36.227.148.66 (臺灣)
※ 文章網址:
https://www.ptt.cc/bbs/Bunco/M.1758230705.A.B58.html",ptt,Fri Sep 19 05:25:00 2025
[新聞] 地球村負責人涉詐騙3000萬 找黑幫打人,https://www.ptt.cc/bbs/Bunco/M.1758230603.A.CB2.html,"地球村負責人涉詐騙3000萬 找黑幫處理債務並毆打牙醫 遭北檢起訴
https://reurl.cc/ekoRAb
地球村負責人陳姓男子因財務問題，涉嫌詐騙沈姓女牙醫等三人共新台幣3000萬元，並引
介竹聯幫靜安會夏姓男子處理債務，教唆成員佯裝到沈女的診所洗牙，以洗牙疼痛為由，
毆打沈女。北檢今天依詐欺、組織犯罪、重傷害等罪起訴陳男等六人，求處陳男4年6月以
上徒刑。

地球村負責人陳姓男子涉嫌詐騙新台幣3000萬元，並引介竹聯幫靜安會夏姓男子處理債務
，教唆成員毆打遭借款的沈女。北檢（圖）18日依詐欺、組織犯罪、重傷害等罪起訴陳男
等6人，求處陳男4年6月以上徒刑。（中央社資料照）
地球村負責人陳姓男子涉嫌詐騙新台幣3000萬元，並引介竹聯幫靜安會夏姓男子處理債務
，教唆成員毆打遭借款的沈女。北檢（圖）18日依詐欺、組織犯罪、重傷害等罪起訴陳男
等6人，求處陳男4年6月以上徒刑。（中央社資料照）
檢方調查，陳男經營地球村外語教學事業，因財務窘迫，去年8、9月開始向高利貸業者借
款，同年12月間佯以地球村位於台中市福星路土地及建物設定抵押，向沈姓女牙醫、蔡姓
女子、劉姓男子等三人，借款3000萬元，其中，沈女借款1500萬元。沈女等人發現受騙後
，向法院提起民事訴訟，要求陳男還錢。

廣告
檢方查出，陳男無法清償民間借貸，多名放貸業者到公司討債，後來陳男接受友人建議，
想要脫售福星路不動產清償債務，黃姓不動產女仲介介紹陳男認識有竹聯幫靜安會背景的
夏男，由夏男要求放貸業者免除利息，且延長清償日期，到陳男脫售福星路不動產之後。

蔡女、沈女、劉男得知被陳男詐騙後，拒絕歸還福星路不動產權狀，陳男與黃女、夏男及
夏男的周姓友人商量，設法取回蔡女等人手上的不動產權狀，數次以竹聯幫靜安會出面協
商債務方式，要求蔡女等三人妥協，但均遭拒絕，強調透過司法途徑處理。

陳男今年4月間向他人借款1500萬元，由夏男、黃女帶著支票前往沈女診所，向沈女表達
想以清償1500萬元取回原本擔保3000萬元債務的福星路不動產權狀，遭沈女拒絕並報警，
警方到場驅離夏男等人。

夏男對沈女強硬態度心生不滿，找靜安會周姓成員，於5月19日佯裝到沈女的診所洗牙，
隨後假借洗牙疼痛為由，毆打沈女，造成沈女頭部、顏面挫傷、眼窩下骨折等傷害，周姓
成員行凶後，到派出所投案。

台北地檢署今天偵查終結，依違反醫療法、組織犯罪條例、刑法詐欺、重傷害、恐嚇未遂
等罪起訴陳男、夏男、黃女、周男及靜安會周姓、徐姓成員等六人，並求處陳男4年6月以
上、黃女6個月、周男2年以上、夏男7年6月以上、周姓成員7年以上、徐姓成員1年以上徒
刑。

（責任主編：莊儱宇）

--
Mr.
Raindrop, falling away from
me now.
/
/
∕︵︵︵︵︵︵︵﹨
Mr. Raindrop, falling away form me now.
/
/
◢██◣
∥
/     /
Do you know how much you mean to me, why must you leave?
⊙
⊙
∥
I'm just a flower on a tree, why must you leave?
◢
▆
/
/
Mr.
Raindrop, falling away from
me now.
--
※ 發信站: 批踢踢實業坊(ptt.cc), 來自: 36.227.148.66 (臺灣)
※ 文章網址:
https://www.ptt.cc/bbs/Bunco/M.1758230603.A.CB2.html",ptt,Fri Sep 19 05:23:13 2025
[新聞] ETmeta平台標榜「體育元宇宙」詐騙近億,https://www.ptt.cc/bbs/Bunco/M.1758147149.A.3B6.html,"ETmeta平台標榜「體育元宇宙」詐騙近億元！
https://www.taisounds.com/news/content/97/214414
男子廖文理去（2024）年推出「ETmeta」平台，標榜為體育愛好者打造專屬元宇宙平台，
還廣邀投資人投資ETM幣，涉嫌詐騙近億元，遭台北地檢署聲押禁見獲准。專案小組近日
懷疑，全案的幕後影武者疑為男子吳承紘及女子何芳菲，檢警調今（9/17）日兵分八路搜
索約談9人，晚間將吳承紘、何芳菲在內的共犯移送北檢複訊，全案將擴大調查。

檢方接獲檢舉，廖文理於去年1月推出「ETmeta」平台，標榜顛覆傳統體育市場，專為體
育愛好者打造可參與討論及分享利益的元宇宙平台，投資人不僅可獲得全球體育資訊，還
可投資專屬平台虛擬貨幣「ETM幣」，並透過AR與VR技術和體育明星互動。至少有16名民
眾信以為真，投資ETM幣以後，發現無法出金，認為上當受騙，因而提起告訴。

北檢於今年8月初，由檢肅黑金專組檢察官李堯樺，指揮調查局福建省調查處及台北市政
府警察局刑事警察大隊，持法院核發的搜索票，搜索負責人廖文理及其許姓前妻及下線業
務洪亞姿等3人住居所，同時以被告身分通知3人到案，另傳喚4名證人。廖文理、洪亞茲
因犯罪嫌疑重大，遭檢方聲押獲准。


ETmeta平台業務洪亞姿。資料照。呂志明攝

如今案情又有新進展，檢警調另查出9人涉案，其中7人為業務，全案主導者疑為吳承紘及
何芳菲，專案檢察官吳怡蒨今（9/17）日指揮福建省調處及北市刑大，兵分八路搜索9人
住處，調查局晚間將吳承紘、何芳菲移送北檢複訊。

檢方掌握，全案被害金額近億元，將朝《銀行法》非法經營銀行業務、《刑法》三人以上
共同詐欺取財、《詐欺危害防制條例》、《洗錢防制法》一般洗錢罪等方向擴大偵辦，檢
方也將徹查是否還有其他共犯。
廣告 (請繼續閱讀本文)



吳承紘涉嫌提供投資方案，讓廖文理以ETmeta平台從事非法吸金。呂志明攝


女子何芳菲涉及ETmeta元宇宙平台詐騙案。呂志明攝

--
Mr.
Raindrop, falling away from
me now.
/
/
∕︵︵︵︵︵︵︵﹨
Mr. Raindrop, falling away form me now.
/
/
◢██◣
∥
/     /
Do you know how much you mean to me, why must you leave?
⊙
⊙
∥
I'm just a flower on a tree, why must you leave?
◢
▆
/
/
Mr.
Raindrop, falling away from
me now.
--
※ 發信站: 批踢踢實業坊(ptt.cc), 來自: 36.227.148.66 (臺灣)
※ 文章網址:
https://www.ptt.cc/bbs/Bunco/M.1758147149.A.3B6.html",ptt,Thu Sep 18 06:12:24 2025
Fw: [閒聊] FB看不到留言 疑似新型詐騙手法,https://www.ptt.cc/bbs/Bunco/M.1757062125.A.161.html,"※ [本文轉錄自
Facebook 看板 #1cQfwrdH
]
作者: jacka1 (資源有限而欲望無窮) 看板: Facebook
標題: [閒聊] FB看不到留言 疑似新型詐騙手法
時間: Thu Jun 13 15:24:30 2024


先附連結
https://www.facebook.com/JINGCHUAN8888/posts/pfbid034z8dLFyPLYErxEeVZqqhEhZHocB4XKp1pMbaXqJYN6P3ebCFMnSr78Rx313tq3Vbl
縮網址：
https://tinyurl.com/2epvz3bz
截圖：
https://imgur.com/xMN1GlO
說明如下：
某粉專舉辦樂透猜數字活動，
猜中的人可以用NTD3000買單價75000yen的始祖鳥外套
共有460則留言參加


小弟猜了一組數字(22)
結果開獎那天,粉專私訊說我得獎了
請我提供收件資訊,貨到付款3000

但可疑的是,自從得獎那天後,
該文下方所有留言我就都看不到了,
只看的到我自己的留言 與 粉專的留言 (如截圖)

不論我怎麼開啟留言設定都看不到其他人的留言 (截圖中已是all post)
換了手機也是看不到

ps.這裡也想請問一下板友,
FB粉專是不是有新功能,可以設定留言的可見權限
(如果板友點擊上方聯結有看到其他留言也歡迎分享)


調查一下：發現可能是新型態的詐騙,理由如下
1.網頁透明度可疑
https://imgur.com/bAItZWZ
貌似2024/5/11才從東南亞國家的粉專改名
也增加了中國的管理員, 沒有台灣/日本的

2.我查了一下該始祖鳥外套在淘寶上的A貨價錢大約是2500
所以這裡加上運費算三千好像也很合理

3.沒有正式公布得獎名單與其他四位得獎者也太可疑了
極有可能是全部留言都私訊中獎,就看有多少人會上鉤囉

綜上所述
我應該會不會去領這個獎


以上為一些心得與大家分享
如果有板友知道留言到底是出了什麼事?
也歡迎跟我分享

感謝觀賞

--
已知時間t的函數   ""f(t)=我愛你""
<i>                                     <ii>
當 t=1 (今天) => f(1)=我愛你  成立      設 t=k   時 f(k)=我愛你    成立
當 t=2 (明天) => f(2)=我愛你  成立      則 t=k+1 時 f(k+1)=我愛你  亦成立

由 <i> & <ii> 與數學歸納法可知...............
我永遠愛你
--
※ 發信站: 批踢踢實業坊(ptt.cc), 來自: 60.251.52.42 (臺灣)
※ 文章網址:
https://www.ptt.cc/bbs/Facebook/M.1718263477.A.9D1.html
※ 發信站: 批踢踢實業坊(ptt.cc)
※ 轉錄者: jacka1 (61.219.220.169 臺灣), 09/05/2025 16:48:44",ptt,Fri Sep  5 16:48:44 2025
[新聞] 美破獲華人詐騙集團 28人被起訴,https://www.ptt.cc/bbs/Bunco/M.1756937707.A.633.html,"美破獲華人詐騙集團 28人被起訴
https://www.epochtimes.com/b5/25/9/3/n14586632.htm
【大紀元2025年09月03日訊】（大紀元記者蔡溶紐約報導）美國聯邦檢方宣布，近日破獲
一個以中國公民為核心、涉案金額高達6,500萬美元的跨國詐騙集團，起訴至少28人、逮
捕25人，其中至少15人來自紐約法拉盛，甚至包括中國留學生。

此案受害者遍布全美，主要是老年群體，包括一名納粹大屠殺倖存者的97歲的遺孀，她失
去了全部積蓄。

檢方表示，該犯罪網絡自2019年起活躍於南加州，主要由華人組成，其中部分人在美國屬
於非法居留，並與印度的詐騙呼叫中心密切合作，通過冒充技術人員、政府官員或銀行職
員實施詐騙。詐騙者慣用手法是誘導受害者相信「退款錯誤」，接著利用受害者的愧疚心
理，聲稱若不把款項退回，自己將面臨失業等後果，藉此進行心理操控，迫使受害者匯款
、寄送現金或購買禮品卡。

其中，寄送現金的受害者會被要求將錢款通過快遞寄往短租民宿，由所謂的「錢騾」負責
收取。這些「錢騾」在短租屋內接收包裹，按件領取報酬，並頻繁更換住宿地點以逃避執
法機關的追查。

美國國稅局刑事調查處、國土安全調查局（HSI）與聯邦調查局（FBI）在加州、紐約、德
州與密西根同步展開為期一週的行動，共逮捕25人，另有3名嫌犯在逃。被告均面臨串謀
郵件與電信詐欺以及串謀洗錢等重罪指控，最高刑期可達40年。

執法人員同時執行十多份搜查及扣押令，凍結超過420萬美元資產，並查扣多輛豪華車，
包括2022款奔馳G63、2024款保時捷Panamera及2025款GMC Yukon Denali等。

YouTuber反詐團隊提供關鍵證據
案件調查能夠突破，與YouTube的知名反詐博主「報復騙子」（Scammer Payback，本名
Pierogi）及團隊「三部曲媒體」（Trilogy Media）密切相關。2020年至2021年間，他們
多次假扮受害者與騙徒交鋒，拍攝與騙子面對面的畫面並上傳YouTube。（相關文章：反
詐影片揭開華人詐騙網「錢騾」運作模式）

影片揭露了詐騙集團的運作方式，協助鎖定張志毅（以下皆為音譯，化名Cream Pablo、
Hans Bum）、陳嘟嘟（化名Norris Chen）及陳華建（化名Marco Chen）等核心成員，為
調查人員順藤摸瓜打掉這個犯罪團伙起到了重要作用。

檢方發布了其中三段YouTube視頻。其中一段影片顯示，Pierogi依指示將假現金包裹寄往
南舊金山，Trilogy Media成員隨後假扮快遞員當場與收件人當面對質，證實其為張志毅
。5年後張志毅於上個月（8月19日）在洛杉磯國際機場落網，被指單獨涉及至少180萬美
元詐騙金額。

另有影片拍到陳嘟嘟與陳華建分別在加州達納角及其它地點收取「誘餌包裹」，兩人身分
當場被識破。檢方強調，這些所謂「錢騾」雖不在詐騙鏈核心，卻是整個犯罪網絡中轉移
資金的關鍵角色。

「不是所有的英雄都披著斗篷，有些人有YouTube頻道。」南加州聯邦檢察官戈登（Adam
Gordon）讚揚這些民間反詐人士，並承諾將持續打擊跨國有組織犯罪，為受害者伸張正義
。

大部分被告來自紐約法拉盛
此案分成四份起訴書，來自紐約法拉盛的15名被告（皆為音譯）包括：王華、蘇偉寧（又
名馬寧）、徐曉蕾、蔡嘉文（又名Johnny Cai）、紹新宇、尹駐韓（又名尹鐵）、趙子越
（又名Chris Zhao）、林廣利、王嘉欣、張浩天（又名Kevin Z）、孫餘暉（又名Ian Sun
）、林德曉（又名Prozac）、沈冰、張澤天、高建豪（又名Gh Ghao）。

其餘被告包括：紐約州長島Levittown的陳志偉，加州洛杉磯的曹洪森、張志毅（又名
Cream Pablo）、李沖衝，密西根底特律的王文昌，德州奧斯汀的陳嘟嘟（又名Norris
Chen）、陳華建（又名Marco Chen）、陳文志，還有蔣嘉欣、李程。部分被告姓名因法律
原因遭隱去。

執法部門提醒民眾警惕「退款騙局」，切勿聽信陌生來電向陌生人轉帳或寄送現金，不要
安裝陌生人提供的遠程控制軟件，遇到「多退少補」情況應直接向銀行核實；如遇可疑情
況，應立即聯絡警方或相關機構。

責任編輯：陳玟綺

--
Mr.
Raindrop, falling away from
me now.
/
/
∕︵︵︵︵︵︵︵﹨
Mr. Raindrop, falling away form me now.
/
/
◢██◣
∥
/     /
Do you know how much you mean to me, why must you leave?
⊙
⊙
∥
I'm just a flower on a tree, why must you leave?
◢
▆
/
/
Mr.
Raindrop, falling away from
me now.
--
※ 發信站: 批踢踢實業坊(ptt.cc), 來自: 36.227.145.108 (臺灣)
※ 文章網址:
https://www.ptt.cc/bbs/Bunco/M.1756937707.A.633.html",ptt,Thu Sep  4 06:15:03 2025
[新聞] 注意詐騙Email催繳交通違規罰單，勿點,https://www.ptt.cc/bbs/Bunco/M.1756449780.A.B6C.html,"注意詐騙Email催繳交通違規罰單，請勿點選假連結！
https://www.thb.gov.tw/News_Content_table.aspx?n=13855&s=268011
公路局表示最近有民眾收到Email通知，內容為「監理業務中心發現您未處理違反道路交
通管理事件，請於O/O之前盡快處理，並依線上處理步驟繳納」，經查證該Email實際所載
網址不屬於政府機關網址，是假訊息，公路局迄今已通報下架169件詐騙網頁。

公路局特別澄清，監理機關雖有交通違規罰單到期簡訊提醒通知服務，但需要車主提出申
請，且此服務僅限於「提醒通知」，不會附上網址供下載及點選。提醒民眾切勿點擊來源
不明電子郵件、簡訊或連結，以免上當受騙，若收到繳費電子郵件存有疑義，請洽各地區
監理所站查證。

如須查詢相關違規或汽車燃料使用費，請務必點選正確網址，或下載監理服務APP。民眾
若有疑義可洽公路局用路人服務中心0800-231-035免費電話或各監理所站求證；若為6都
所管轄交通違規，則可洽6都裁決中心（處）求證。

--
查詢是否有交通違規請以GOV網址為主，勿點e-mail中網址。
https://www.mvdis.gov.tw/m3-emv-vil/vil/penaltyQueryPay#gsc.tab=0
--
Mr.
Raindrop, falling away from
me now.
/
/
∕︵︵︵︵︵︵︵﹨
Mr. Raindrop, falling away form me now.
/
/
◢██◣
∥
/     /
Do you know how much you mean to me, why must you leave?
⊙
⊙
∥
I'm just a flower on a tree, why must you leave?
◢
▆
/
/
Mr.
Raindrop, falling away from
me now.
--
※ 發信站: 批踢踢實業坊(ptt.cc), 來自: 111.243.26.232 (臺灣)
※ 文章網址:
https://www.ptt.cc/bbs/Bunco/M.1756449780.A.B6C.html",ptt,Fri Aug 29 14:42:57 2025
[新聞] 超商取貨出現「這3碼」一定是詐騙,https://www.ptt.cc/bbs/Bunco/M.1756326021.A.BE3.html,"超商取貨出現「這3碼」一定是詐騙　過來人揭包裹內容物
https://today.line.me/tw/v3/article/qo90QWm
許多人都有網購的經驗，超商取貨也十分方便，但詐騙集團也看準這點進行詐騙。有民眾
近日收到可疑的包裹簡訊，內容卻出現「配編」字樣，察覺有異才沒上當受騙，貼文掀起
熱議，也釣出超商店員回應了。

一名女網友在《Threads》貼出手機簡訊截圖，只見簡訊通知包裹已經抵達超商，詭異的
是裡面出現中國用詞「配編」，但她沒有在中國買東西，發現不太對勁，恍然大悟是詐騙
。她提醒，詐騙包裹簡訊長這樣，價格落在1100至1500元之間，取貨時要小心提高警覺。

此文一出，引發一番討論，「詐騙真的很扯，他們會知道你常領貨的門市是哪間，然後在
你剛好有到貨時塞一個給你」、「我也第一次收到欸，也確認沒買東西，也查不到編號單
，還好沒取」、「小心詐騙，本人曾經領了一個2千多的空包彈」。

還有一名超商店員表示，配編如果是開頭73N或是73M的，都一定會是詐騙，「店員沒有義
務跟客人說，收到詐騙包裹打客訴電話也沒有用喔！」因為超商的包裹都只是代收，不能
怪店員沒跟客人說。

另外，有人好奇詐騙包裹內容物裝什麼？不少過來人分享，「大陸乳液，我收過，但退款
了」、「我收到大陸的保健食品，但有退款成功」、「之前有收過一個舊款式的行動電源
」、「我收到玻尿酸，簡體字，後來申請詐騙包裹退貨退款，他們連貨都不來收回去了」
、「我有收過1千多塊打開是水管」、「我有收過大陸的護手霜」、「感覺就是品質很爛
的垃圾吧，之前看到有人拿到衛生紙跟手環的」。

--
Mr.
Raindrop, falling away from
me now.
/
/
∕︵︵︵︵︵︵︵﹨
Mr. Raindrop, falling away form me now.
/
/
◢██◣
∥
/     /
Do you know how much you mean to me, why must you leave?
⊙
⊙
∥
I'm just a flower on a tree, why must you leave?
◢
▆
/
/
Mr.
Raindrop, falling away from
me now.
--
※ 發信站: 批踢踢實業坊(ptt.cc), 來自: 111.243.26.232 (臺灣)
※ 文章網址:
https://www.ptt.cc/bbs/Bunco/M.1756326021.A.BE3.html",ptt,Thu Aug 28 04:20:17 2025
[新聞] 無法辨識舊詐騙手法，AI 瀏覽器或成罪犯的好夥伴,https://www.ptt.cc/bbs/Bunco/M.1755962559.A.2AA.html,"無法辨識舊詐騙手法，AI 瀏覽器或成罪犯的好夥伴

作者 TechNews 編輯台 | 發布日期 2025 年 08 月 23 日 10:30 |
https://reurl.cc/2QQ7d9
人工智慧迅速發展，網路詐騙也不斷更新。近日《Scamlexity》報告，AI 瀏覽器可能成
為詐騙犯的新工具，因辨識是否詐騙的能力遠不如人類。

《Scamlexity》由網路安全新創Guardio發表，專注開發即時檢測詐騙的瀏覽器外掛。所
謂「代理AI」瀏覽器如Opera Neon，基於Opera的Operator技術，能理解頁面結構（DOM
tree）並執行網頁互動任務，使某些方面優於傳統AI代理人，但仍有巨大安全隱憂。這些
AI瀏覽器處理複雜任務時，缺乏人類常識，容易陷入明顯的詐騙陷阱。

Guardio研究員用Perplexity Comet AI瀏覽器測試，創建假沃爾瑪網站，指示Comet買一
支Apple Watch。儘管網站logo和網址明顯不正常，Comet仍完全未察購買手錶，且一併洩
露用戶敏感財務資訊。另外測試，研究員寄假冒富國銀行的信件，Comet毫不遲疑點擊釣
魚連結，甚至輸入銀行帳戶名和密碼。

測試顯示代理AI瀏覽器不僅容易受新詐騙攻擊，還可能無法對付最舊詐騙手法。AI設計是
為了執行用戶指令，如果人類第一次查看未能察覺詐騙的跡象，AI也無法當成保護措施。

微軟、OpenAI和Google等大舉投資代理AI領域，此報告警告尤其重要。微軟已將Copilot
整合至Edge瀏覽器，強調隱私與安全保護，但仍在發展。如果開發者不加強瀏覽器詐騙檢
測功能，代理AI就會成為巨大盲點，甚至成為新攻擊管道。

AI browsers may be the best thing that ever happened to scammers

（首圖來源：Guardio）


新聞出處:科技新報
https://reurl.cc/jrrVnL
--
※ 發信站: 批踢踢實業坊(ptt.cc), 來自: 118.166.27.129 (臺灣)
※ 文章網址:
https://www.ptt.cc/bbs/Bunco/M.1755962559.A.2AA.html",ptt,Sat Aug 23 23:22:37 2025
[資訊] 政府推出防詐軟體&網路詐騙通報,https://www.ptt.cc/bbs/Bunco/M.1755784251.A.17A.html,"轉自FB補教人蔘

數發部有打詐app了！！！

網路詐騙通報查詢網連結
https://fraudbuster.digiat.org.tw/accessibility/
Android：(APP下載連結)
https://play.google.com/store/apps/details......
iOS：(APP下載連結)
https://apps.apple.com/tw/app/id6587570857
--
Mr.
Raindrop, falling away from
me now.
/
/
∕︵︵︵︵︵︵︵﹨
Mr. Raindrop, falling away form me now.
/
/
◢██◣
∥
/     /
Do you know how much you mean to me, why must you leave?
⊙
⊙
∥
I'm just a flower on a tree, why must you leave?
◢
▆
/
/
Mr.
Raindrop, falling away from
me now.
--
※ 發信站: 批踢踢實業坊(ptt.cc), 來自: 111.243.28.52 (臺灣)
※ 文章網址:
https://www.ptt.cc/bbs/Bunco/M.1755784251.A.17A.html",ptt,Thu Aug 21 21:50:46 2025
[新聞] FBI也沒轍！美國女子高球成詐騙溫床 「視訊冒充運動員」爽宰,https://www.ptt.cc/bbs/Bunco/M.1755520191.A.939.html,"FBI也沒轍！美國女子高球成詐騙溫床 「視訊冒充運動員」爽宰肥羊

14:47 2025/08/17 中時新聞網 盧品青
https://images.chinatimes.com/newsphoto/2025-08-17/1024/20250817001664.jpg
美國高球女將柯達。（美聯社資料照）
https://images.chinatimes.com/newsphoto/2025-08-17/1024/20250817001665.jpg
南韓高球女將田仁智。（美聯社資料照）

近年詐騙集團十分猖獗，職業運動員也深受其害，美國一位62歲球迷朗尼羅克雷特（
Rodney Raclette）8月初新創IG帳號，並追蹤幾位職業高球女將的官方帳號，短短20分鐘
他就收到美國選手奈莉柯達的「私訊」（Nelly Korda，女子世界排名第2）。

「你好啊，帥哥，我知道對你而言彷彿美夢成真，感謝你成為我的球迷。你有沒有專屬會
員卡？只要700美元就可以來現場看我比賽、獲贈我的全套簽名。」

顯然這則悄悄話並非來自奈莉柯達，但收信的也不是朗尼羅克雷特，因為這位62歲球迷從
未存在，那是美媒The Athletic記者為了實驗而開設的假帳號。朗尼羅克雷特試著要詐團
自證身分，詐團主動給他開了視訊，利用AI模擬奈莉柯達與他對話，還能喊出他的名字。

詐團假冒運動員身分，要求受害人轉往Telegram、WhatsApp等較私密的通訊平台，佈下「
私人晚餐、VIP包廂、旅遊住宿」之類付費親近運動員的圈套，詐取受害人的金錢，進一
步引誘他們加入假投資，甚至與他們「戀愛」，行騙金額可達數萬美元。

任何運動都可能被詐團入侵，美國受創最深的是職業女子高球，她們的比賽性質容易成為
目標，畢竟團隊運動較難以隱密行事。美國柯達、張斯洋、南韓田仁智等多位女將遭到詐
團冒充，一些受害人不甘損失，跑去找運動員本人求償，更有一部分不信自己被騙、跨海
追到賽場「千里尋妻」，最後崩潰地發現眼前的女選手根本不認得自己。

柯達抱怨她無法像以往那樣在網路與球迷自由交流，這個情況已經持續將近5年，而且毫
無減緩的跡象。美國聯邦調查局（FBI）即使有心追查，對於大量在海外設點的詐團也是
鞭長莫及，呼籲球迷對此一定要提高警覺、多方查證，不要輕率投入金錢。


新聞出處:中時新聞網
https://reurl.cc/axZR6Y
--
※ 發信站: 批踢踢實業坊(ptt.cc), 來自: 118.166.36.90 (臺灣)
※ 文章網址:
https://www.ptt.cc/bbs/Bunco/M.1755520191.A.939.html",ptt,Mon Aug 18 20:29:48 2025
[新聞] 接到1通電話快掛斷！詐騙新招「假冒台水,https://www.ptt.cc/bbs/Bunco/M.1755465894.A.D10.html,"接到1通電話快掛斷！詐騙新招「假冒台水」錢秒盜光 北北桃多人受害
https://reurl.cc/Qa56rb
詐騙又有新招！台水表示，近日有不肖人士假冒台水公司員工，以電話或LINE聯繫民眾，
並要求核對個資。台水公司嚴正澄清，此為詐騙行為，近期已接獲多起台北、新北、桃園
等地案例通報，提醒民眾切勿上當。

台水說明，針對近日不肖人士假冒台水公司員工，以電話或Line聯繫民眾，謊稱「有人持
您的身分證件辦理過戶或申裝自來水」，要求核對個資甚至加Line視訊通話，台水公司嚴
正澄清，此為詐騙行為，請民眾切勿上當，台水公司已於11日向內政部警政署165全民防
騙網檢舉記錄在案。

台水指出，詐騙集團為取信民眾，除謊報姓名職稱外，還會提供台水總管理處電話
(04)22244191及台中市警察局第六分局電話，甚至將來電轉接至警局，以混淆視聽。近期
已接獲多起台北、新北、桃園等地案例通報。

台水公司再次強調，「不會」以電話方式要求提供個資或加Line視訊核對資訊，若接獲疑
似詐騙來電，務必遵守「一聽、二掛、三查」原則：

1. 一聽→聽清楚對方內容，是否涉及身分核對、轉帳、加Line等敏感行為。

2. 二掛→立即掛斷電話，避免情緒被操控。

3. 三查證→立即撥打165反詐騙專線或台水客服專線1910查證。

台水提醒，請民眾提高警覺，保護個資與財產安全。任何用水相關疑問，請透過官方管道
查詢，包括台水客服專線1910、公司官網及各服務(營運)所電話。

--
Mr.
Raindrop, falling away from
me now.
/
/
∕︵︵︵︵︵︵︵﹨
Mr. Raindrop, falling away form me now.
/
/
◢██◣
∥
/     /
Do you know how much you mean to me, why must you leave?
⊙
⊙
∥
I'm just a flower on a tree, why must you leave?
◢
▆
/
/
Mr.
Raindrop, falling away from
me now.
--
※ 發信站: 批踢踢實業坊(ptt.cc), 來自: 111.243.3.223 (臺灣)
※ 文章網址:
https://www.ptt.cc/bbs/Bunco/M.1755465894.A.D10.html",ptt,Mon Aug 18 05:24:50 2025
[新聞] 7300萬積蓄全沒了！最新詐騙掏空存款房產,https://www.ptt.cc/bbs/Bunco/M.1755060566.A.35D.html,"7300萬積蓄全沒了！最新詐騙掏空存款房產
https://www.storm.mg/lifestyle/11059265
退休女醫遭詐7300萬！假檢警洗劫資產，連7棟房產都差點不保
資產掏空仍不罷休，「地面師」出手覬覦房產
地政事務所示警：防範假冒公務員詐騙，三招保護不動產

顯示全部
台中一名退休的70歲女醫師，原本過著安穩的獨居生活，卻在詐騙集團的精密佈局下，畢
生積蓄與房產幾乎被洗劫一空。這起駭人聽聞的詐騙案，不僅凸顯出「假檢警」手法的狡
詐，更揭示了詐團如何利用被害人的心理弱點，一步步蠶食鯨吞財產。

退休女醫遭詐7300萬！假檢警洗劫資產，連7棟房產都差點不保
這名女醫師在111年11月接獲詐騙電話，對方假冒成檢察官，宣稱她的帳戶涉及重大洗錢
案，需要進行「金流調查」。由於女醫師平時不熟悉手機操作，對外聯繫多仰賴家中電話
，加上詐團以「偵查不公開」為由，禁止她向外求證，讓她驚慌失措，深怕自己名譽掃地
、晚節不保。

為了避免女醫師到銀行提領大筆現金時被行員或警方察覺，詐團更指示她「分多次小額提
領」，等到湊足100萬後，再派專人前往取款。透過這種循序漸進的方式，詐團成功規避
了銀行的關懷提問，逐步掏空女醫師帳戶內的4700萬元現金。

資產掏空仍不罷休，「地面師」出手覬覦房產

當女醫師的現金被詐光後，詐騙集團的胃口卻越來越大，將歪腦筋動到她名下的7間房產
。他們指派同夥扮演「地面師」（指專門偽造文件或利用漏洞詐取房產的犯罪者），帶著
女醫師前往地政事務所，辦理不動產質押登記，成功借貸出高達2600萬元，並將這筆錢全
數上繳給詐團。

直到隔年（112年）5月，轄區警方因其他案件循線調查，才發現女醫師已成為詐團的受害
者，趕緊上門提醒，她才恍然大悟，得知自己辛苦一輩子的7300萬元積蓄已全數被詐騙集
團「洗劫一空」。

地政事務所示警：防範假冒公務員詐騙，三招保護不動產
屏東地政事務所表示，近期接獲多起民眾反映，接到自稱地政人員的電話，對方以辦理地
籍資料異動登記為由，試圖在電話中套取民眾的個人資料，包括出生年月日、身分證字號
或土地地段號等。許多民眾事後察覺不對勁，擔心個資外洩而向地政機關求證。

對此，屏東地政事務所嚴正聲明，這是不法人士假借名義的詐騙手法，呼籲民眾接到類似
電話時務必提高警覺，主動致電或親自前往地政機關查證。地政處特別強調防詐三關鍵：
首先，地政機關絕不會透過電話、簡訊或通訊軟體要求進行身分驗證，所有通知一律以「
書面」為準，若需核對身分，民眾須親自攜帶國民身分證到場辦理；其次，若接到不明來
電，切勿提供任何個人資訊，並在掛斷電話後，立即向該機關查證；最後，切勿隨意交付
簽署文件、印鑑證明、印鑑章或所有權狀給任何人，以免受騙上當。

有鑑於詐騙手法不斷翻新，可透過辦理「地籍異動即時通」來保護自己的不動產。只要名
下房產有收件或異動時，系統便會即時發送簡訊或電子郵件通知，可隨時掌握地籍變動情
況，有效防範偽冒登記與詐騙風險。地政處也再次提醒，官方發送的「地籍異動即時通」
簡訊，內容不會夾帶任何連結、電話或手機號碼。若您收到可疑簡訊或接到假冒公務機關
的電話，切勿隨意點擊、下載附件或提供個人資料，請先向轄區地政事務所查證，或撥打
「165」反詐騙專線尋求協助。

--
Mr.
Raindrop, falling away from
me now.
/
/
∕︵︵︵︵︵︵︵﹨
Mr. Raindrop, falling away form me now.
/
/
◢██◣
∥
/     /
Do you know how much you mean to me, why must you leave?
⊙
⊙
∥
I'm just a flower on a tree, why must you leave?
◢
▆
/
/
Mr.
Raindrop, falling away from
me now.
--
※ 發信站: 批踢踢實業坊(ptt.cc), 來自: 111.243.3.223 (臺灣)
※ 文章網址:
https://www.ptt.cc/bbs/Bunco/M.1755060566.A.35D.html",ptt,Wed Aug 13 12:49:21 2025
[新聞] 新型行事曆詐騙 青壯族中招率高過長者,https://www.ptt.cc/bbs/Bunco/M.1755009538.A.819.html,"新型行事曆詐騙 青壯族中招率高過長者

洛杉磯訊 2025-08-12 02:18 ET
https://uc.udn.com.tw/photo/wj/realtime/2025/08/12/32883703.png
最新的網路釣魚手法滲入了線上行事曆（Google 或 Outlook）、雙重驗證應用程式及
HTML附件。（示意圖，取材自unsplash）

詐騙集團手法不斷變化，以往普遍認為年長者更容易成為網路詐騙的目標，但美國聯邦貿
易委員會（FTC）在2021年的數據顯示，18至59歲青壯年族群，因詐騙而損失金錢的機率
，比60歲以上成年人高出34%。

根據洛杉磯時報，最新網路釣魚手法已滲入線上行事曆（Google或Outlook）、雙重驗證
應用程式及HTML附件。這些手法主攻青壯年族群，透過線上操作例如社群媒體廣告、投資
詐騙或虛假工作機會進行誘騙。

諾頓（Norton）人工智慧與創新部門總監Iskander Sanchez-Rola表示，詐騙者不斷想出
新方法，引誘人們在不自知的情況下交出個人資訊，而與電子郵件帳號連動的行事曆，就
是他們的新目標之一。與傳統的釣魚詐騙（例如不請自來、需主動回應的簡訊或電話）不
同，這種邀請會在沒有獲得同意或拒絕的情況下，自動出現在行事曆中。

Sanchez-Rola說，任何人都很容易上當，因為這會讓人誤以為自己曾接受過該邀請。詐騙
的關鍵發生在你點擊該邀請以查看更多資訊的時候。邀請中的連結可能會帶你進入一個偽
裝成Zoom會議的釣魚網站，或是引導你下載偽裝成軟體更新的惡意軟體。

民眾可透過更改線上行事曆設定，禁止自動更新、限制哪些邀請會出現在行事曆中、或者
調整行事曆設定等方式來加以防範。如果有任何懷疑，不要直接回覆該邀請。

Fortinet首席安全策略師暨全球威脅情報副總裁Derek Manky也建議，民眾也可以向該組
織中，可信任的聯絡人寄送一封新電子郵件，確認是否真的安排了該會議，並索取更多細
節。

詐騙集團也會透過雙重驗證應用程式及HTML附件的方式騙你入局。據悉，詐騙者會先透過
已取得的帳號資訊（例如從資料外洩或釣魚網站獲得），主動觸發你的登入驗證程序。接
著，你會收到一組看似「正常」的驗證碼，緊接著詐騙者會假扮成客服、IT 部門或你認
識的人，打電話、發訊息或寄信給你，要求你提供該驗證碼，理由可能是「確認帳號」、
「防止異常登入」或「重設密碼」。一旦你提供驗證碼，他們就能立即登入並控制你的帳
號。

事實上，根據丕優研究中心（Pew Research Center）近期對超過9000名美國成年人的調
查結果，約73%的受訪者曾遭遇過一種或多種網路詐騙或攻擊，且約32％受訪者都在近一
年內被騙。

數據指出，最常見的詐騙手法分別為信用卡盜刷、網路購物詐騙及勒索病毒攻擊。約24%
的受訪者均表示，他們都曾收到詐騙電子郵件、簡訊或來電，並被誘騙提供個人資訊。


新聞出處:世界新聞網
https://reurl.cc/QaRVab
--
※ 發信站: 批踢踢實業坊(ptt.cc), 來自: 118.166.35.184 (臺灣)
※ 文章網址:
https://www.ptt.cc/bbs/Bunco/M.1755009538.A.819.html",ptt,Tue Aug 12 22:38:55 2025
[新聞] 盜行動支付「刷575支iPhone」詐騙話術,https://www.ptt.cc/bbs/Bunco/M.1754984737.A.5C6.html,"盜行動支付「刷575支iPhone」　詐騙話術曝光
https://www.taisounds.com/news/content/96/207097
詐騙集團假冒檢警名義取得民眾個資，將被害人的信用卡資料，透過詐騙話術，綁定犯嫌
手機上Apple Pay行動支付，再指使車手成員至指定的「連鎖3C經銷商」德誼數位四家門
市，大量盜刷買iPhone等高單價商品，盜刷不法金額約3000萬元、575支iPhone，有人一
天被盜刷高達300萬元。


詐團成團駕駛豪車。讀者提供


刑事局電信偵查大隊掌握，詐騙機房誘騙被害人交付信用卡資料，待提高刷卡額度後，再
要求被害人將信用卡綁定犯嫌的Apple Pay，犯嫌至德誼數位刷卡購買iPhone等高單價3C
商品，將手機交付給詐團首謀變賣，首謀抽取報酬後，將洗得的黑錢給詐團。

檢警專案小組指出，詐騙集團以假冒公務員，與被害人聯繫表示是對方涉及洗錢，需要將
金融資訊全部提供給檢警做查證，且要求被害人將信用卡額度提高到300萬元，隨後再將
被害人信用卡綁定至共犯持用行動裝置「Apple Pay」。有被害人一天損失達高達300萬元
。


刑事局偵破Apple Pay行動支付盜刷集團，盜刷不法金額約3000萬元、575支iPhone，有人
一天被盜刷高達300萬元。讀者提供


專案小組分析大量影像等資料，鎖定有幫派背景的連姓主嫌（32歲）、陳姓老闆（48歲）
、洪姓金主（44歲）、路姓主管（26歲）等22人身分，並陸續將人查緝到案，德誼的路姓
主管與陳姓老闆溝通，提供四家門市給詐團盜刷，共刷得575支iPhone。陳姓老闆等6人，
經桃園地院裁定羈押。

全案依組織犯罪防制條例、詐欺犯罪危害防制條例、刑法加重詐欺取財、洗錢防制法等罪
嫌，移送桃園地檢署續辦，並由檢察官黃世維依法提起公訴。

--
Mr.
Raindrop, falling away from
me now.
/
/
∕︵︵︵︵︵︵︵﹨
Mr. Raindrop, falling away form me now.
/
/
◢██◣
∥
/     /
Do you know how much you mean to me, why must you leave?
⊙
⊙
∥
I'm just a flower on a tree, why must you leave?
◢
▆
/
/
Mr.
Raindrop, falling away from
me now.
--
※ 發信站: 批踢踢實業坊(ptt.cc), 來自: 111.243.6.170 (臺灣)
※ 文章網址:
https://www.ptt.cc/bbs/Bunco/M.1754984737.A.5C6.html",ptt,Tue Aug 12 15:45:34 2025
[新聞] 免費入群變荷包失血　彩券明牌詐騙套路,https://www.ptt.cc/bbs/Bunco/M.1754717287.A.EDC.html,"免費入群變荷包失血　彩券明牌詐騙套路全揭露
https://www.setn.com/News.aspx?NewsID=1701495
「免費入群、連中多期」這些聽起來像天上掉下來的好康，其實是詐騙集團最愛的糖衣陷
阱！近期，全台出現多起以「彩券明牌」為名的詐騙手法，受害者被引誘加入Facebook社
團或LINE群組，先被灌輸「專業團隊操盤、內部號碼穩賺」的假象，再被要求繳交「入會
費」、「保密費」，甚至要繳「系統維護費」才能繼續收號。一旦錢到手，詐騙集團立刻
封鎖人間蒸發，受害者不但沒中獎，還賠了荷包。

台灣彩券公司提醒，公益彩券開獎設備均由世界彩券協會（WLA）認證的專業廠商製造，
開獎過程完全隨機且全程有獨立公正人士見證，任何聲稱「內線穩賺」、「中獎包中」的
資訊百分之百是騙局。想靠所謂「內幕號碼」致富，恐怕只會讓自己的存款先見底。

彩券「內線號碼」保證中獎？小心荷包先破洞！

台彩提醒，更詭異的是，詐騙集團還設計「假線上投注站」。他們在網路廣告中宣稱「加
入會員、儲值購買」即可輕鬆下注，但實際上，公益彩券目前並未開放網路投注，這些網
站除了騙走錢財，還會暗中蒐集個資，進一步進行詐騙或轉賣資料。

警方與165反詐騙專線提醒，防堵這類騙術的關鍵是：

     不加入來路不明的群組或社團。
     不點擊不明網址。
     不輕易輸入個資或匯款。

若遇疑似詐騙，可撥打台灣彩券客服0800-024-999（市話）、0809-077-168（手機），或
165反詐騙專線查證，也可利用數發部「網路詐騙通報查詢網」比對可疑資訊。

專家直言，彩券是機率遊戲，抱著「買彩券當作小確幸」的心態沒問題，但千萬別被「保
證中獎」的甜言蜜語沖昏頭。因為這些所謂的「穩賺方法」，往往就是詐騙集團最穩賺不
賠的生意。

--
Mr.
Raindrop, falling away from
me now.
/
/
∕︵︵︵︵︵︵︵﹨
Mr. Raindrop, falling away form me now.
/
/
◢██◣
∥
/     /
Do you know how much you mean to me, why must you leave?
⊙
⊙
∥
I'm just a flower on a tree, why must you leave?
◢
▆
/
/
Mr.
Raindrop, falling away from
me now.
--
※ 發信站: 批踢踢實業坊(ptt.cc), 來自: 1.161.170.133 (臺灣)
※ 文章網址:
https://www.ptt.cc/bbs/Bunco/M.1754717287.A.EDC.html",ptt,Sat Aug  9 13:28:03 2025
[新聞] 詐騙郵件新手法曝光！點取消交易噴8萬,https://www.ptt.cc/bbs/Bunco/M.1754660931.A.EA5.html,"詐騙郵件新手法曝光！民眾點「取消交易」秒噴8萬
https://tyenews.com/2025/08/936336/
現在詐騙手法不斷千奇百怪，民眾一定要多查證避免受騙！一名網友分享，近期又出現新
的詐騙手法，詐騙集團會偽裝成銀行，發出「偵測到異常交易」的通知，誘騙用戶點擊「
取消交易」，藉此騙取個資及錢財。文章曝光掀起討論，還有人分享，朋友真的因此被盜
刷8萬元。

「新的詐騙mail！」一名網友在Threads上分享，近日收到一封自稱是中國信託銀行的郵
件，寫著「偵測到異常交易通知」，並附上交易編號及付款方式，交易金額為9830元，並
指出「若您不認識此交易，請立即取消」，下方還有取消交易的按鈕，但若是真的照做，
按下「取消交易」就中獎了。

原PO表示，自己本來很直覺要點下去，但因為懶得填資料，於是打電話給客服，對方立即
提醒，「這是詐騙，最近很多這種信件詐騙，而且金額都固定是9830元」，讓原PO瞬間驚
醒，表示「幸好我的懶惰救了我！必須花時間跟大家分享，救一個是一個。」

不少人看到後也分享經歷，「我也收到一樣的簡訊，我也沒有點進去，而是致電中信客服
確認，行員告知刪除就好」、「我也是看到心一驚，還好我習慣反查，用銀行APP登入看
沒有這筆交易紀錄，就知道是詐騙了」、「還真的蠻像的，不過銀行不能取消交易，只能
反應爭議款，詐騙集團真的好扯」，還有網友表示，「身邊有人被這招騙，海外直接刷了
8萬台幣。」

謹記詐騙關鍵字　有疑慮先打165查證

金管會先前指出，金管會及銀行不會以電話、Line、簡訊、公文信函等方式，與民眾聯繫
處理銀行帳戶問題，更無權管制或凍結民眾帳戶，也不會以任何理由，要求民眾繳交保證
金、安全金、稅款或擔保款項等，並提醒「誤設分期付款」、「重複扣款」、「操作ATM
或網路銀行」、「取消交易」等都是詐騙關鍵字，切勿點擊可疑網址或不明連結。

金管會表示，民眾若收到以金管會或銀行局名義聯繫的電話、訊息或文件，宣稱帳戶遭管
制或凍結，或要求匯款或繳付款項，可撥打內政部警政署「165」反詐騙諮詢專線，查證
是否為詐騙集團犯罪手法。

--
Mr.
Raindrop, falling away from
me now.
/
/
∕︵︵︵︵︵︵︵﹨
Mr. Raindrop, falling away form me now.
/
/
◢██◣
∥
/     /
Do you know how much you mean to me, why must you leave?
⊙
⊙
∥
I'm just a flower on a tree, why must you leave?
◢
▆
/
/
Mr.
Raindrop, falling away from
me now.
--
※ 發信站: 批踢踢實業坊(ptt.cc), 來自: 36.227.145.175 (臺灣)
※ 文章網址:
https://www.ptt.cc/bbs/Bunco/M.1754660931.A.EA5.html",ptt,Fri Aug  8 21:48:45 2025
[新聞] 女公務員陷網戀投資詐騙慘賠2千萬,https://www.ptt.cc/bbs/Bunco/M.1754660580.A.65F.html,"女公務員陷網戀投資詐騙慘賠2千萬 主管嘆：早提醒過她
https://tyenews.com/2025/08/945224/
桃園市政府一名女性公務員從今（114）年農曆年後陷入網路投資詐騙陷阱，到銀行貸款
時被機警的行員識破，所屬局處同時接到銀行及警方通知，主管多次勸說，也相當注意這
公務員上班情形，原本以為就此打住，沒想到她仍被詐騙集團帶到當鋪借貸，抵押名下兩
棟房子，損失了2000多萬才醒悟，到警局報案。

這位女公務員的主管面對記者詢問時，驚訝的表示，不是早告訴她了嗎？怎麼還會去借錢
。主管進一步透露，這位同仁從今年農曆年後，上班時就經常請假，直到一天局裡接獲一
家銀行經理的電話，告知這位同仁來辦貸款，講的理由有點奇怪，應該是遇到詐騙集團，
隨後桃園警方也來電轉述銀行通報，請單位多注意這位同仁。

主管隨即找了這位同仁訪談，得知她是在臉書上的朋友介紹下加入一個LINE投資群組，在
所謂的「理專」慫恿下已經拿給對方400多萬。主管勸她，錢要回來的可能性已不高，損
失到此就好了，不要再拿錢給對方了，同仁當時在辦公室沙發上掩面痛哭。主管說，在場
有多人，大家認為這同仁應該已有所覺悟不會再被騙了，而且事後這位同仁上班正常沒有
異狀，沒想到她還是沒跳出來。

據了解，這名女公務員與母親、弟弟同住，疑似遭到詐騙集團理專以「網戀」方式誘拐，
一步一步走入圈套中，在銀行貸不到款後，被對方帶到當鋪抵押名下兩棟房子借了2000多
萬交給對方，直到對方突然消失才對外求援。

--
Mr.
Raindrop, falling away from
me now.
/
/
∕︵︵︵︵︵︵︵﹨
Mr. Raindrop, falling away form me now.
/
/
◢██◣
∥
/     /
Do you know how much you mean to me, why must you leave?
⊙
⊙
∥
I'm just a flower on a tree, why must you leave?
◢
▆
/
/
Mr.
Raindrop, falling away from
me now.
--
※ 發信站: 批踢踢實業坊(ptt.cc), 來自: 36.227.145.175 (臺灣)
※ 文章網址:
https://www.ptt.cc/bbs/Bunco/M.1754660580.A.65F.html",ptt,Fri Aug  8 21:42:52 2025
[新聞] 詐騙集團哭了！富邦壽成功阻詐1700萬,https://www.ptt.cc/bbs/Bunco/M.1754086723.A.F6D.html,"詐騙集團哭了！富邦壽出這招　成功阻詐1700萬
https://inews.setn.com/news/1697459
為守護保戶財產安全，富邦人壽持續升級防詐機制，擴大關懷機制至全保戶，將原針對65
歲以上高齡長者的關懷措施擴大至所有年齡層，另於接獲保戶申請保單解約後，即時發送
受理通知及防詐提醒。過程中若發現疑似詐騙風險，富邦人壽將即時通報警政署刑事警察
局協助查證，並於查證完成前暫緩款項給付，確保客戶財產不受損害。

為了防範客戶遭詐騙蠱惑，將保單解約或申請保單借款，而面臨財損危機與失去保單權益
保障，富邦人壽自113年即啟動高齡保戶防詐關懷機制，針對65歲以上長者申請保單解約
、部分提領或保單借款之案件，於案件辦理完成後，主動透過電話訪談或親訪，關心申請
原因與資金用途，及說明後續所衍生之影響與保障權益，並提醒常見詐騙手法與異常徵兆
。

有鑑於詐騙問題持續升溫，為確保所有保戶資產安全，今年更進一步擴大關懷措施，將所
有年齡層納入關懷範圍，於電話訪談或親訪時，提醒切勿輕信高報酬投資話術，詐騙集團
會假冒股市名人建立假的臉書、LINE投資群組、社群媒體等，製造投資成功的假象、提供
內線交易投資建議或保證獲利，邀請加入交易平台會員進行投資等。

另為了從源頭堵詐，富邦人壽在接獲保戶申請保單解約後，即主動發送受理通知給保戶，
提醒其提高警覺，並提供警政署「165全民防詐網」查證管道，協助辨識可疑資訊。此外
，亦於保單解約及保單借款申請書增加反詐文字，從保戶辦理相關作業的前端開始，即啟
動多重防詐提醒。

防杜詐騙不遺餘力，富邦人壽截至114年6月成功阻詐逾新臺幣1,700萬元，獲得政府及警
察局表揚肯定。有鑑於當前詐騙問題日益嚴重，為強化保戶保障，亦持續深化阻詐行動，
積極優化偽冒機制和應變流程。除率壽險業之先導入商用簡碼「68999」做為企業官方簡
訊發送碼，減少偽冒企業名義的詐騙訊息外，因應社會趨勢與詐騙手法的變化，定期向全
體同仁分享最新防詐資訊，提升人員識詐敏銳度，讓同仁能及時發現異常狀況，協助保戶
遠離詐騙風險。

--
Mr.
Raindrop, falling away from
me now.
/
/
∕︵︵︵︵︵︵︵﹨
Mr. Raindrop, falling away form me now.
/
/
◢██◣
∥
/     /
Do you know how much you mean to me, why must you leave?
⊙
⊙
∥
I'm just a flower on a tree, why must you leave?
◢
▆
/
/
Mr.
Raindrop, falling away from
me now.
--
※ 發信站: 批踢踢實業坊(ptt.cc), 來自: 111.243.12.145 (臺灣)
※ 文章網址:
https://www.ptt.cc/bbs/Bunco/M.1754086723.A.F6D.html",ptt,Sat Aug  2 06:18:38 2025
[新聞] 騙光5億元！越南建案「大規模詐騙」　重複銷售又假授權,https://www.ptt.cc/bbs/Bunco/M.1754055940.A.CC6.html,"騙光5億元！越南建案「大規模詐騙」　重複銷售又假授權

國際中心賴正琳／綜合報導

2025-08-01 17:48:21
https://reurl.cc/0WEGAo
▲越南胡志明市近期發生大規模建案詐騙。圖為胡志明市夜景。（圖／美聯社／達志影像
）

位於越南胡志明市（Ho Chi Minh City）的Kingsway Tower建案近成為當地社會輿論焦點
，由於牽涉重大詐騙案，該案於2025年7月25日展開再審，庭審預計持續至8月18日，總詐
騙金額超過4770億越盾（約新台幣5.7億元）。

根據越南《勞動報》報導，涉案的兩名主嫌為前Siêu Thành有限責任公司總經理武氏芳
（Võ ThPhng）與陳氏垂莊（Tr ThThùy Trang），兩人皆被控詐騙並侵
占財產，多位受害者到場旁聽。

Kingsway Tower，又稱Nam An公寓，坐落於胡志明市平新和坊，占地超過7000平方公尺。
該建案於2018年通過建設局核准，並在完成地下結構驗收後獲得預售資格，預計銷售496
戶未來公寓。然而，開發商未能取得正式銷售許可的情況下，仍大舉對外販售，並透過安
平商業股份銀行（ABBANK）辦理信貸及專戶設立，吸引大量資金。

調查發現，自2018年5月起，武氏芳代表公司與496位購屋者簽署了557份合約，總金額高
達4770億越盾（約5.7億台幣）。其中，僅有2660億越盾進入公司開立的兩個銀行帳戶，
其餘2100億越盾則流向個人或其他帳戶，甚至有多間公寓遭到重複銷售，導致至少64名買
家受騙，「重複銷售公寓」涉案金額超過510億越盾。

陳氏垂莊的行為也同樣引發關注。儘管在2020年時已不具正式公司代表身份，且原本的授
權文件已失效，她仍與20名客戶簽下42份合約，並將418億越盾（約新台幣4千7百萬元）
匯入其個人帳戶。檢方依《刑法》第174條第4款a點對兩人提起公訴，若罪名成立，最高
可判無期徒刑。

值得注意的是，案中另一名重要人物鄭明清（Trh Minh Thanh）被指為實際幕後主導
者。他於COVID-19疫情期間病逝，生前被懷疑授意武氏芳簽署重複合約，並私用公司資金
償債及支付個人開銷。由於其已身亡，法院未追究其法律責任。

此案並不僅限於開發商本身，越南調查警察局（CS）亦對ABBANK及其分行進行深入調
查。從2017年12月至2020年6月間，該建案專戶共接收逾2687億越盾的購屋款，且銀行曾
承諾將提供擔保函，但實際上因不符條件未能兌現。即便如此，仍有70位購屋者獲得銀行
貸款，疑違反相關金融規範。

此案件早於2024年初即曾開庭審理，但因程序不全及證據不足，最終退卷補偵。如今重新
審理之際，兩名被告尚未就其不法所得對受害者進行任何形式的賠償，整起案件仍在持續
調查中。


新聞出處:NOWnews今日新聞
https://www.nownews.com/news/6714541
--
※ 發信站: 批踢踢實業坊(ptt.cc), 來自: 118.166.41.246 (臺灣)
※ 文章網址:
https://www.ptt.cc/bbs/Bunco/M.1754055940.A.CC6.html",ptt,Fri Aug  1 21:45:37 2025
[新聞] 陳梅慧生前報告助攻　刑事局破竹聯幫詐騙,https://www.ptt.cc/bbs/Bunco/M.1754005131.A.88B.html,"陳梅慧生前報告助攻　刑事局破竹聯幫跨國詐騙 扣逾億贓證物
https://www.cna.com.tw/news/asoc/202507310353.aspx
（中央社記者蘇木春台中31日電）陳姓男子涉嫌在柬埔寨成立詐騙園區，以假投資手法詐
騙國人逾新台幣1.5億元，刑事局透過已故金融調查師陳梅慧遺留的分析報告，查出陳男
等4人涉案，逮捕後依詐欺等罪送辦。

刑事局電信偵查大隊第二隊今天表示，詐欺犯罪防制中心分析165反詐騙系統受理報案紀
錄，發現有詐騙集團利用社群網站，向民眾謊稱有輕鬆賺錢工作機會或有投資管道，再引
導被害人至多個假投資網站，誘騙購買虛擬貨幣泰達幣並轉至詐團指定錢包，造成金錢損
失。

案經刑事局與台中市警局刑事警察大隊第六隊、南投縣警察局刑警大隊科偵隊共組專案小
組，報請台中地方檢察署指揮偵辦，於今年2月至6月間發動3波搜索行動，拘提詐團主嫌
32歲陳男及財務總管、系統工程師等集團高層等4人到案，查扣房屋2處、土地2筆、泰達
幣118萬顆等贓證物，市值超過1億元。

辦案人員查出，陳男為竹聯幫弘仁會幹部，涉嫌招募台籍共犯，前往柬埔寨巴維市（
Bavet）成立詐騙園區並設立機房，以假投資手法詐騙國人，再將贓款轉為泰達幣層層遞
轉，使用大量非託管電子錢包隱匿資金流向。

訂閱《早安世界》電子報 每天3分鐘掌握10件天下事
請輸入電子信箱
訂閱
警方發現，陳男還運用手中持有的大量泰達幣贓款，從事美元地下匯兌、轉投資開發電子
錢包管理APP等多角化經營牟利。全案警詢後，依涉嫌刑法加重詐欺罪、組織犯罪防制條
例、洗錢防制法等罪嫌，將陳男等人移送台中地檢署偵辦，其中陳男經檢方聲押禁見獲准
。

警方表示，全案案情資源由刑事局科技中心謝姓偵查員及其已故女友、金融調查師陳梅慧
，提供虛擬貨幣幣流分析報告，據此溯源擴大追查，最終清查出被害人220名、損失金額
逾1.5億元，查扣不法所得泰達幣118萬顆等贓證物，查扣的虛擬貨幣，目前將透過刑事局
聯繫泰達公司以返還被害人。（編輯：謝雅竹）1140731


--
Mr.
Raindrop, falling away from
me now.
/
/
∕︵︵︵︵︵︵︵﹨
Mr. Raindrop, falling away form me now.
/
/
◢██◣
∥
/     /
Do you know how much you mean to me, why must you leave?
⊙
⊙
∥
I'm just a flower on a tree, why must you leave?
◢
▆
/
/
Mr.
Raindrop, falling away from
me now.
--
※ 發信站: 批踢踢實業坊(ptt.cc), 來自: 111.243.17.144 (臺灣)
※ 文章網址:
https://www.ptt.cc/bbs/Bunco/M.1754005131.A.88B.html",ptt,Fri Aug  1 07:38:48 2025
[新聞] 刑事局淨話專案全台出擊 破獲詐騙轉接線,https://www.ptt.cc/bbs/Bunco/M.1753732206.A.ABB.html,"刑事局「淨話專案」全台出擊 破獲詐騙轉接機房 斬斷話務鏈阻詐
警政時報
警政時報/警政時報 徐煜勝
3 小時前
https://n.yam.com/Article/20250728867560
面對層出不窮的假檢警詐騙話務陷阱，刑事警察局於114年7月啟動「淨話專案」，聯合全
國檢警展開同步掃蕩行動，成功查獲多起以「網路電話交換機（IPPBX）」為核心的詐騙
話務轉接機房，全面斬斷詐團電信通路。警方指出，詐團透過非法電信設備，將境外詐騙
來電偽裝成國內市話，以「未顯號碼」規避警示機制，混淆視聽、誘騙民眾，造成嚴重財
損與社會不安。

刑事局聯合全台警力共執行三波大規模查緝行動

第一波｜7月9日 北北桃新竹同步掃蕩

刑事局偵七大隊第二隊與桃園地檢署、地方警力組成專案小組，於7月9日同步於桃園、台
北、新北、新竹等地發動掃蕩，查獲詐欺機房13處、逮捕7名犯嫌，查扣IPPBX設備34台、
工作手機、電腦、話機、毒品咖啡包、愷他命及安非他命等證物。警方指出，該集團在短
短兩個月內撥打逾8萬通詐騙電話，並與境外機房成員聯手犯案，於全台多處租屋架設無
人詐欺機房，以高技術方式逃避查緝。
刑事局七大二隊所查扣話務機台。（記者徐煜勝翻攝）
刑事局七大二隊所查扣話務機台。（記者徐煜勝翻攝）

第二波｜7月9日 多縣市聯合緝捕 詐騙金額達3,750萬

刑事局偵九大隊第三隊與台北地檢署劍股、宜蘭、苗栗、台南、高雄等地警局於同日出動
150名警力，破獲14處詐欺話務系統機房及1線詐欺前端機房，逮捕26人，查扣IPPBX交換
器21台、主機、工作機27支。警方根據165資料分析指出，該波「未顯示號碼」來電案件
，在1週內就造成71件詐騙，財損高達新台幣3,750萬元。

第三波｜7月9日至21日 全台64處機房瓦解

刑事局電信偵查大隊第三隊擴大掃蕩至全台64處機房，查獲56名犯嫌，包含主嫌方男等人
，並查扣IPPBX交換機73台、筆電2台、手機14支，斷話194線市話。警方指出，該集團以
每線5,000元招募下線申裝市話，更製作安裝教學影片提供技術支援，專業化程度驚人。
初步統計，此類話務模式已占今年上半年「假冒公務員」與「猜猜我是誰」詐騙案類的
25%。
刑事局電偵三隊所查扣機房證物。（記者徐煜勝翻攝）
刑事局電偵三隊所查扣機房證物。（記者徐煜勝翻攝）

根據165反詐騙諮詢專線數據分析，自「淨話專案」啟動後，假冒公務機關類詐騙案件明
顯下降：
‧ 詐騙案件數：由170件下降至80件，減幅達53%
‧ 財損金額：由1億6,672萬元下降至3,170萬元，減幅達81%

顯示話務鏈查緝策略有效阻斷詐騙來電傳遞，成功減少民眾受害機會，落實「防詐於源、
斷詐於端」的打擊目標。

刑事警察局長周幼偉強調，未來將持續與國家通訊傳播委員會（NCC）及各大電信業者合
作，全面強化高風險話務偵測機制與即時斷話處置，並導入AI等科技偵查工具，建構全民
識詐、全民防詐的堅實防線。

警方呼籲三不原則：

陌生來電不接、未顯號碼不信、個資帳號不提供。
民眾如遇可疑來電，請即撥打 165反詐騙諮詢專線，或洽警察機關查證，警民合作共同守
護通訊安全與民眾財產！

--
Mr.
Raindrop, falling away from
me now.
/
/
∕︵︵︵︵︵︵︵﹨
Mr. Raindrop, falling away form me now.
/
/
◢██◣
∥
/     /
Do you know how much you mean to me, why must you leave?
⊙
⊙
∥
I'm just a flower on a tree, why must you leave?
◢
▆
/
/
Mr.
Raindrop, falling away from
me now.
--
※ 發信站: 批踢踢實業坊(ptt.cc), 來自: 111.243.25.83 (臺灣)
※ 文章網址:
https://www.ptt.cc/bbs/Bunco/M.1753732206.A.ABB.html",ptt,Tue Jul 29 03:49:59 2025
[新聞] 遊戲點數易成詐騙溫床　業者：強化金流備援風控,https://www.ptt.cc/bbs/Bunco/M.1753271865.A.F18.html,"遊戲點數易成詐騙溫床　業者：強化金流備援風控

2025/7/23 17:53（7/23 18:01 更新）
https://reurl.cc/pY1xRe
遊戲點數因其取得便利、儲值門檻低，更時常出現在詐騙案例中。此為示意圖。中央社記
者何秀玲攝　114年7月23日

（中央社記者何秀玲、蘇思云、江明晏台北23日電）隨著金流工具日益多元，不具名、易
取得、轉手性高的支付方式，近年頻成詐騙集團濫用工具，從電子錢包、虛擬貨幣到遊戲
點數都難倖免，其中遊戲點數因其取得便利、儲值門檻低，更時常出現在詐騙案例中。

根據警方過往公布案例，常見手法包括假扮客服誘導儲值、冒充親友要求代購點數，或發
送不實連結盜取帳號，或是透過遊戲結識受害人，彼此在遊戲外，利用社群帳號互加好友
，誘使受害人購買遊戲點數序號並交出序號，讓玩家在不知情下損失財物。

「對遊戲公司來說，支付管道不是愈多愈好，而是愈穩愈安全。」業者指出，當點數金流
被用於詐騙，不只玩家受害，也可能損及品牌信任與形象。因此部分業者選擇「自建支付
防線」，希望從源頭強化風險控管。

遊戲業搶攻支付戰場 提升便利與資安並重

智冠旗下的MyCard是台灣最大的數位內容支付平台，橫跨台港澳、中國、東南亞與南美市
場，整合超過百種支付工具，並與四大超商、電商平台合作。玩家可透過電信帳單、信用
卡、Apple Pay、LINE Pay、街口支付等多元方式儲值。目前MyCard平台合作遊戲多達
2400款，iOS與Google暢銷榜前30名中，超過7成與其合作，市占穩固。

為強化資安，智冠表示，於去年導入FIDO國際驗證標準，支援指紋與臉部辨識，截至今年
6月底已累積400萬次生物驗證。

大宇資訊則於2021年入主紅陽科技，藉由掌握50.2%股權切入支付市場，強化金流控管與
數據掌握。紅陽科技總經理黃懸德指出，因應資安與洗錢風險，目前僅承做自營遊戲商與
平台的點數儲值，未涉代儲與代理點數販售。

黃懸德透露，儲值通路中，超商占比最高達45%，其次為信用卡20%、電子支付15%、電信
付款10%，顯示消費者依賴通路便利與熟悉的支付工具。

橘子支付則為遊戲橘子集團旗下專營電子支付機構，所有儲值與代收付款業務均由信託銀
行監管，開業至今用戶達60萬人，除遊戲相關外，服務涵蓋超商、交通、繳費與6大娛樂
消費場景，強化支付滲透率。

街口事件引發支付風險疑慮 遊戲金流備援受矚目

隨著街口支付受母公司與泰山股權交易糾紛、法院查封事件波及，金管會日前表示，街口
支付近期都有回報業務狀況，營運逐漸恢復穩定。但引發各界對支付工具風險的疑慮，也
讓遊戲平台的金流備援機制受到關注。

智冠表示，若支付工具異常，MyCard會即時下架該選項，並公告替代方式；由於MyCard並
非電子支付業者，而是數位內容點數平台，無法收受用戶預先儲值的現金，所有點數卡由
銀行提供履約保證，若更換金融機構，也會由接續機構承擔。這樣的設計，被視為降低金
流風險的重要保障。

對於街口事件，黃懸德認為，街口事件因金管會已公布並非系統異常或消費者、商家資金
履約事件，因此不存在支付備援及維持點數購買不中斷的議題。

他說，如果真的發生街口電子支付遭主管機關廢止許可資格，所有遊戲平台或遊戲公司，
都有串接多種支付工具，含銀行、其他電子支付或第三方支付金流公司，也都會提醒無法
使用街口支付，請改用其它支付方式；遊戲玩家不急於儲值情況也可至實體通路購買遊戲
點數卡，遊戲玩家仍可維持儲值點數不中斷，影響甚微。

此外，橘子支付強調，作為經金管會核准的專營電子支付機構，所有資金業務皆經信託銀
行監管，有別於第三方支付公司，風控設計更為完整。

遊戲點數好買也好騙？產官聯手破局詐騙

金流備援與點數安全雖是業者關注重點，但在快速演變的詐騙手法下，消費者自身的警覺
依然是最重要的防線。業者私下評論「畢竟，一次錯誤的儲值行為，都可能讓人陷入金錢
損失與帳號風險」。

商研院國際數位商業研究所所長戴凡真指出，「不要使用來路不明的支付工具，尤其是與
博弈、遊戲點數掛鉤的平台，這些常成為洗錢或詐騙集團的工具。」選擇熟悉、有品牌、
有規模的支付業者，才能降低風險。

為有效控管遊戲點數詐騙風險，數發部表示，數位產業署2022年起推動多項具體措施，包
含點數業者端導入不定期OTP驗證機制、線上遊戲端會監控異常情形、四大超商端依營業
額規模進行限額並設置警語，線上客服端也增加客服處理人力等。

數產署指出，另外輔導重點業者像是遊戲橘子Gash推出延遲入點與線上鎖卡機制，智冠的
MyCard也有線上鎖卡機制。截至今年7月已凍結異常帳號數逾1萬7636件，攔阻總金額逾新
台幣2億780萬元。遊戲點數詐騙案件數由最高單月1600件下降至今年6月約100餘件，整體
來看已有實質成效。

此外，數產署說明，2022年8月起，透過跨部會聯防機制，定期邀集行政院洗錢防制辦公
室、台灣高等檢察署、內政部刑事警察局、5大遊戲點卡業者（包含智冠、樂點、競舞、
網銀、雷蛇）召開聯防會議，共同合作阻詐。（編輯：張良知、楊蘭軒）1140723


新聞出處:中央通訊社
https://www.cna.com.tw/news/afe/202507230265.aspx
--
※ 發信站: 批踢踢實業坊(ptt.cc), 來自: 118.166.38.160 (臺灣)
※ 文章網址:
https://www.ptt.cc/bbs/Bunco/M.1753271865.A.F18.html",ptt,Wed Jul 23 19:57:42 2025
[新聞] 詐騙新招！女大生被騙走27萬 醫師也上當,https://www.ptt.cc/bbs/Bunco/M.1753257853.A.64A.html,"詐騙新招！女大生被騙走27萬「連醫師也上當」 細節大公開
https://reurl.cc/WOrd3x
「賣貨便詐騙」頻傳，就連知名醫師也被騙過。（示意圖／翻攝自pixabay）

[周刊王CTWANT] 詐騙事件頻傳，手法日新月異，一不小心可能就會受騙。有一個手法是
，詐騙集團會假扮買家，要求賣家使用「賣貨便」交易，不僅有醫師上當，一名女子還因
此損失27萬，對此知名APP「Whoscall」就揭露詐騙手法的細節，呼籲民眾提高警覺。

一名女子在《Threads》發文，提到自己被騙走全部的大學學費，出書的全部錢都被騙走
，只見她與買家利用賣貨便交易，對方自稱是「賣貨便客服中心」，用「線上客服為系統
分配」、「請提供常用銀行名稱」等專業術語，讓人信以為真，結果27萬瞬間沒了。

事實上，新陳代謝科醫師蔡明劼也曾被這招騙過，他在臉書社團販售二手遊戲片，遇到假
買家要求用「賣貨便」交易，按照指示填寫個資並加入假「客服」與「藍新金流」LINE帳
號，直到對方詢問銀行餘額，讓他察覺事情不對勁，於是將49950元的「開通權限密碼」
改為5元，結果5元瞬間轉帳過去，差點荷包大失血。

針對這類詐騙，「Whoscall」也在Threads分享「賣貨便詐騙」典型手法，假買家會主動
聯繫想購買商品，並強烈推薦使用黑貓宅急便、7-11交貨便、新竹物流交易，接著會提供
假物流連結，誘導賣家進入偽造的交易網站，要求填寫個資，再製造交易問題，像是「交
易失敗」或「帳號異常」，引導賣家透過LINE聯繫「客服」，這時假客服會以「賣家未認
證」或「金流協定問題」為由，詢問銀行帳戶、信用卡資訊，甚至支付「驗證費」，一步
步讓賣家落入圈套。

「Whoscall」提醒，正規物流公司不會要求提供銀行帳戶或支付額外費用，若想如何防範
「賣貨便詐騙」，謹記使用正規交易平台、拒絕額外驗證要求、遇到交易問題找官方客服
、永遠透過官方網站或APP聯繫客服。遇到可疑情況，立即撥打反詐騙專線或向警方報案
。

--
Mr.
Raindrop, falling away from
me now.
/
/
∕︵︵︵︵︵︵︵﹨
Mr. Raindrop, falling away form me now.
/
/
◢██◣
∥
/     /
Do you know how much you mean to me, why must you leave?
⊙
⊙
∥
I'm just a flower on a tree, why must you leave?
◢
▆
/
/
Mr.
Raindrop, falling away from
me now.
--
※ 發信站: 批踢踢實業坊(ptt.cc), 來自: 36.227.136.70 (臺灣)
※ 文章網址:
https://www.ptt.cc/bbs/Bunco/M.1753257853.A.64A.html",ptt,Wed Jul 23 16:04:10 2025
[新聞] Meta全球首推實名制 430萬則詐騙廣告下架,https://www.ptt.cc/bbs/Bunco/M.1753194844.A.76B.html,"Meta全球首推實名制在台上路，430萬則詐騙廣告下架
https://www.wealth.com.tw/articles/165c972a-e8c6-4e61-b21e-977639644121
近年來，Meta 旗下社群平台 Facebook 上一頁式詐騙廣告氾濫，特別是冒用名人肖像作
為誘餌的詐騙廣告層出不窮，連《財訊》社長謝金河也曾是受害者之一。然而，近一年來
這類廣告的出現已明顯減少，原來是因為 Meta 針對台灣地區率先啟動了「廣告主實名制
」機制，成為全球首個實施此制度的地區。

Meta 今（22）日舉辦「全民打詐行動論壇」，首度公開在台打詐的初步成果。根據統計
，自 2024 年 1 月至 2025 年 4 月底，Meta 在台灣共移除多達 430 萬則詐騙廣告；在
全球範圍，則掃蕩了700萬個與詐騙園區相關的帳號，這些帳號多來自緬甸、寮國、柬埔
寨、菲律賓、阿拉伯聯合大公國等地的詐騙集團。

數位發展部次長林宜敬出席論壇時坦言：「打詐是好人與壞人之間的攻防，我們非常努力
，卻常常疲於奔命。」他表示，雖然不斷補漏洞，但仍防不勝防，因此政府決定主動邀
請 Meta 加入「好人陣營」，攜手合作、共同應對詐騙挑戰。林宜敬也透露，這一年來他
不僅與 Meta 台灣團隊密切協調，甚至多次親赴新加坡、美國，與 Meta 研發團隊面對面
討論對策，最終達成以「法律與科技雙管齊下」的合作共識。

在 Meta 投入資源並全力防堵後，逐漸展現成效。啟動「廣告主驗證機制」後，不僅大幅
降低詐騙廣告的數量，的確有效打擊了假冒帳號與廣告主。

Meta 亞太區公共政策副總裁 Simon Milner 坦言，過去兩年，詐騙問題已超越其他議題
，成為各國政府關注的焦點。他指出：「詐騙已經全球化，不僅技術不斷進化，更透過跨
國資源運作。這場對抗，不可能只靠單一平台或單一政府，必須動員全社會的力量共同應
對。」

從Meta統計的資料就不難發現，台灣詐騙情況的嚴重程度。刑事警察局預防科科長林書立
也是這次論壇與談人，他表示，詐騙的問題非常複雜，現在台灣面臨最多的情況是「社交
工程詐騙」。所謂的「社交工程詐騙」是一種常見且愈加精緻的詐騙手法，它靠操縱人性
來取得個資、金錢或控制權。「你的心先被騙走了，才會甘心把錢給別人。」林書立直言
。

內政部政務次長馬士元表示，台灣去年遭到詐騙的金額高達1千億元，我們現在的戰略是
，要斬斷詐騙集團的金流、資訊流，進一步提高詐騙集團的成本、壓低它們獲利，如此一
來，詐騙產業才會萎縮。如今，台灣政府機構當中超過二十個單位(包括部會)一起聯手打
擊詐騙。以詐騙簡訊來說，NCC與各大電信業者即共同投入，大舉減少詐騙簡訊的發生，
民眾應該多少都有感受到。

▲內政部次長馬士元分享政府與 Meta 持續合作打擊詐騙。

▲數位發展部次長林宜敬分享數發部與 Meta 公私協力共築詐騙防線。

--
Mr.
Raindrop, falling away from
me now.
/
/
∕︵︵︵︵︵︵︵﹨
Mr. Raindrop, falling away form me now.
/
/
◢██◣
∥
/     /
Do you know how much you mean to me, why must you leave?
⊙
⊙
∥
I'm just a flower on a tree, why must you leave?
◢
▆
/
/
Mr.
Raindrop, falling away from
me now.
--
※ 發信站: 批踢踢實業坊(ptt.cc), 來自: 36.227.136.70 (臺灣)
※ 文章網址:
https://www.ptt.cc/bbs/Bunco/M.1753194844.A.76B.html",ptt,Tue Jul 22 22:34:01 2025
[新聞] 去年被騙1470億！美國人淪中國詐騙集團目標,https://www.ptt.cc/bbs/Bunco/M.1753027020.A.CAB.html,"去年被騙1470億！美國人淪中國詐騙集團目標
https://img.ltn.com.tw/Upload/news/600/2025/07/20/5114605_1_1.jpg
今年2月，緬甸警方破壞一處詐騙中心，逮捕並拘留被迫在裡頭工作的中國民眾。（美聯
社）

2025/07/20 18:29

〔編譯孫宇青／綜合報導〕美國國會「美中經濟與安全審查委員會」（USCC）18日發布報
告指出，自武漢肺炎（新型冠狀病毒病，COVID-19）以來，美國民眾已淪為中國詐騙集團
的首要目標，光是去年被騙取的金錢可能就遠遠超過50億美元（約1470億台幣），比前一
年增長40％以上，但美國對這類威脅的反應「支離破碎、資源不足」，可能會導致更多美
國人受害，甚至隨著新科技發展而變本加厲。

《華盛頓郵報》指出，報告稱這些詐騙手段通常與參與販毒和洗錢活動的跨國集團有關，
他們透過簡訊、社群媒體、約會應用程式和求職網站鎖定美國人。USCC成員庫肯（Mike
Kuiken）指出，類似的詐騙事件由深具產業規模、使用最先進技術的集團發起，「我甚至
認為美國執法部門還沒找到應對之道」。

與此同時，北京當局藉由對詐騙集團採取打擊行動，擴大其在東南亞的執法範圍，進一步
增強對當地政府的影響力，以利進行情報行動。USCC擔憂道，北京當局近期對寮國和緬甸
等國的中國詐騙集團進行大規模突擊搜查，取得電腦和手機等，這些設備都可能使北京能
夠取得美國目標群眾的數據。

報告還點出中國詐騙集團與「一帶一路」倡議建立互利關係的案例，許多中國犯罪首腦即
假借該名義到處橫行，例如柬埔寨、寮國、緬甸、泰國、越南等地的「經濟特區」，因缺
乏合宜監管，淪為詐騙溫床。黑社會組織三合會老大尹國駒（Wan Kuok Koi）為首的犯罪
網路正在不斷擴張，上月才被《華郵》揭露與中共有聯繫，目前因從事詐騙勾當遭到東南
亞當局調查。

今年3月被川普政府解散的國會智庫「美國和平研究所」（USIP）即曾指出，中國犯罪集
團正在擴大全球影響力，並利用國際洗錢網絡來實施大規模詐騙和人口販賣，詐騙中心的
人員也大多來自該網絡，尤其是泰國、緬甸、寮國交界的「金三角」地區極為猖獗。當地
政府面臨北京愈來愈大的壓力，要求中國警方進入調查，但北京與東南亞各國政府密切合
作，打擊該地區的跨國犯罪活動，無疑為中國逐步施加更大政治影響力提供藉口。如果美
國不幫助東南亞各國建立打擊詐騙的能力，這些國家可能會更依賴中國，從而讓北京的地
位更穩固。

儘管詐騙威脅巨大，但美國國務院近期改組後，負責協調應對東南亞反詐騙行動的人員也
遭到裁撤，這促使USCC呼籲國務院三思。庫肯更指出，在華府未來與北京的接觸中，詐騙
事務應該佔據與打擊類鴉片止痛劑「芬太尼」同等重要的位置，「這涉及執法，也涉及外
交，是一個複雜的挑戰」。


新聞出處:自由時報電子報
https://news.ltn.com.tw/news/world/breakingnews/5114605
--
※ 發信站: 批踢踢實業坊(ptt.cc), 來自: 118.166.39.35 (臺灣)
※ 文章網址:
https://www.ptt.cc/bbs/Bunco/M.1753027020.A.CAB.html",ptt,Sun Jul 20 23:56:56 2025
[新聞] 最新LINE詐騙手法曝光！ 錯過1事救不回,https://www.ptt.cc/bbs/Bunco/M.1752923486.A.96F.html,"最新LINE詐騙手法曝光！ 錯過「1行為」帳號被盜救不回
https://reurl.cc/yAe0QO
近年來詐騙手法層出不窮，就有不少民眾在幫忙朋友參加網路投票活動後，收到對方傳
LINE警告帳號被盜，甚至有人冒充警方來電，稱不要點選「再次登入」。對此，LINE官方
說明，這些說法其實是詐騙集團常用的話術，「再次登入」是LINE官方提供的安全功能，
提醒民眾千萬不要誤信詐團指示。

LINE官方表示，近來詐騙手法翻新，詐團可能會透過盜用帳號發送投票連結，再假冒帳號
主人，以「我帳號被盜，不要再點投票連結」、「警察說你也可能中毒，要趕快刪掉
LINE App」等話術，試圖讓用戶刪除LINE App，甚至要求不要點選「再次登入」功能。

LINE官方指出，「再次登入」其實是LINE官方提供的安全功能，若帳號遭盜用被登出時，
在有綁定電話號碼、Apple ID、Google ID的情況下，點選「再次登入」可以快速登入原
帳號，同時強制把帳號從不肖人士的手機裝置登出。

「再次登入」功能可以快速登入原帳號，並強制把帳號從其他手機裝置登出。（圖／LINE
官方提供）

LINE也提醒，用戶若照不肖人士指示刪除LINE App，反而將無法使用「再次登入」功能，
還會失去儲存在手機內的聊天記錄，無法復原。此外，詐騙話術中常見的「系統忙碌，晚
點再試登入」，也是一種拖延手法，對方可能正在進行帳號轉移，若未及時登入搶回帳號
，就有可能讓詐團繼續假冒身分向親友行騙。

LINE強調，若有任何人要求提供LINE資料、電話號碼、密碼、簡訊認證碼等，幾乎可以確
定是詐騙。民眾應保持警覺，勿被誤導，遇到可疑情形可透過 LINE客服進行查證，保障
個人資訊安全。

--
Mr.
Raindrop, falling away from
me now.
/
/
∕︵︵︵︵︵︵︵﹨
Mr. Raindrop, falling away form me now.
/
/
◢██◣
∥
/     /
Do you know how much you mean to me, why must you leave?
⊙
⊙
∥
I'm just a flower on a tree, why must you leave?
◢
▆
/
/
Mr.
Raindrop, falling away from
me now.
--
※ 發信站: 批踢踢實業坊(ptt.cc), 來自: 36.227.134.167 (臺灣)
※ 文章網址:
https://www.ptt.cc/bbs/Bunco/M.1752923486.A.96F.html",ptt,Sat Jul 19 19:11:23 2025
[新聞] 找小孩暑期活動注意 彰化女遇投資詐騙損,https://www.ptt.cc/bbs/Bunco/M.1752901687.A.9D9.html,"找小孩暑期活動注意 彰化女遇投資詐騙損百萬
https://reurl.cc/rY1nvy
詐騙集團看準媽媽幫小孩找暑期活動，以「星巴克體驗營」誘騙賴姓女子加入群組，再以
幫小孩投資教育基金誘騙交付百萬元，和美警方攔阻賴女再給50萬元，並緝獲取款車手。

彰化縣警察局和美分局今天發布新聞稿表示，接獲40歲賴姓民眾報案，稱遭詐騙集團以投
資小孩教育基金為由，誘騙投資虛擬貨幣交付新台幣100萬元，之後詐騙集團再次聯繫加
碼，雙方約在和美土地公廟面交50萬元，警方埋伏逮捕28歲林姓車手，查扣50萬元等證物
。

和美警分局表示，詐騙集團利用臉書（Facebook）刊登「星巴克體驗營」活動，誘騙賴姓
民眾加入「小太陽愛心園」LINE群組，並以投資小孩教育基金為由，誘騙賴姓民眾下載手
機應用程式操作買賣虛擬貨幣，詐騙集團以「放長線釣大魚」手法，導致誤信「穩賺不賠
」。

警方表示，詐騙集團起初先微量「出金」讓賴姓女子誤信投資真有獲利，成功面交取得
100萬元後，再聯繫面交加碼投資50萬元，後來賴女察覺一直拿不回百萬元本金有異而報
案。

警方順利緝獲取款車手，全案詢後依涉犯刑法詐欺、洗錢防制法等罪嫌，移送彰化地方檢
察署偵辦，並提醒民眾，網路投資廣告陷阱多。

--
Mr.
Raindrop, falling away from
me now.
/
/
∕︵︵︵︵︵︵︵﹨
Mr. Raindrop, falling away form me now.
/
/
◢██◣
∥
/     /
Do you know how much you mean to me, why must you leave?
⊙
⊙
∥
I'm just a flower on a tree, why must you leave?
◢
▆
/
/
Mr.
Raindrop, falling away from
me now.
--
※ 發信站: 批踢踢實業坊(ptt.cc), 來自: 1.161.154.133 (臺灣)
※ 文章網址:
https://www.ptt.cc/bbs/Bunco/M.1752901687.A.9D9.html",ptt,Sat Jul 19 13:08:04 2025
[新聞] 郵局防詐新利器！可即時確認詐騙帳號,https://www.ptt.cc/bbs/Bunco/M.1752873597.A.CE5.html,"郵局防詐新利器！可即時確認詐騙帳號
https://news.ltn.com.tw/news/life/breakingnews/5112732
〔記者吳亮儀／台北報導〕詐騙案件層出不窮，仍有民眾誤信詐騙集團指示，至郵局臨櫃
匯款或提領現金。中華郵政表示，為加強防詐，現行除由櫃檯人員進行勸導外，新增一項
「金融阻詐聯防平台」即時照會查詢之防詐利器，只要輸入匯出銀行帳號，即可協助判斷
民眾欲匯出之帳戶是否可疑，協助第一線櫃員及早識別異常並通知警方到場協助。

中華郵政指出，截至今年6月底，全國各郵局成功攔阻詐騙案件1374件，保全民眾財產逾5
億9305萬元。儲匯處副處長謝妙雪表示，目前已有20多家金融機構加入由財金公司建置的
「金融阻詐聯防平台」，跨行匯款資訊也能即時查詢。

謝妙雪說明，當櫃員發現民眾臨櫃匯款行為可疑時，會先行關懷詢問並進行勸導，再透過
阻詐平台輸入匯出帳號照會對方銀行查詢帳戶是否有異常，系統會顯示包括收款人姓名、
開戶日期、職業及帳戶狀態等資訊，供櫃員研判是否為可疑交易。

她進一步指出，如經評估疑似為詐騙情況，櫃員也可以通報警方到場，進一步協助勸阻民
眾停止匯款，「這套系統成為櫃員除了勸導、報警之外，另一項有力的防詐工具，提升識
詐與即時應對能力」。

郵政公司實務上，凡民眾臨櫃提領新台幣50萬元以上、或匯款超過3萬元，櫃員即會進行
關懷提問，若對象為年長者，更會加強關心與反覆詢問。如發現異常，將即時啟動防詐機
制，包括照會帳戶情況或通報警方協助勸阻，盡力保護民眾不要被詐騙。

--
Mr.
Raindrop, falling away from
me now.
/
/
∕︵︵︵︵︵︵︵﹨
Mr. Raindrop, falling away form me now.
/
/
◢██◣
∥
/     /
Do you know how much you mean to me, why must you leave?
⊙
⊙
∥
I'm just a flower on a tree, why must you leave?
◢
▆
/
/
Mr.
Raindrop, falling away from
me now.
--
※ 發信站: 批踢踢實業坊(ptt.cc), 來自: 36.227.134.167 (臺灣)
※ 文章網址:
https://www.ptt.cc/bbs/Bunco/M.1752873597.A.CE5.html",ptt,Sat Jul 19 05:19:50 2025
[新聞] 太可惡！台南災民修屋頂爆詐騙 被騙19萬,https://www.ptt.cc/bbs/Bunco/M.1752873519.A.3F5.html,"太可惡！台南災民修屋頂爆詐騙 被騙19萬
https://news.ltn.com.tw/news/life/breakingnews/5113047
〔記者楊金城／台南報導〕丹娜絲颱風重創台南，屋頂全掀、半掀受損的將近8000戶，不
同程度屋損的也很多，其中不少人是老屋老人，多數災民只能先鋪蓋帆巾遮雨，現在也無
修屋人力。台南學甲區今天（18日）傳出有位陳姓民眾為了修繕屋頂，竟被騙走19萬元，
騙徒趁機發災難財，相當可惡，佳里區也傳出有民眾差點上當的案例，災民要小心。

議員謝舒凡揭露學甲修屋詐騙案，陳男受災再受詐騙，氣憤不已；學甲警分局表示，已展
開偵辦此案。

陳姓被害人是15日在臉書社團「鐵皮屋搭建」上發文，徵求鐵皮公司協助修繕屋頂並留下
聯繫方式，犯嫌隨後聯繫陳男，並約在陳男家中簽訂工程承攬合約書，被害人先支付7萬
元給犯嫌，因現金不足訂金的11萬元，犯嫌開車載被害人再到學甲郵局領取4萬現金補足
訂金共11萬元。

被害人之後因有其他修繕工程，16日下午又在住家交付訂金8萬元給嫌犯，將給付金額寫
在先前的工程合約書中，陳男分3次總共給付19萬元給犯嫌。

16日當天，其實也是犯嫌與被害人約定要搭建鐵皮屋頂，但他誆稱因臨時有事，無法調到
大型機具前來，改稱今天（18日）就會調來大型機具到場幫陳男搭建鐵皮屋頂，但對方和
機具今天都未出現，且聯繫不上，陳男到警局提出詐欺告訴。

學甲警方目前已調閱相關影像，追查犯嫌下落，釐清案情。
☆自由時報電子報提醒您，防詐騙專線︰165，報案專線︰110☆

--
Mr.
Raindrop, falling away from
me now.
/
/
∕︵︵︵︵︵︵︵﹨
Mr. Raindrop, falling away form me now.
/
/
◢██◣
∥
/     /
Do you know how much you mean to me, why must you leave?
⊙
⊙
∥
I'm just a flower on a tree, why must you leave?
◢
▆
/
/
Mr.
Raindrop, falling away from
me now.
--
※ 發信站: 批踢踢實業坊(ptt.cc), 來自: 36.227.134.167 (臺灣)
※ 文章網址:
https://www.ptt.cc/bbs/Bunco/M.1752873519.A.3F5.html",ptt,Sat Jul 19 05:18:36 2025
[資訊] 疑似詐騙包裹勿領 脆上小七店員整理名單,https://www.ptt.cc/bbs/Bunco/M.1752848226.A.CF5.html,"上面是小七店員整理出疑似為詐騙包裹的可疑名單，

店員甚至勸人不要領，轉貼如下
https://reurl.cc/qY1pAg
完整對話影片如下
https://reurl.cc/Qa62AZ
--
Mr.
Raindrop, falling away from
me now.
/
/
∕︵︵︵︵︵︵︵﹨
Mr. Raindrop, falling away form me now.
/
/
◢██◣
∥
/     /
Do you know how much you mean to me, why must you leave?
⊙
⊙
∥
I'm just a flower on a tree, why must you leave?
◢
▆
/
/
Mr.
Raindrop, falling away from
me now.
--
※ 發信站: 批踢踢實業坊(ptt.cc), 來自: 36.227.134.167 (臺灣)
※ 文章網址:
https://www.ptt.cc/bbs/Bunco/M.1752848226.A.CF5.html",ptt,Fri Jul 18 22:17:02 2025
[新聞] 6000人上當！烏拉圭「牛債券」騙局 70萬頭幽靈牛詐騙百億元,https://www.ptt.cc/bbs/Bunco/M.1752846405.A.527.html,"6000人上當！烏拉圭「牛債券」騙局 70萬頭幽靈牛詐騙百億元
https://img.ltn.com.tw/Upload/news/600/2025/07/18/5112797_1_1.jpg
烏拉圭「牛債券」詐騙案受害者17日在法院外抗議。（路透）

2025/07/18 18:35

〔編譯管淑平／綜合報導〕在牛隻比人口還多的南美洲烏拉圭，連牛都被拿來當詐騙工具
。當地牲畜投資公司，以享有牛隻擁有權的「牛債券」，誆騙投資人，詐騙金額估計高達
3億5000萬美元（約102億台幣）。

《路透》、《法新社》17日報導，烏拉圭首都蒙特維多法院，17日對畜牧投資公司「連結
牧業」（Conexion Ganadera，暫譯）投資詐欺案，展開刑事調查。「連結牧業」名列前
三大牛隻畜牧投資公司之一，專注牲口資產組合，也就是牲口資本化，該公司推出投資牛
隻畜牧相關活動，如飼養、育種等，獲取投資回報，先後賣給大約6000名散戶和投資團，
但是這項投資方案於今年初被發現，疑似是龐氏騙局，資金遭挪用。

前述前三大畜牧投資公司中另外兩家，也推出類似產品，估計這三家公司至今，造成投資
人的損失達到約3億5000萬美元，是烏拉圭史上金額最大的金融醜聞之一，其中「連結牧
業」占了2億5000萬美元（約73億台幣）。這三家公司現都已倒閉。

16日審理當天，法院外聚集多名受害者，要求還他們公道。47歲的艾斯波西托（Doriana
Esposito）泣訴，「許多家庭被害得傾家蕩產」。

負責本案的財經犯罪檢察官羅德里格斯（Enrique Rodriguez）16日在庭上表示：「若投
資人都拿回款項，我們今天就不會在這裡」。

法官認定，被控詐欺與洗錢的該公司共同創辦人卡拉斯科（Pablo Carrasco）有潛逃風險
，下令收押候審，審判日期尚未排定。其妻伊烏迪奧科夫（Ana Iewdiukow）和已故合夥
人遺孀卡布拉爾（Daniela Cabral）同遭控告，被裁定居家軟禁。法官16日還下令凍結合
計約1600萬美元的不動產、動產等。

這3人皆否認指控。不過，另一名共同創辦人巴索（Gustavo Basso），於2024年11月公司
倒閉前夕，自駕撞車身亡，更為此案增添疑雲。

檢方指出，證據顯示，連結畜牧公司20多年來靠這種方式募集資金，未必真用於投資畜牧
相關活動，而是在無任何監管的多家公司網絡之間挪用。目前所知，投資合約向投資人宣
稱其擁有的牛隻，約有70萬頭「下落不明」，形成龐大的「幽靈牛群」，實際數量還有待
後續調查釐清。
https://img.ltn.com.tw/Upload/news/600/2025/07/18/5112797_2_1.jpg
「連結牧業」共同創辦人卡拉斯科（右）和妻子伊烏迪奧科夫（左）17日出庭。（路透）


新聞出處:自由時報電子報
https://reurl.cc/qY1pGR
--
※ 發信站: 批踢踢實業坊(ptt.cc), 來自: 118.166.14.244 (臺灣)
※ 文章網址:
https://www.ptt.cc/bbs/Bunco/M.1752846405.A.527.html",ptt,Fri Jul 18 21:46:42 2025
[新聞] 最大宗詐騙案 蘇有朋、李登輝愛女都栽了,https://www.ptt.cc/bbs/Bunco/M.1752716849.A.568.html,"暗黑基金大屠殺2／他完美切割「最大宗詐騙案」 蘇有朋、李登輝愛女都栽了
https://reurl.cc/0Wjbml
[FTNN新聞網]社會中心／調查報導

「2年多前，掌握千億資金的澳豐金融集團，爆出基金詐騙案，總共1.3萬人受害，吸金
130億元，甚至騙倒一堆政商名流、上市櫃公司，許董曾經擔任澳豐金融集團副總，雖然
當時沒有被捲入吃上官司，但這次利用設立基金投資柬埔寨土地的吸金手法，簡直如出一
轍！」投訴人L先生爆料，許姓建設公司董座（許董）涉嫌私設「滙盛基金」，以投資柬
埔寨土地的名義非法吸金上億元，目前已有多名投資人報案；此外，1名貿易商還向FTNN
控訴，許董涉嫌以「投資變借貸」的手法，害他的公司帳戶被凍結，甚至導致他的雙親被
民代恐嚇！
掌握千億資金的澳豐金融集團，2年多前爆出基金詐騙案，總共1.3萬人受害，吸金130億
元，外傳藝人蘇有朋（左圖）也受害。<br>（圖／蘇有朋微博、台灣反詐騙聯盟協會臉書
）
掌握千億資金的澳豐金融集團，2年多前爆出基金詐騙案，總共1.3萬人受害，吸金130億
元，外傳藝人蘇有朋（左圖）也受害。
（圖／蘇有朋微博、台灣反詐騙聯盟協會臉書）

「澳豐金融集團基金吸金案」編織了一場延續10餘年的龐氏騙局，被封為史上最大詐騙事
件，該集團旗下基金雖然未獲主管機關核准，卻大喇喇在台銷售，以每年報酬率可達8%至
15%的噱頭，成功吸引廣大民眾爭相投入，2023年5月因付不出紅利宣告倒閉後，檢調深入
偵辦，共計1.3多萬人受害，吸金逾130億元，包括前總統李登輝愛女李安妮、萬海航運陳
家、藝人蘇有朋和洪曉蕾，以及10多家上市上櫃公司，通通都被騙，其中，李安妮被爆投
資3年獲利3成，贖回後又找親友加碼再投，眾人遭詐5.5億元。案發後，澳豐金融集團負
責人董身達大聲喊冤，強調自己只是掛名人頭，幕後是旭暉金融集團（EASTHILL）所主導
。

登記於地中海島國賽普勒斯的澳豐金融集團（Ayers Alliance Financial Group），旗下
非法基金以匯率套利型商品與公司債券為主，透過兆富公司等通路對外推銷，台北地檢署
偵辦後，依《組織犯罪防制條例》、《證券投資信託及顧問法》、《銀行法》等罪起訴
152人，目前相關案件還在纏訟中。「他（許董）曾經在澳豐金融集團擔任副總，他設立
的『滙盛基金』和澳豐金融集團基金一樣，都給出『每年至少8%』的紅利，根本就是『複
製貼上』的吸金模式！」投訴人L先生表示。
「澳豐金融集團基金吸金案」爆發後，集團負責人董身達（右一）大聲喊冤，強調自己只
是掛名人頭，<br>幕後是旭暉金融集團（EASTHILL）所主導。（圖／翻攝網路）
「澳豐金融集團基金吸金案」爆發後，集團負責人董身達（右一）大聲喊冤，強調自己只
是掛名人頭，
幕後是旭暉金融集團（EASTHILL）所主導。（圖／翻攝網路）

此外，1名貿易商還向FTNN指控，許董涉嫌以「投資變借貸」的手法，害他的公司帳戶被
凍結，「他（許董）當時說要投資我的公司1千萬美元（約新台幣3億元），雙方簽約後，
我也依照公司業績分紅給他，後來他又說相當看好我的公司，要再加碼投資2千萬美元（
約新台幣6億元），不久後突然告訴我現金無法到位，還要解除合約，要求我返還1千萬美
元，甚至硬拗雙方是『借貸關係』並非投資上的『合作關係』。」
前立委賴香伶（下圖右二）針對「澳豐金融集團基金吸金案」，曾召開記者會替被害人（
下圖左二）討公道，<br>同時痛批政府消極失能。（圖／台灣反詐騙聯盟協會臉書、賴香
伶臉書）
前立委賴香伶（下圖右二）針對「澳豐金融集團基金吸金案」，曾召開記者會替被害人（
下圖左二）討公道，
同時痛批政府消極失能。（圖／台灣反詐騙聯盟協會臉書、賴香伶臉書）

「更過分的是，他（許董）竟然要計算這幾年的利息，一口咬定年息16%，最後談不攏只
好對簿公堂，我的許多公司帳戶因此被凍結；之前花蓮市代表會李姓主席（已故）為了這
件事找上我爸媽，帶點恐嚇意味地要求兩個老人家簽署『借貸契約書』，現在官司還沒打
完呢！」該貿易商進一步透露。

面對L先生和貿易商的指控，許董表示，相關司法判決已經證實他和「澳豐金融集團基金
吸金案」無關，至於他和貿易商的糾紛，目前正在訴訟當中，對方透過媒體的種種指控，
很多都不是事實，不過，由於尚在法院審理階段，相關細節不便詳細說明和出示證據；貿
易商的指控和柬埔寨土地投資案一樣，等到判決結果出爐自然能夠釐清真相。

◎《FTNN新聞網》提醒您：遇不明可疑電話，立即撥打「165」反詐騙諮詢專線，由專人
為您說明並研判是否為詐騙事件。

◎《FTNN新聞網》提醒您：未經判決確定者，應推定為無罪。

--
Mr.
Raindrop, falling away from
me now.
/
/
∕︵︵︵︵︵︵︵﹨
Mr. Raindrop, falling away form me now.
/
/
◢██◣
∥
/     /
Do you know how much you mean to me, why must you leave?
⊙
⊙
∥
I'm just a flower on a tree, why must you leave?
◢
▆
/
/
Mr.
Raindrop, falling away from
me now.
--
※ 發信站: 批踢踢實業坊(ptt.cc), 來自: 36.227.134.231 (臺灣)
※ 文章網址:
https://www.ptt.cc/bbs/Bunco/M.1752716849.A.568.html",ptt,Thu Jul 17 09:47:26 2025
[新聞] 堅信中籤新股非詐騙！台中醫捧2200萬現金,https://www.ptt.cc/bbs/Bunco/M.1752716535.A.A76.html,"堅信中籤新股非詐騙！台中醫捧2200萬家中面交
https://www.ettoday.net/news/20250716/2997181.htm
記者鄧木卿／台中報導

台中市1名65歲黃姓醫師誤信臉書的股票投資群組，被誘騙匯出3百萬儲值金，後來又準備
繳交2千2百萬元中籤認購款，黃男自信滿滿，堅稱不是遇到詐騙，不聽家人和警方規勸，
不但堅持在家面交，更不願拿假鈔充數，行李箱裝滿綠油油現金，直到現身收款的「專員
」坦承是車手，他最後一道的信心防線瞬間瓦解。

黃男在Facebook上加入「學無止盡」股票投資群組後，每天醉心研究，看見群友頻頻分享
股市分析和獲利心得，不知不覺深陷其中，群組專員宣稱能幫忙牽線大戶，每天操作短線
當沖快速賺錢，他信以為真，儲值300萬作為保證金，幾天後，接到專員來電通知「中籤
74張新募股」，必須於限期內繳納2千2百萬元認購款，否則會違約交割、信用破產。

▲▼台中一名醫師堅信中籤新股，絕非詐騙，備妥2200萬元後信心大崩潰。（圖／民眾提
供，下同）

黃男以為要發財了，開心的將此事透露給家人知道，但家人聞訊感覺不對勁，向台中市警
察局春社派出所報警，他始終不相信遭到詐騙，還備妥2千2百萬現鈔，堅持在家面交。

黃男對於埋伏在屋內的員警不以為然，直到前來取款的42歲簡姓女車手現身，員警從簡女
身上查扣手機、假收據等證物，黃男信心大崩潰，只能懊悔接受已被騙300萬的事實。全
案將簡女依詐欺及洗錢防制法等罪嫌移送台中地檢署偵辦。

--
Mr.
Raindrop, falling away from
me now.
/
/
∕︵︵︵︵︵︵︵﹨
Mr. Raindrop, falling away form me now.
/
/
◢██◣
∥
/     /
Do you know how much you mean to me, why must you leave?
⊙
⊙
∥
I'm just a flower on a tree, why must you leave?
◢
▆
/
/
Mr.
Raindrop, falling away from
me now.
--
※ 發信站: 批踢踢實業坊(ptt.cc), 來自: 36.227.134.231 (臺灣)
※ 文章網址:
https://www.ptt.cc/bbs/Bunco/M.1752716535.A.A76.html",ptt,Thu Jul 17 09:42:11 2025
[新聞] 柬埔寨打擊網路詐騙　逮捕逾200名越南公民,https://www.ptt.cc/bbs/Bunco/M.1752681047.A.295.html,"柬埔寨打擊網路詐騙　逮捕逾200名越南公民

2025/7/16 21:54

（中央社金邊16日綜合外電報導）柬埔寨警方今天表示，當局突襲網路詐騙中心，逮捕超
過200名越南籍人士。總理洪馬內（Hun Manet）下令掃蕩「網路犯罪血汗工廠」。

法新社報導，聯合國形容東南亞是詐騙中心的「原爆點」，詐團慣於利用感情詐騙或商業
詐騙手法，每年在社群平台詐騙金額預估約400億美元（約新台幣1兆1782億元）。

洪馬內昨天發布一項指令，要求執法部門與軍方「防止並打擊網路詐騙」，並警告若未採
取行動，恐遭撤職。

首都金邊的警方表示，14日與15日他們突襲兩棟詐騙集團藏身的大樓，逮捕了149名越南
人、3名中國人與85名柬埔寨人。

國際特赦組織（Amnesty International）上月公布的報告指出，柬埔寨詐騙中心內「大
規模」虐待行為正在發生。

該報告說明，柬埔寨境內由犯罪組織經營至少53處詐騙園區，涉及人口販賣、強迫勞動、
童工、酷刑、非法拘禁與奴役等行為。

聯合國毒品暨犯罪辦公室（The UN Office on Drugs and Crime）4月警告，詐騙產業已
從東南亞熱點擴散至全球各地，犯罪集團正在擴張其國際網絡，包括南美、非洲、中東、
歐洲；以及一些太平洋島嶼。（實習編譯：羅韋捷/核稿：劉淑琴）1140716


新聞出處:中央通訊社
https://www.cna.com.tw/news/aopl/202507160376.aspx
--
※ 發信站: 批踢踢實業坊(ptt.cc), 來自: 118.166.14.244 (臺灣)
※ 文章網址:
https://www.ptt.cc/bbs/Bunco/M.1752681047.A.295.html",ptt,Wed Jul 16 23:50:43 2025
[新聞] 匡賣頂級法拉利詐騙手法曝2／超跑主嫌政,https://www.ptt.cc/bbs/Bunco/M.1752473218.A.3B7.html,"匡賣頂級法拉利詐騙手法曝2／超跑主嫌政商關係好　與中市府慰勉球團、投資青創
https://www.mnews.tw/story/20250714sot12004nm
台中地檢偵辦法拉利詐騙案，意外揪出主嫌陳肯特竟是中部賭王，他名下的鉑鈞公司其實
是線上博弈網「貴公子娛樂城」及「東京娛樂城」的大本營，前年5月遭檢調搜索查扣證
物，清查一年賭資超過4千萬，而陳肯特過去還以企業負責人身分，跟台中市長盧秀燕一
起慰勉職籃球團，也投入市府舉辦的青年創投，顯見政商關係不錯。

超跑詐騙案主嫌陳肯特過去曾以企業負責人身分與台中市府團隊一起慰勉T1職籃球團，除
此之外，台中市府2022年舉辦的產業鏈結媒合會邀請25家在地產業協會跟創投業者支持，
其中一間鉑鈞公司就是陳肯特名下企業，顯見政商關係相當不錯。

他的公司位在台中七期豪華商辦區，隨著超跑詐騙案曝光，檢調意外查出陳肯特是中部有
名賭王，名下的鉑鈞公司就是線上博弈網貴公子娛樂城及東京娛樂城的大本營，以第三方
支付或虛擬幣和賭客對賭洗錢，經營項目五花八門，有老虎機、捕魚機，真人百家樂等等
，前年五月專案小組搜索鉑鈞公司，當場發現電腦正在進行博弈對賭，查扣十台電腦主機
、帳冊、存摺等證據，一年賭資超過四千萬元。

台中地檢襄閱林宏昌：「偵辦期間已經扣押被告知豪宅豪車，並凍結帳戶資金等不法所得
，並向法院聲請宣告沒收」。陳肯特不只匡賣法拉利，還暗中經營電子賭博業，一併依賭
博罪及組織罪起訴，是否還另有共犯有待專案小組持續追查。

鏡新聞已上架86台，若無法收看，請洽詢當地系統台。

--
Mr.
Raindrop, falling away from
me now.
/
/
∕︵︵︵︵︵︵︵﹨
Mr. Raindrop, falling away form me now.
/
/
◢██◣
∥
/     /
Do you know how much you mean to me, why must you leave?
⊙
⊙
∥
I'm just a flower on a tree, why must you leave?
◢
▆
/
/
Mr.
Raindrop, falling away from
me now.
--
※ 發信站: 批踢踢實業坊(ptt.cc), 來自: 111.243.24.95 (臺灣)
※ 文章網址:
https://www.ptt.cc/bbs/Bunco/M.1752473218.A.3B7.html",ptt,Mon Jul 14 14:06:55 2025
[新聞] 屏東里港連傳3宗百萬詐騙案　警廣急澄清,https://www.ptt.cc/bbs/Bunco/M.1752360766.A.B90.html,"屏東里港連傳3宗百萬詐騙案　分局長上警廣剖析假投資陷阱
https://www.ettoday.net/news/20250712/2995174.htm
根據里港警分局統計，114年6月轄區內共發生3起金額超過新臺幣百萬元的詐欺案件，其
中有2起為「假投資詐財」類型，顯示此手法猖獗且具高度迷惑性。

其中一起為被害人於臉書認識歹徒並提供LINE，雙方互加為好友後，歹徒誆稱自己為知名
投資老師，並表示某投資網站每天有VIP會員專屬5%的優惠卷，還可以紅利返還，慫恿被
害人至假投資網站投資，被害人遂依指示至該網站申請帳號，又繼續依照歹徒指示辦理虛
擬貨幣交易所的帳號，並與幣商購買泰達幣，隨後將其購入的泰達幣轉入虛擬貨幣交易所
的的電子錢包，因歹徒自稱投資經驗豐富，保證「穩賺不賠」，導致被害人誤入陷阱，完
全相信歹徒，一連串的操作後，被害人要用投資網站出金時發現電子錢包遭凍結，並詢問
客服人員，他表示需提供營業登記副本或繳交保證金3萬元，才可以解凍，這時被害人才
意識到自己遭遇了詐騙，報案人經過計算共損失泰達幣5萬元(高達新台幣160萬元)。

分局長温基興特別呼籲聽眾朋友，投資前一定要冷靜查證，天上不會掉下餡餅，只有詐騙
在設局，遇到疑似詐騙情形，可找家人商量或立即撥打165查證，並可上網搜尋「打詐儀
錶板」網站查詢最新詐騙手法與相關案例，錢是我們一輩子辛苦賺來的，千萬不要被一句
「穩賺不賠」給騙了！投資一定要小心，有任何懷疑，趕快撥打165反詐騙專線，警察會
幫您查清楚，保護自己，也守住辛苦錢!

--
Mr.
Raindrop, falling away from
me now.
/
/
∕︵︵︵︵︵︵︵﹨
Mr. Raindrop, falling away form me now.
/
/
◢██◣
∥
/     /
Do you know how much you mean to me, why must you leave?
⊙
⊙
∥
I'm just a flower on a tree, why must you leave?
◢
▆
/
/
Mr.
Raindrop, falling away from
me now.
--
※ 發信站: 批踢踢實業坊(ptt.cc), 來自: 111.243.24.95 (臺灣)
※ 文章網址:
https://www.ptt.cc/bbs/Bunco/M.1752360766.A.B90.html",ptt,Sun Jul 13 06:52:42 2025
[新聞] 防止「愛情詐騙」 約會網站試行人臉辨識安全功能,https://www.ptt.cc/bbs/Bunco/M.1752335730.A.B59.html,"防止「愛情詐騙」 約會網站試行人臉辨識安全功能

編譯組／綜合報導 2025-07-12 02:22 ET
https://uc.udn.com.tw/photo/wj/realtime/2025/07/12/32564343.png
網上約會公司Tinder正在測試一項人臉識別功能，將來強制用戶使用，以減少「愛情詐
騙 」。（Tinder官方網站首頁）

網上約會公司Tinder正在測試一項新的人臉識別功能，以減少欺詐及建立客戶的信任。

Tinder來自西好萊塢，隸屬於線上婚姻撮合公司Match Group，目前要求加州用戶在開設
帳戶時，必須透過一項名為「Face Check」的功能來驗證身分。

Face Check功能由一項名為FaceTec的技術所支援，該技術會提示用戶拍攝一段關於自己
的短片，之後該技術會掃描影片，以確保用戶的身分與其聲稱的身分相符。該技術還會測
試用戶的臉部是否與其在Tinder內的照片相符，並檢查其他帳戶，確保沒有其他人盜用他
們的相似照片。通過核實後，使用者的個人資料上會顯示一個藍色的勾號。

Tinder發言人受訪時說：「營造一個充滿樂趣和尊重的環境，讓Tinder用戶能夠展現真實
的自我，是我們的首要任務。作為我們持續努力的一部分，我們一直在嘗試各種方法，為
用戶提供最佳體驗，讓他們尋求真誠的連結。」

據Tinder稱，人臉掃描過程中獲得的驗證資料，會在用戶帳戶有效期內保存，但在用戶關
閉帳戶後30天內，會被刪除。

Match Group信任與安全主管羅斯（Yoel Roth）表示：「人臉驗證……實際為了確認用戶
是真實存在的，而不是機器人或偽造帳戶。」

近年「愛情詐騙」興起，不法者虛構線上個人資料，以贏得他人信任，然後操縱受騙者向
他們提供金錢。美國司法部和聯邦調查局官員去年向媒體表示， 2023年，有逾6萬4000名
美國人受愛情騙局所害。

根據聯邦調查局（FBI）和聯邦貿易委員會（Federal Trade Commissio）等多家消費者保
護機構稱，包括Tinder在內的約會應用程式，是滋生詐騙案的溫床。其中有一個案由
Netflix影片《Tinder騙子》記述，關於一名男子騙取一名女子數百萬美元。

Tinder發言人指，目前該公司只在加州試行人臉識別功能，沒有計畫將此技術措施擴展到
加州以外地區。


新聞出處:世界新聞網
https://reurl.cc/A3g8le
--
※ 發信站: 批踢踢實業坊(ptt.cc), 來自: 118.166.20.194 (臺灣)
※ 文章網址:
https://www.ptt.cc/bbs/Bunco/M.1752335730.A.B59.html",ptt,Sat Jul 12 23:55:26 2025
[新聞] 譚艾珍深入偏鄉宣導防詐騙 教農民守護財,https://www.ptt.cc/bbs/Bunco/M.1752240654.A.05B.html,"譚艾珍深入偏鄉宣導防詐騙 教農民守護財產
https://www.cdns.com.tw/articles/1250423
記者張淑娟／龍崎報導

藝人譚艾珍談詐騙深入偏鄉山區，十一日到龍崎區農會，與農民和農婦們談到自己被詐騙
的經過，更以深入淺出的方式，向農民們宣導最新詐騙手法，希望辛苦大半輩子的農民和
在山區生活的居民，能遠離被騙。

譚艾珍女特別提醒偏鄉民眾，善良和心軟不要被詐騙集團所利用了，尤其詐騙集團最擅長
製造恐慌，讓人失去判斷力，所以一定要保持冷靜，不要輕信來電內容，更不要依指示操
作金融交易。她希望透過自身經歷，讓更多人提高警覺，避免受害。

譚艾珍還指出，詐騙集團手法日新月異，長輩們往往成為受害目標，她也曾接獲詐騙簡訊
，深感提高警覺的重要性。她更提醒現場長輩「接到電話不要慌張，記得多問、多查、多
求證，保護自己的財產，也保護家人」，同時籲請居民可以至地政事務所，申請「地籍異
動即時通」，保護自己的財產。歸仁分局分局長廖水池也特別提醒民眾「接到陌生來電說
你中獎或涉嫌洗錢？先冷靜、再查證，不要讓荷包變空包」。


--
Mr.
Raindrop, falling away from
me now.
/
/
∕︵︵︵︵︵︵︵﹨
Mr. Raindrop, falling away form me now.
/
/
◢██◣
∥
/     /
Do you know how much you mean to me, why must you leave?
⊙
⊙
∥
I'm just a flower on a tree, why must you leave?
◢
▆
/
/
Mr.
Raindrop, falling away from
me now.
--
※ 發信站: 批踢踢實業坊(ptt.cc), 來自: 111.243.24.95 (臺灣)
※ 文章網址:
https://www.ptt.cc/bbs/Bunco/M.1752240654.A.05B.html",ptt,Fri Jul 11 21:30:50 2025
[新聞] 義大利石油富商遭「AI深偽」電話詐騙百萬,https://www.ptt.cc/bbs/Bunco/M.1752240501.A.D61.html,"義大利石油富商遭「AI深偽」電話詐騙百萬歐元
https://www.ithome.com.tw/news/169993
在2025年2月，義大利爆發AI語音詐騙事件，攻擊者偽冒國防部長Guido Crosetto，鎖定
多名商界領袖與企業高層行騙


文/羅正漢|2025-07-11發表

相較於傳統語音網釣，結合AI深偽技術的語音攻擊更具欺騙性，攻擊者可精準模仿企業高
層、公眾人物或親友的聲音，讓受害者誤以為是熟識對象，進而放下戒心、照指示行動，
將造成更深層的資安風險。我們可以試想，若攻擊者偽冒一國國防部長來電向企業家發出
緊急請求，對方在未經查證下採取行動，其後果將不堪設想，國際間已有這樣的威脅出現
。

在2025年2月，義大利爆發AI語音詐騙事件，攻擊者偽冒國防部長Guido Crosetto，鎖定
多名商界領袖與企業高層行騙，其中石油富商Massimo Moratti被騙近100萬歐元（約
3,300萬元）。所幸報案後，警方在跨國合作下於荷蘭成功凍結款項。

根據義大利媒體報導指出，至少9位企業大亨接到電話，其他包括時尚設計師Giorgio
Armani、Prada聯合創始人Patrizio Bertelli，還有倍耐力輪胎廠的執行長、皮鞋品牌
Tod’s執行長，以及軍工集團Beretta的家族成員，還有製藥商Menarini的家族成員等。

以借錢援救記者名義，加上偽冒國防部長聲音來行騙

為了釐清這起事故，我們追蹤這起新聞時，發現事件最早由義大利國防部長Guido
Crosetto親自揭露。早在2025年2月7日，他便在社群平臺X警告，指出有人透過電話假冒
他與國防部官員，因此希望公開這些資訊，避免其他人落入陷阱。

Crosetto表示，最初先是一名企業界友人向他質疑，為何其秘書來電索取手機聯絡方式，
因雙方原已熟識，彼此都有對方手機號碼，因此覺得此狀況很荒謬，但保險起見便向辦公
室查證，確認無聯繫紀錄。

然而，相隔1小時，另一位國防部長不認識的企業家主動聯繫，在同意提供聯繫方式後，
對方表示接到Crosetto與一名「將軍」的來電，並依指示匯出鉅款。Crosetto聽完隨即向
第二位企業家表示，這是一場詐騙，並通報此事給義大利憲兵隊。



攻擊者用何種話術說服企業家受騙？據後續當地多家媒體報導，有消息人士表示國防部長
的聲音被模仿複製，通話中偽冒國防部長與幕僚來電，謊稱需籌資營救在中東被綁架的義
大利記者，因為無法動用軍費，並保證款項日後可由義大利銀行返還。

較可惜的是，關於來電號碼方面，雖然有報導指出看起來像是來自官方政府號碼，但這方
面的資訊比較含糊，不清楚是否有結合電話偽冒竄改等手法。

但從上述這起事件來看，突顯AI語音偽冒政府要員的風險，雖然多數人沒有上當，但還是
有人誤信。

無論如何，過去已有偽冒Elon Musk宣傳加密貨幣的詐騙影片，以及假冒親人聲音的語音
詐騙，如今此類偽冒情境愈發多元，並透過語音網釣手法以電話主動聯繫目標，而且這次
詐騙更是鎖定企業大亨、老闆與高階主管為主要對象。


--
Mr.
Raindrop, falling away from
me now.
/
/
∕︵︵︵︵︵︵︵﹨
Mr. Raindrop, falling away form me now.
/
/
◢██◣
∥
/     /
Do you know how much you mean to me, why must you leave?
⊙
⊙
∥
I'm just a flower on a tree, why must you leave?
◢
▆
/
/
Mr.
Raindrop, falling away from
me now.
--
※ 發信站: 批踢踢實業坊(ptt.cc), 來自: 111.243.24.95 (臺灣)
※ 文章網址:
https://www.ptt.cc/bbs/Bunco/M.1752240501.A.D61.html",ptt,Fri Jul 11 21:28:16 2025
[新聞] 「一頁式詐騙」氾濫鎖定年輕人　新北警籲,https://www.ptt.cc/bbs/Bunco/M.1752218276.A.0DF.html,"「一頁式詐騙」氾濫鎖定年輕人　新北警籲網上購物提高警覺
https://reurl.cc/WOLZmL
CNEWS匯流新聞網記者唐有為／台北報導

新北市黃姓男子日前透過LINE點擊販賣服飾商品的「一頁式」廣告，看中牛仔褲與Polo衫
共11件，以超商貨到付款的方式取貨，貨物開箱後卻發現與下單商品完全不符，黃男嘗試
聯絡LINE客服，訊息不讀不回才驚覺受騙。新北市警局提醒，民眾網購切勿因低價心動，
掉入詐騙陷阱。

警方表示，近期依據165打詐儀錶板系統統計，今年7月第1週網購詐騙案件中，12歲至24
歲族群占比自上月的22.77%升至28.04%，成長超過5%。常見詐騙手法包括利用「一頁式」
網站，宣稱限量、免運費、私下交易及貨到付款等吸引下單，實際收到的卻是劣質或與訂
購不符的商品。

新北市警局詐欺防制辦公室表示，近來詐騙集團專挑暑期購物需求旺盛的年輕族群下手，
警方已加強網路巡查及宣導，提醒消費者務必提高警覺，並強化校園、社群平臺等宣導，
降低被害風險。

警方呼籲，購物前應檢視網站成立時間、粉絲數與評論真實性，勿貪圖低價或急於成交；
若遇異常應立即撥打165反詐騙專線或110報警求證，共同守護荷包安全，遠離詐騙危機。

照片來源：新北市警方提供

--
Mr.
Raindrop, falling away from
me now.
/
/
∕︵︵︵︵︵︵︵﹨
Mr. Raindrop, falling away form me now.
/
/
◢██◣
∥
/     /
Do you know how much you mean to me, why must you leave?
⊙
⊙
∥
I'm just a flower on a tree, why must you leave?
◢
▆
/
/
Mr.
Raindrop, falling away from
me now.
--
※ 發信站: 批踢踢實業坊(ptt.cc), 來自: 111.243.24.95 (臺灣)
※ 文章網址:
https://www.ptt.cc/bbs/Bunco/M.1752218276.A.0DF.html",ptt,Fri Jul 11 15:17:53 2025
[新聞] 慘遭熟人詐騙 買境外保單虧千萬,https://www.ptt.cc/bbs/Bunco/M.1752184889.A.A77.html,"慘遭熟人詐騙 買境外保單虧千萬
https://reurl.cc/7VoEay
台中市70多歲劉姓婦人繼承千萬元遺產後，熟識的保險員介紹其丈夫鄧姓保險經紀人給劉
婦認識，鄧男鼓吹劉婦購買號稱每年可獲利10％的「境外投資保單」，前3年如期拿到利
息，但去年開始無獲利，劉婦女兒驚覺是保險投資詐騙，母女2人9日到警局告鄧男詐欺，
也讓劉婦無奈說，「最信任的朋友竟是詐騙犯」。

劉姓母女昨天由市議員陳清龍陪同控訴鄧男詐欺。劉女表示，媽媽從外公繼承千萬元遺產
，1位認識20多年的保險員，得知媽媽想規畫理財，介紹其鄧姓丈夫幫忙，由於雙方有多
年交情，且鄧男夫妻是合格保險員，並在知名保險公司任職，所以媽媽不疑有他，以1000
萬元與鄧男簽約10年期的「境外投資保單」，合約承諾每年獲利10％。

劉女說，媽媽2021年簽約保單後，連續3年都有領到百萬元利息，但去年開始連2年沒獲利
，她察覺有異要向鄧男要求解約，卻被對方推給一家名為「豪匯金融科技」的公司。

劉女表示，對方稱豪匯在柬埔寨有銀行，在台中僅設辦事處，讓她愈想愈不對勁，經查證
發現只是空殼地址，豪匯更被金管會列為警示專區，未依公司法註冊設立登記，而鄧妻和
保險公司不是切割就稱不知情，鄧男更從4月至今都找不到人，讓她只能向議員求助並報
警提告。

劉母說，她這段期間天天以淚洗面，最近豐原5口命案讓她覺得騙人的都是親近友人，她
希望司法能重懲詐騙，同時盼民眾引以為鑒，不要再誤入投資陷阱。豐原警方指出，有關
劉婦所報的境外保單詐欺案，將全力積極偵辦，釐清報案人所提事證，如涉詐欺必將嚴懲
嚴辦。

--
Mr.
Raindrop, falling away from
me now.
/
/
∕︵︵︵︵︵︵︵﹨
Mr. Raindrop, falling away form me now.
/
/
◢██◣
∥
/     /
Do you know how much you mean to me, why must you leave?
⊙
⊙
∥
I'm just a flower on a tree, why must you leave?
◢
▆
/
/
Mr.
Raindrop, falling away from
me now.
--
※ 發信站: 批踢踢實業坊(ptt.cc), 來自: 111.243.24.95 (臺灣)
※ 文章網址:
https://www.ptt.cc/bbs/Bunco/M.1752184889.A.A77.html",ptt,Fri Jul 11 06:01:26 2025
[新聞] 民團痛批 反詐騙預算被刪減數近3億元,https://www.ptt.cc/bbs/Bunco/M.1752155647.A.241.html,"在野黨大砍打詐預算 民團：讓詐騙集團開派對
https://www.epochtimes.com/b5/25/7/10/n14548792.htm
【大紀元2025年07月10日訊】（大紀元記者吳旻洲台灣台北報導）在野黨今年初在立法院
會聯手大幅刪、凍今年度中央政府總預算案，其中反詐騙預算總共刪減數近3億元。台灣
經濟民主連合10日與數個罷團召開記者，指在野黨用惡意的預算刪減當作政治報復，「讓
詐騙集團開派對，人民血汗兩行淚。」

台灣經濟民主連合10日與數個罷團召開記者，指在野黨用惡意的預算刪減當作政治報復，
「讓詐騙集團開派對，人民血汗兩行淚。」（經濟民主連合提供）

經民連表示，在野黨立委於今年1月17、20、21日立法院院會中，未經討論即粗暴刪減中
央政府總預算高達2076億元。各界關心的反詐騙預算，總刪減數近3億元，這還不含預算
凍結數，項目橫跨警政風紀、165專線、外交司法互助、金融監管與數位發展部。

經民連智庫《罄竹二號報告書》統計，五大被刪減的關鍵反詐騙預算包括，警政風紀士氣
預算被刪2300萬元、165反詐騙專線預算被刪4000萬元、外交司法互助被刪2000萬元、金
融監管業務費被刪500萬元、數發部打詐不力被砍2億元。

經民連研究員黃承瀚表示，這些預算原本構成政府從警政基層到跨部會協作的完整「打詐
防護網」，如今被刻意抽空，等同在國家防線上鑿洞，任由詐騙集團見縫插針。

黃承瀚表示，在野黨長期抨擊政府在打詐上的不力，藉此賺取政治上的利益，回頭卻在政
府努力改善總體的詐騙治理體系時，從中作梗、大刪預算。等於事實上和詐騙集團站在了
一起，用惡意的預算刪減當作政治報復，讓詐騙集團開派對，人民血汗兩行淚。

罷團發言人卡謬表示，今年1到6月 ，全台已受理88,888件詐騙案，財產損失超過480億新
台幣。詐騙技術日新月異，在野黨卻選擇拔掉插頭，砍斷國家的神經系統，亂刪預算的行
為，已沒有資格再繼續待在立法院，呼籲大眾在7月26日，用選票否決亂砍預算的政客。

罷團代表 Nora也表示，基隆市詐騙案件頻傳，今年 4 月就有 236 件報案，受害金額高
達 6,831 萬元，導致許多家庭破碎甚至有人輕生。令人無法接受的是，在野黨立委去年
曾質疑數位發展部阻止詐騙金額太少，卻又在今年1月卻以「打詐不力」為由砍掉數位發
展部 2 億元、近四成的預算，其中包含關鍵的反詐騙科技計畫預算，這將嚴重危害基隆
市民的身家安全。


--
Mr.
Raindrop, falling away from
me now.
/
/
∕︵︵︵︵︵︵︵﹨
Mr. Raindrop, falling away form me now.
/
/
◢██◣
∥
/     /
Do you know how much you mean to me, why must you leave?
⊙
⊙
∥
I'm just a flower on a tree, why must you leave?
◢
▆
/
/
Mr.
Raindrop, falling away from
me now.
--
※ 發信站: 批踢踢實業坊(ptt.cc), 來自: 111.243.16.218 (臺灣)
※ 文章網址:
https://www.ptt.cc/bbs/Bunco/M.1752155647.A.241.html
※ 編輯: petestar (111.243.16.218 臺灣), 07/10/2025 21:54:37",ptt,Thu Jul 10 21:54:05 2025
[新聞] 大規模詐騙新聞網站攻擊活動鎖定50國家,https://www.ptt.cc/bbs/Bunco/M.1752152959.A.360.html,"大規模詐騙新聞網站攻擊活動BaitTrap鎖定50個國家而來
https://www.ithome.com.tw/news/169986
資安業者CM360近期發布一份調查報告引起關注，他們揭露使用超過1.7萬個詐騙新聞網站
的投資詐騙活動，歹徒偽裝成受到信任的新聞媒體，並冒用知名公眾人物、金融機構的名
義，誘騙民眾上當


文/周峻佑 | 2025-07-10發表

投資詐騙的事故頻傳，為了取信受害人，有些歹徒架設誘餌新聞網站（Baiting News
Sites），以類似新聞報導的形式散布詐騙訊息，揭露此事的資安業者CM360偵測到超過
1.7萬個網站，值得留意的是，這些網站都針對目標民眾進行調整，以當地語言、名人、
金融機構來行騙。

本週有許多廠商發布7月份例行更新，其中又以SAP供應商關係管理平臺的滿分漏洞最危險
，再者，Fortinet應用程式防火牆（WAF）的SQL注入漏洞也相當嚴重而值得留意；Citrix
修補VDI平臺的代理程式高風險漏洞，有機會讓攻擊者得到SYSTEM權限。



【攻擊與威脅】
大規模詐騙新聞網站攻擊活動BaitTrap鎖定50個國家而來，目的是進行網路投資詐欺



近年來網路投資詐騙事故頻傳，其中一種最常見的手法，就是攻擊者打著名人的名號，並
透過社群網站、影音串流平臺接觸受害者，但也有駭客架設幾可亂真的假新聞網站，藉此
引誘使用者上當。

舉例來說，最近資安業者CM360揭露橫跨全球50個國家的網路投資詐騙活動BaitTrap，就
是這樣的情形。駭客架設超過1.7萬個誘餌新聞網站（Baiting News Sites），這些網站
偽裝成CNN、BBC、CNBC、News24、ABC News等受到信任的新聞媒體，發布捏造的消息，並
利用知名公眾人物，以及國有銀行、中央銀行、商業銀行等金融機構來建立信任，假借中
央銀行總裁、國家領導人，或是公眾人物的名義，宣稱意外發現透過加密貨幣致富秘密方
法，藉此誘騙使用者掉入投資詐騙的陷阱。

值得留意的是，這些誘餌新聞網站往往會針對攻擊目標量身打造，使用當地語言、當地民
眾熟悉的品牌、金融機構，以及公眾人物，來增加詐騙成功的機會。這類網站在中東地區
最氾濫，有超過一萬個；其次是亞太地區，約3,400個，但也有針對大洋洲、歐洲、美洲
、非洲的誘餌新聞網站。

伊朗駭客BladedFeline部署新型IIS與Exchange後門，滲透中東多地區政府



資安公司ESET揭露與伊朗關聯的駭客組織BladedFeline，持續滲透中東多地區政府與能源
、電信單位，鎖定IIS與Exchange伺服器，並大規模散布Whisper、PrimeCache等新型後門
程式。研究人員發現，BladedFeline自2017年起便長期潛伏於庫德自治區政府系統，2024
起更已成功入侵伊拉克中央政府多名高階官員的網路環境。

BladedFeline整體行動目標以蒐集中東地區政府與重要產業的敏感資訊為主，ESET推測其
活動可能替伊朗取得區域政治與情報相關資料。

根據ESET的程式碼分析，並比對受害目標族群及攻擊手法，BladedFeline推測可能是伊朗
APT34（OilRig）旗下的子群組。該組織透過多種後門與反向通道工具，建立一套成熟的
滲透、持久化 及擴張三階段攻擊鏈，其中，IIS原生模組PrimeCache為關鍵技術，能被動
攔截HTTP請求，並透過加密Cookie藏匿控制訊息，將參數分段接收、快取再組合執行，有
效規避傳統防禦。PrimeCache全程採用RSA與AES-CBC加密並以Base64編碼，使其攻擊流量
具隱蔽性不易被偵測。

竊資軟體GiftedCrook威脅加劇，從瀏覽器竊密成為情資收集工具



今年4月烏克蘭電腦緊急應變團隊（CERT-UA）揭露名為GiftedCrook的竊資軟體，駭客組
織UAC-0226針對該國軍事單位、執法機關、地方自治團體而來，特別偏好位於烏克蘭東部
邊境的組織。這些駭客散布帶有Excel巨集附件檔案的電子郵件，一旦收信人開啟，就會
在電腦植入惡意軟體，其中一個就是GiftedCrook。如今相關攻擊活動升級，駭客強化此
竊資軟體的危害能力，導致相關威脅加劇。

資安業者Arctic Wolf針對此竊資軟體進行追蹤、調查，指出在CERT-UA揭露之後，駭客兩
度改版增加功能，從原本能夠竊取瀏覽器存放的使用者資料，變成能同時竊取受害電腦的
特定檔案，成為駭客用來收集情資的工具。由於新版GiftedCrook出現的時間，恰巧與在
伊斯坦堡舉行的烏克蘭和平談判時間點吻合，因此他們推測駭客的目的，很有可能就是要
收集烏克蘭政府與軍事單位的情報。

其他攻擊與威脅

◆日本製鐵子公司傳出遭到零時差漏洞攻擊

◆網釣攻擊LogoKit濫用Cloudflare Turnstile、Amazon S3，冒充受到信任的組織從事攻
擊

◆駭客濫用Amazon、微軟雲端基礎設施架設CDN服務Funnull，意圖隱藏惡意基礎設施



【漏洞與修補】
SAP修補供應商關係管理平臺重大漏洞，問題出在攻擊者能趁機以管理員身分執行OS命令

本週二SAP發布7月份Security Patch Day例行更新，其中最值得留意的部分，是存在於供
應商關係管理平臺（Supplier Relationship Management，SRM）的滿分漏洞
CVE-2025-30012，非常危險，IT人員應儘速處理。

這項漏洞存在於SRM的Live Auction Cockpit工具，起因是此工具搭配已經棄用的Java
Applet元件，未通過身分驗證的攻擊者可以使用特定的格式編碼，來發送惡意酬載請求。

一旦伺服器端程式（Servlet）收到請求並解碼，就會造成資料的反序列化，從而讓攻擊
者以SAP管理員執行任意的作業系統命令，嚴重影響應用程式的機密性、完整性、可用性
。

Citrix修補VDI平臺本機權限提升資安漏洞

7月8日Citrix針對旗下的虛擬桌面平臺（VDI）Citrix Virtual Apps and Desktops（
CVAD）、Citrix DaaS發布資安公告，修補Windows版Virtual Delivery代理程式的資安漏
洞CVE-2025-6759，此為本機權限提升漏洞（LPE），僅取得低權限的攻擊者有機會藉此得
到SYSTEM身分，4.0版CVSS風險評為7.3，影響現行版本（Current Release）與2402長期
支援版（LTSR）的CVAD，2203 LTSR不受影響，該公司推出2503、2402 LTSR CU1 Update
1、2402 LTSR CU2 Update 1修補。

這項弱點可能帶來哪些影響？通報漏洞的資安業者Rapid7表示，取得低權限的攻擊者能藉
由複製外洩的SYSTEM處理程序，並藉由漏洞以SYSTEM權限孳生新的處理程序。

Fortinet修補網頁應用程式防火牆重大SQL注入漏洞

Fortinet本周釋出安全公告，修補網頁應用防火牆（WAF）產品FortiWeb的重大風險漏洞
，若不處理可能導致SQL程式碼注入攻擊。

本漏洞編號CVE-2025-25257，為對SQL指令中特殊元件的不當中和（Improper
Neutralization），即未對輸入的特殊字元進行適當處理，導致這些字符被SQL引擎誤判
為SQL指令，形成SQL 注入。本漏洞可讓未經授權的攻擊者可經由傳送HTTP或HTTPS呼叫，
執行SQL程式碼或指令，CVSS風險值達9.6。

其他漏洞與修補

◆Ruckus網路設備集中管理平臺存在一系列資安漏洞

◆Splunk修補SOAR平臺第三方元件漏洞，其中包含已遭利用的Git重大漏洞



【資安產業動態】
AWS揭露用生成式AI幫助資安的5種場景，不只程式碼修補、API安全測試，還有日誌分析
速度快50倍

如何善用生成式Ai幫助資安防禦，是所有企業、資安廠商與資服業者，都在努力發展的重
要課題，過去已有國內外業者分享這方面的實務經驗，例如奧義智慧、趨勢科技、Google
等，近期AWS於美國費城舉辦年度資安會議re:Inforce 2025，該公司也揭露其內部實際應
用生成式AI協助資安工作的實際經驗。

今年大會有多位AWS高層主管說明應用成果與觀察，我們整理出5大類型，涵蓋：程式碼修
補自動化、自動化API安全測試、雲端回應團隊分析與應變加速，以及MadPot產品分析與
誘捕能力的強化，甚至還有威脅建模的應用。


--
Mr.
Raindrop, falling away from
me now.
/
/
∕︵︵︵︵︵︵︵﹨
Mr. Raindrop, falling away form me now.
/
/
◢██◣
∥
/     /
Do you know how much you mean to me, why must you leave?
⊙
⊙
∥
I'm just a flower on a tree, why must you leave?
◢
▆
/
/
Mr.
Raindrop, falling away from
me now.
--
※ 發信站: 批踢踢實業坊(ptt.cc), 來自: 111.243.16.218 (臺灣)
※ 文章網址:
https://www.ptt.cc/bbs/Bunco/M.1752152959.A.360.html",ptt,Thu Jul 10 21:09:16 2025
[新聞] 美股「殺豬盤」詐騙案暴增300％ ! FBI曝 「這2處」是最大賊,https://www.ptt.cc/bbs/Bunco/M.1751901466.A.6DA.html,"美股「殺豬盤」詐騙案暴增300％ ! FBI曝 「這2處」是最大賊坑

2025/07/07 16:13
https://img.ltn.com.tw/Upload/business/page/800/2025/07/07/phpQnrwEX.jpg
FBI示警，美股「殺豬盤」詐騙案暴增。（法新社）

陳麗珠／核稿編輯

〔財經頻道／綜合報導〕美國聯邦調查局 （FBI） 發布警告稱，犯罪分子透過即時通訊
應用程式（App）和社交媒體平台，鎖定美股投資人，並以「拉高出貨」進行投資詐騙數
量出現激增。根據FBI數據顯示，今年迄今此類「殺豬盤」騙局的受害案件年增至少300%
。

《Forbes》報導，這些俗稱「殺豬盤」的投資騙局案件中，詐騙分子在潛在目標群體中推
廣「投資俱樂部」，這些俱樂部通常是AI機器人或虛假帳戶，推廣訊息將受害者引導至這
些詐騙集團營運的加密即時通訊應用程式。為了顯得可信，犯罪者可能會冒充合法的券商
或知名股票分析師。

FBI警告，這些詐騙分子秘密控制著大量低價股票，並透過鼓動投資俱樂部成員在數週或
數月內持續購買股票，一起合作拉高股價。一旦價格被人為抬高，犯罪分子便拋售其股票
獲利，導致毫不知情的投資者在股價暴跌時遭受重大損失。

FBI 的風險警示也詳述一般投資人需警惕的危險訊號，以辨識某項投資提案是否屬於類似
的「殺豬盤」騙局。例如，被騙子鎖定的目標人選，可能會突然莫名收到一些投資建議。

警示還指出，騙子可能會鼓動投資者購買一些新上市或新成立公司的低價股票，承諾高回
報，甚至誓言補償投資這些公司造成的損失。他們也可能以重大市場變動事件，如政府批
准某項法案或公司取得某項突破為由，敦促人們快買進股票。


新聞出處:自由時報電子報
https://ec.ltn.com.tw/article/breakingnews/5098825
--
※ 發信站: 批踢踢實業坊(ptt.cc), 來自: 118.166.4.21 (臺灣)
※ 文章網址:
https://www.ptt.cc/bbs/Bunco/M.1751901466.A.6DA.html",ptt,Mon Jul  7 23:17:43 2025
[新聞] 陳傑憲、林書豪奪冠太紅　詐騙集團竟冒名,https://www.ptt.cc/bbs/Bunco/M.1751885965.A.B04.html,"陳傑憲、林書豪奪冠太紅　詐騙集團竟冒名開「假夏令營」
https://www.upmedia.mg/news_info.php?Type=24&SerialNo=234371
近期「台灣隊長」陳傑憲領軍統一獅勇奪中職上半季冠軍，而林書豪也率新北國王隊在
TPBL拿下年度總冠軍並勇奪FMVP，2人在棒、籃壇傑出表現卻遭不肖業者盯上，透過刊登
假的夏令營資訊謊騙家長將由陳傑憲、林書豪親自教學，等收了費用後，報名網站就隨即
消失，相當惡劣。



據了解，詐騙集團設計出假的夏令營網頁，還附上林書豪與陳傑憲的照片，謊稱將由2人
親自教學，吸引不少家長報名繳費，沒想到前付出之後，該報名網頁隨即就消失，而球星
本人則「根本不知情」。



對此，林書豪的經紀團隊日前發文澄清，表示林書豪並未以個人名義在台灣舉辦任何訓練
營，呼籲球迷勿上當受騙。陳傑憲的經紀團隊也發出聲明，強調陳傑憲目前專注於職業運
動場上比賽，並無規劃及參與任何訓練營或夏令營，近期網路上的活動皆為詐騙。



警方提醒，不少球隊休賽季都有推出夏令營活動，民眾可以認明官方網站報名資訊，並在
報名前務必查證主辦單位真實性，切勿因「明星效應」而輕信網路資訊。（責任編輯：卓
琦）



林書豪與陳傑憲的經紀團隊都發出聲明，提醒民眾別被詐騙。（取自仁茂國際行銷、林書
豪臉書）

--
Mr.
Raindrop, falling away from
me now.
/
/
∕︵︵︵︵︵︵︵﹨
Mr. Raindrop, falling away form me now.
/
/
◢██◣
∥
/     /
Do you know how much you mean to me, why must you leave?
⊙
⊙
∥
I'm just a flower on a tree, why must you leave?
◢
▆
/
/
Mr.
Raindrop, falling away from
me now.
--
※ 發信站: 批踢踢實業坊(ptt.cc), 來自: 111.243.16.218 (臺灣)
※ 文章網址:
https://www.ptt.cc/bbs/Bunco/M.1751885965.A.B04.html",ptt,Mon Jul  7 18:59:22 2025
[新聞] 期貨詐騙蔓延到Threads 期交所提醒投資人,https://www.ptt.cc/bbs/Bunco/M.1751875765.A.14E.html,"期貨詐騙蔓延到Threads 期交所提醒投資人當心
https://ec.ltn.com.tw/article/breakingnews/5099411
〔記者歐宇祥／台北報導〕期貨業近期致力於防詐。期交所指出，至6月30日止，累計期
貨商通報網路期貨詐騙案件共172件。與5月相較，期貨詐騙案件使用的社群平台已經從
Meta（臉書）延伸到Threads，且冒名期貨商詐騙交易人個資的案件有增多的情形。

期交所指出，6月觀察到的詐騙類型仍以非法地下期貨及招攬開戶交易最多。根據統計，6
月單月的期貨詐騙案件共計有53件，較5月的78件減少32%，但仍較4月案件數高，其中以
非法地下期貨及其他（招攬期貨開戶交易）佔58%最多，其次為期貨交易課程的非法期貨
顧問及代操期貨佔28%，冒名期貨業佔12%。

值得注意的是，冒名期貨業詐騙案件佔提升，6月被冒名的期貨商上升至3家。根據刑事局
最新公布第一季網路詐騙態樣，冒名機構的詐騙樣態占逾7成最多，另數發部網路通報查
詢網統計6月詐騙樣態，金融投資、身分冒充為通報件數第2及第3多，期貨網路詐騙也呈
現相類似的發展趨勢。

期交所提醒，詐騙者冒名期貨商手法多元，除偽冒期貨商官網網址外，尚有盜用期貨商
Logo、名稱、圖示等，偽裝為期貨商的下單APP，企圖利用合法期貨商名義，誘騙交易人
點選下載、盜取個資，實際可能為詐騙平台或惡意程式。

此外，也有冒名期貨商發送電子郵件，偽冒為該公司資安系統通知客戶帳戶存有潛在風險
，提供驗證連結並要求客戶在24小時內完成身分驗證，但該連結實為詐騙網址。所幸在期
貨商防詐意識提升下，立即採取必要措施阻斷該詐騙進行，並於期交所「期貨商反詐騙聯
防行動專區」分享該類案件，提醒交易人注意。

依據期貨商迄今蒐報3個月的案例來看，期交所提出2項呼籲：

１、選擇合法期貨商才是王道：社群平台上免費、獲利的廣告貼文雖極具誘惑力，但只有
合法期貨商才能保障交易人權益。網路上提供不明來源的連結、加Line，或接到期貨商或
業務員Email或Line等，均應予以查證，且應避免立即回覆或點選。

２、民眾可上期交所網站或中華民國期貨業商業同業公會網站，查詢合法期貨業者之基本
資料及電話。

此外，期交所反詐騙專區亦提供各期貨商之反詐諞電話專線，可以電話向期貨業者查證；
數發部亦設有「網路詐騙通報查詢網」，可提供民眾貼上網址初步查詢是否疑似詐騙內容
。經過上述查證後，再決定是否依其要求辦理，避免踏入詐騙陷阱。

--
Mr.
Raindrop, falling away from
me now.
/
/
∕︵︵︵︵︵︵︵﹨
Mr. Raindrop, falling away form me now.
/
/
◢██◣
∥
/     /
Do you know how much you mean to me, why must you leave?
⊙
⊙
∥
I'm just a flower on a tree, why must you leave?
◢
▆
/
/
Mr.
Raindrop, falling away from
me now.
--
※ 發信站: 批踢踢實業坊(ptt.cc), 來自: 111.243.16.218 (臺灣)
※ 文章網址:
https://www.ptt.cc/bbs/Bunco/M.1751875765.A.14E.html",ptt,Mon Jul  7 16:09:22 2025
[新聞] 486先生提醒 防詐騙就要避開人性最大弱點,https://www.ptt.cc/bbs/Bunco/M.1751875433.A.5B1.html,"486先生提醒 防詐騙就要避開人性最大弱點
https://reurl.cc/Nxa3lx
財經中心/綜合報導

日前台中驚傳一起震撼社會的悲劇。一家五口因投資所謂「黃金代購」被詐騙，債務纏身
後選擇集體輕生，引發社會廣泛關注與心痛。對此，486團購創辦人486先生也在社群平台
發聲，強調「詐騙最懂人性，而人性的最大弱點，就是想賺快錢」。

486先生直言，這類詐騙手法常常有幾個共通點：信任來源（例如親友介紹）、高報酬誘
惑、初期真有回饋、用「追加投資才能回本」的話術綁住受害者。「這不是老生常談，是
一個真實、慘痛的案例。很多人不是被騙，而是『想賺快錢』的心態先讓他們失去判斷力
。」

他表示，這些年不斷分享個人投資心法，從存中華電信、研究儲蓄險到美國公司債，核心
理念始終都是穩健投資、腳踏實地，絕不貪圖快速致富。他也自問：「我已經滿手好牌，
何必要賭博？」

對於有些人笑他「只會買牛皮股、沒膽押飆股」，他反問：「你真的能承受大起大落嗎？
萬一賠到懷疑人生，誰來救你？我自己寧願穩穩領息、睡得著覺，也不要賭一把輸到脫褲
。」

486:詐騙最懂人性，而人性的最大弱點，就是想賺快錢
486:詐騙最懂人性，而人性的最大弱點，就是想賺快錢
黃金詐騙案 頻傳   486提醒防詐 (圖/民視財經網)



486先生特別呼籲，投資一定要遵守幾個原則，第一，凡是宣稱「穩賺不賠、高回報」的
，請直接拒絕。這種東西根本不存在。第二，不要把錢交給第三方操作，不管是黃金、股
票還是虛擬貨幣。第三，多查資料、多問人、勇於求助，遇到疑似詐騙不要獨自承擔，更
不要怕丟臉。家人之間要互相提醒與溝通，防止身邊的人落入陷阱。

「這世界上，沒有白吃的午餐，也沒有無風險的高報酬。詐騙集團就是利用這些想翻身、
想改變現狀的心情，設下一步步陷阱。」486先生強調，「你不貪，別人就沒辦法騙你。
」

他也希望這起悲劇能喚起更多家庭的警覺，「別讓愛你的人陪你一起承擔錯誤的決定。真
正的財富，是可以讓你睡得著覺，不是讓你天天提心吊膽、賠掉人生。」

原文出處：486:詐騙最懂人性，而人性的最大弱點，就是想賺快錢

--
Mr.
Raindrop, falling away from
me now.
/
/
∕︵︵︵︵︵︵︵﹨
Mr. Raindrop, falling away form me now.
/
/
◢██◣
∥
/     /
Do you know how much you mean to me, why must you leave?
⊙
⊙
∥
I'm just a flower on a tree, why must you leave?
◢
▆
/
/
Mr.
Raindrop, falling away from
me now.
--
※ 發信站: 批踢踢實業坊(ptt.cc), 來自: 111.243.16.218 (臺灣)
※ 文章網址:
https://www.ptt.cc/bbs/Bunco/M.1751875433.A.5B1.html",ptt,Mon Jul  7 16:03:51 2025
[新聞] 五口疑遭詐騙釀家庭悲劇 醫籲看穿詐團,https://www.ptt.cc/bbs/Bunco/M.1751875321.A.5CE.html,"五口疑遭詐騙釀家庭悲劇 醫籲看穿詐團這二手段防上鈎
https://udn.com/news/story/124490/8855584
台中豐原一家五口命案，疑遭遇投資詐騙，導致家庭悲劇，引起社會關注。衛福部桃園療
養院副院長李俊宏說，由於這個家庭對防詐的認知、識能有所落差，再加上詐騙集團利用
民眾對法律、金融的資訊落差，以及人性弱點，讓被害人心生恐懼就範，甚至不願報警求
助，發生憾事。


李俊宏說，觀察目前黃金、股票、虛擬貨幣等投資詐騙，詐團會先設計一套劇本，利用民
眾對於法律、金融投資的不了解，以黃金投資來說，詐騙集團會說，一般來說，買黃金需
要大筆資金，但其有管道可以「小額投資」，欺騙被害人上當，且剛開始一、二次會先返
還部分獲利，取得被害人的信任，讓被害人投入更多的錢加碼投資，而陷入詐騙集團的圈
套。


他說，一旦被害人驚覺想要脫身，詐騙集團就開始不斷用本票、黑道等話術，再度利用民
眾對於金融、法律不熟悉的資訊落差，如詐騙集團會分為兩方面，第一、威脅被害人已經
簽了本票就會被強制執行，但事實上還是有法律救濟的管道；第二、恐嚇被害人不還錢，
將有黑道上門取財，或找精神疾病患者傷人等，就是利用人性弱點，採心理戰術控制被害
人的情緒與行為，並感到害怕，若最後無法承受，恐就發生憾事。


「觀察國內詐騙事件，很少有詐騙集團尋找黑道向被害人取財。」李俊宏說，因為如此詐
騙集團會花費更多的錢，還不如去尋找下一名被害人來得簡單，往往只有在詐騙集團內部
分贓不均時，才會找上黑道。要避免成為詐騙的被害人，面對黃金、股票、虛擬貨幣等投
資，一定要多方查證，不要輕易匯錢出去，如果真的不小心受騙上當，應尋求警方、律師
等協助。


李俊宏指出，臨床上收治一名女性，由於遭遇到投資詐騙，鬧到夫妻失和，精神壓力大，
睡不好，前來就醫，沒想到，在看診的過程發現，該名女子還想借錢，再投入更多的錢，
把被騙的錢凹回來，這時他趕緊苦勸，不要急著翻本，並請患者報警處理，雖然被騙的錢
可能已經拿不回來，但不會再繼續損失。臨床觀察，被詐騙的人最終都可以走出被騙的陰
影，「人生還是要繼續走下去」。


李俊宏說，詐騙手法不斷推層出新，但利用的都是資訊落差、人性弱點，這件事情上，這
個家庭對外的訊息，其實是被遮蔽的。為避免成為被詐騙的被害人，民眾平時應多了解投
資理財的訊息，不要隨意相信別人，並自我提升防詐的識能，不要輕易受騙，當遇到詐騙
，一定要對外尋求協助，包括律師、警察，讓事情有所轉圜，不要馬上想不開。


--
Mr.
Raindrop, falling away from
me now.
/
/
∕︵︵︵︵︵︵︵﹨
Mr. Raindrop, falling away form me now.
/
/
◢██◣
∥
/     /
Do you know how much you mean to me, why must you leave?
⊙
⊙
∥
I'm just a flower on a tree, why must you leave?
◢
▆
/
/
Mr.
Raindrop, falling away from
me now.
--
※ 發信站: 批踢踢實業坊(ptt.cc), 來自: 111.243.16.218 (臺灣)
※ 文章網址:
https://www.ptt.cc/bbs/Bunco/M.1751875321.A.5CE.html",ptt,Mon Jul  7 16:01:57 2025
[網路] 網路接案插畫家分享，防止三方詐騙經驗,https://www.ptt.cc/bbs/Bunco/M.1751859754.A.33F.html,"本文轉自fb

縮網址為出處
https://reurl.cc/OmbW3r
Yeats Hong
  ·
有在接委託的繪師們請一定要看看

知道「第三方詐騙」的手法，想提醒大家！

做案手法請參考下圖(底下是我畫的超兩光的圖還請見諒qwq)

舉例：當委託人付了超大一筆錢(例如好幾萬塊)要求你退款 而且是退到另外一隻帳號(非
當時匯款的帳號)時一定要警覺

有人因為被詐騙所以帳戶被凍結(而且是所有銀行只要是這個名字的戶頭都被凍結)
那如何預防第三方詐騙呢?

可以去申請第三方支付(例如綠界、藍新、歐付寶等)(我正在申請中，綠界目
前看起來可以個人申請，而藍新、歐付寶雖然也標明個人申請但仍需要公司行號)

委託人可以用網銀、ATM匯款、超商代碼等等方式的付款(信用卡支付的話要另外申請)
第三方支付預防第三方詐騙的方式：

1你不直接提供私人帳號，避免被利用當人頭戶
2付款流程由平台控管，降低可疑異常退款的風險
3對方付款行為都可追蹤，可佐證你「不是共犯」

留言區附上今天看到別人總結收款方式的文章連結

假如今天你真的遇上了第三方詐騙，已經收款了
那此時你該做的事情是：

1 立刻去警局報案：「我帳戶收到了疑似詐騙款項，願意配合處理」
2 去銀行說明狀況，請求配合凍結款項待查
3 整理所有對話紀錄、轉帳明細、與第三方的聯繫證據（證明你不是詐騙主謀）
4 不要私下把錢轉還給對方(買家B)，應該由警方調查，由銀行或法院協助返還，保
護自己不被誤會或背鍋！

5等候警方調查結果與法院裁定前，先不要動用任何款項

不太確定相同手法會不會發生在委託人身上，但希望所有人永遠都不要遇到TT!!!

(如果資料有任何錯誤的地方再麻煩指正了)

(現在正在申辦第三方支付，後續如何再跟各位更新!)

--
Mr.
Raindrop, falling away from
me now.
/
/
∕︵︵︵︵︵︵︵﹨
Mr. Raindrop, falling away form me now.
/
/
◢██◣
∥
/     /
Do you know how much you mean to me, why must you leave?
⊙
⊙
∥
I'm just a flower on a tree, why must you leave?
◢
▆
/
/
Mr.
Raindrop, falling away from
me now.
--
※ 發信站: 批踢踢實業坊(ptt.cc), 來自: 111.243.16.218 (臺灣)
※ 文章網址:
https://www.ptt.cc/bbs/Bunco/M.1751859754.A.33F.html
※ 編輯: petestar (111.243.16.218 臺灣), 07/07/2025 11:43:08",ptt,Mon Jul  7 11:42:31 2025
[新聞] 遭韓國夜店詐騙還被打！女子親出面全說了,https://www.ptt.cc/bbs/Bunco/M.1751763145.A.1B9.html,"遭韓國夜店詐騙還被打！女子親出面全說了：3警察在旁觀
https://www.setn.com/News.aspx?NewsID=1683241
赴韓旅遊千萬要小心弘大夜店近日一名女網友在Threads上分享自己到韓國弘大的驚悚經
歷，透露她與同行友人被拉進一家夜店，對方表示「不用錢，看看不喜歡的話也可以出來
」，不料一行人要出去時就被一群男生擋在門口，要求「付錢才能出去」，甚至在警察面
前仍被抓手腕、搶手機，疑似「專騙外國女遊客」的亂象。昨（5日）遭打女子「康康」
本人出面敘述始末。

遭韓國男子打罵的「康康」近日親自出面，在社群YouTube上傳影片敘述自己與友人於6月
29日晚間在首爾弘大地區遭遇噩夢般的夜店體驗。她當天從飯店前往宵夜途中，路經夜店
街時被一名女子攔下稱「你們很漂亮，可以免費參觀參觀夜店」，並保證「不消費也能離
開」。她與友人反覆詢問是否有任何隱性消費或條件，對方皆否，才跟著進入店內。

康康與朋友要出夜店遭擋，要求「付錢才能走」白衣者出手打手機拍攝。（圖／翻攝自
Threads）

▲康康與朋友要出夜店遭擋，要求「付錢才能走」白衣者出手打手機拍攝。（圖／翻攝自
Threads）

康康指出，一踏入夜店門口，立刻被男子將手綁上寫有神祕數字的金屬「指手銬」，並被
告知必須待到手銬上時間結束或「付費才能離場」。她與同行友人試圖離開，卻被數名穿
白衣、灰衣的男子包圍攔阻，期間更發生肢體衝突，康康手機被打落、手腕遭粗暴拉扯導
致瘀青，同行者亦感受到明顯威脅。

康康貼出當時報警後的實際狀況。（圖／翻攝自YouTube-&nbsp;康康頻道）

▲康康貼出當時報警後的實際狀況。（圖／翻攝自YouTube- 康康頻道）

整起事件讓康康直呼「實在是太可怕了，專門騙外國人」然而最讓他們寒心的是，康康與
同行香港友人當場撥打112報警。警方到場後卻表示不能讓他們自由離開，這可能違反店
家內部規定，且遭打拉扯的影片畫質不佳無法立即採信，直到同樣被攔的中國女遊客作證
才「初步接受」性質，但後續作筆錄需一至數週調查，且難以提供實質保護。


更離譜的是，警方已經在現場卻眼見一名灰衣男子粗暴拉扯康康友人，朋友大聲呼喊才停
止，警察在一旁還制止呼喊的友人別吵鬧，並未介入制止暴力，直到有人群圍觀後才停止
。對此康康與友人形容整體感受「完全無助」。此事曝光後引發網友熱議，留言表示許多
在弘大夜店區遊客遭遇類似詐騙件「他們專門找女生，然後請一堆男的擋在外面還一直罵
髒話瞪人。」

儘管經過不愉快的一夜，康康仍強調整趟韓國行多為愉快：她與友人品嘗參雞湯、購買保
養品並感受熱情好客。但她強調，選擇公開此事並非抹黑韓國引戰，而是希望透過自身經
驗呼籲暑期赴韓的大量年輕女遊客提高警覺，特別是夜店區的「免費入場」邀請，務必多
問清楚條件與退場方式，以免成為下個受害者。

--
Mr.
Raindrop, falling away from
me now.
/
/
∕︵︵︵︵︵︵︵﹨
Mr. Raindrop, falling away form me now.
/
/
◢██◣
∥
/     /
Do you know how much you mean to me, why must you leave?
⊙
⊙
∥
I'm just a flower on a tree, why must you leave?
◢
▆
/
/
Mr.
Raindrop, falling away from
me now.
--
※ 發信站: 批踢踢實業坊(ptt.cc), 來自: 36.227.152.178 (臺灣)
※ 文章網址:
https://www.ptt.cc/bbs/Bunco/M.1751763145.A.1B9.html",ptt,Sun Jul  6 08:52:20 2025
[新聞] 又是黃金詐騙！台中小吃攤父女抵押4間房,https://www.ptt.cc/bbs/Bunco/M.1751708207.A.0B5.html,"又是黃金詐騙！台中小吃攤父女抵押4間房 背債逾3千萬
https://reurl.cc/Mz7MMn
即時中心／蔣巧薇報導

台中市豐原區一家五口疑似捲入黃金代購詐騙陷阱，走上絕路；而大里區也傳出類似案件
，一對經營小吃攤的林姓父女疑遭黃金投資詐騙，遭詐1216萬元，抵押4棟房產並借貸高
達2300萬元，至今仍積欠1600萬元，每月光是利息就高達30萬元，父女倆被龐大債務壓得
喘不過氣。霧峰警分局4日證實此案，已全力偵辦中。

台中市警局霧峰分局表示，林女與父親在大里經營小吃店，2024年3月間，林女加入一個
號稱「投資黃金、賺取價差」的群組，並與詐騙集團簽署所謂的委託代操契約，初期投入
700多萬元存款，並獲得穩定獲利。

後續，詐團慫恿林女抵押大里房產，再投入500萬元資金，但這筆投資未見任何獲利。詐
團又以「帳戶遭凍結、需補繳數萬元才能解凍」為由，陸續詐取大筆金額，最終對方人間
蒸發，林女才驚覺遭詐，並於今年4月報警。

林女籌措資金初期，以丈夫名下不動產辦理抵押貸款；之後為了償還高額利息，又請父親
抵押名下豐原的3間房產，並多次向地下錢莊借貸，總計增貸金額達2300萬元。

霧峰警方指出，詐團藉黃金行情飆漲誘騙民眾投資，待被害人投入鉅款後便神隱，目前警
方正全力追查幕後詐欺集團，並呼籲民眾投資理財應循合法官方管道查證，如接獲疑似詐
騙訊息，可撥打「165反詐騙專線」諮詢，以降低受騙風險。

--
Mr.
Raindrop, falling away from
me now.
/
/
∕︵︵︵︵︵︵︵﹨
Mr. Raindrop, falling away form me now.
/
/
◢██◣
∥
/     /
Do you know how much you mean to me, why must you leave?
⊙
⊙
∥
I'm just a flower on a tree, why must you leave?
◢
▆
/
/
Mr.
Raindrop, falling away from
me now.
--
※ 發信站: 批踢踢實業坊(ptt.cc), 來自: 36.227.152.178 (臺灣)
※ 文章網址:
https://www.ptt.cc/bbs/Bunco/M.1751708207.A.0B5.html
※ 編輯: petestar (111.243.16.218 臺灣), 07/07/2025 11:40:35",ptt,Sat Jul  5 17:36:44 2025
[新聞] 假冒公權力！新加坡爆「假官員」詐騙潮　半年騙走1.5億台幣,https://www.ptt.cc/bbs/Bunco/M.1751685999.A.37C.html,"假冒公權力！新加坡爆「假官員」詐騙潮　半年騙走1.5億台幣

國際中心陳貞妤／綜合報導

2025-07-04 14:12:39
https://reurl.cc/2Q46O9
▲受害者接獲假冒政府來電，誤信自己涉及洗錢案件，進而在電話指示下交出財物。（示
意圖／取自Pixabay）

新加坡近期出現一波冒牌政府官員詐騙潮，詐騙集團以政府名義進行恐嚇與操控，短短半
年已造成超過80人受害，總損失金額超過670萬新幣（約新台幣1.52億元），震驚全國。
新加坡警方特別警告民眾，提高警覺，切勿將財物交付給來路不明的陌生人。

根據《聯合早報》報導，新加坡警方指出，詐騙手法通常從一通自稱來自政府機構、銀行
或保險公司的來電開始。騙徒會指控受害者涉及非法金融活動，或聲稱其個人資料遭盜用
、保單未繳清等問題。若受害者表達否認，電話將立即被「轉接」給另一名自稱是新加坡
金融管理局、警方、律政部等機關人員的騙徒，再以「涉嫌洗錢」、「涉入刑案」為由，
進一步施壓。

這類詐騙手法早有跡可循，近年在東亞與東南亞國家皆屢見不鮮。以台灣為例，2017年曾
爆出多起假冒檢警詐騙案，歹徒聲稱民眾涉入洗錢或違法交易，要求其將存款交由「專員
保管」；日本亦有多起以「社會保障局人員」為名義騙取老年人退休金的事件。這些詐騙
手法的共通點，就是透過假冒公權力機構創造恐懼，逼使受害者配合「調查」。

更可怕的是，歹徒會要求受害者配合「調查」，提領大量現金、購買金條，或列出自己擁
有的名錶、珠寶等財產，並於指定時間地點交出作為所謂「證據」。在部分案例中，受害
者甚至被指示將財物放在特定地點，隨後遭騙徒派出的車手領走。直到騙徒失聯或受害者
主動求證，才驚覺上當。

這類詐騙常以電話進行，話術專業、流程嚴密，甚至會假冒新加坡警方的官方網頁或使用
偽造來電號碼，營造高度可信感。近年來，隨著通訊技術進步與AI語音模仿興起，這類「
假公務詐騙」手法已變得更難識破。

新加坡警方重申，真正的政府官員不會透過電話要求民眾匯款、提供網銀登入資料，或要
求下載未經授權的應用程式。警方呼籲民眾保持警覺，一旦接獲可疑來電，應立即掛斷，
並主動向警方查證真偽。

新加坡反詐騙部門也提供「ScamShield」應用程式供民眾使用，可自動過濾疑似詐騙電話
與簡訊。警方提醒，面對任何不尋常的金錢要求，保持懷疑與冷靜，是防範詐騙的第一步
。


新聞出處:NOWnews今日新聞
https://www.nownews.com/news/6703112
--
※ 發信站: 批踢踢實業坊(ptt.cc), 來自: 118.166.26.94 (臺灣)
※ 文章網址:
https://www.ptt.cc/bbs/Bunco/M.1751685999.A.37C.html",ptt,Sat Jul  5 11:26:36 2025
[新聞] 成效亮眼！屏東警攔阻詐騙逾億元,https://www.ptt.cc/bbs/Bunco/M.1751548389.A.EDE.html,"打詐成效亮眼！屏東警攔阻詐騙逾億元 查獲車手31人
https://n.yam.com/Article/20250703877710
【記者廖銘瑞／屏東報導】　屏東警察分局統計，114年1至6月共受理詐欺案件1,033件，
其中以「假投資詐騙」最為猖獗，計280件，造成財損高達3億7,618萬餘元，為最常見的
詐騙手法。其次為「假網拍購物詐騙」113件，損失約356萬元；「分期付款詐騙」則有74
件，財損超過619萬元，詐騙型態多元、手法層出不窮。



面對詐騙犯罪日益嚴峻，分局全面強化打詐作為。透過與金融機構、超商店員合作攔阻詐
騙，半年內成功攔阻136件詐騙案，為民眾守住財產損失，攔阻金額逾1億1千萬元，成效
斐然。



同時透過專案行動與科技偵查，查緝面交詐騙車手共31人，並持續追查詐騙集團金流與下
游成員，展現主動出擊、全面圍堵的決心。 屏東警分局分局長林明波提醒民眾，若接獲
可疑投資、網購或分期付款等訊息，務必提高警覺，切勿依照陌生指示操作匯款，並可撥
打165反詐騙專線查證。警方也將持續與民眾攜手合作，共同防堵詐騙，打造安全無詐的
宜居環境。

--
Mr.
Raindrop, falling away from
me now.
/
/
∕︵︵︵︵︵︵︵﹨
Mr. Raindrop, falling away form me now.
/
/
◢██◣
∥
/     /
Do you know how much you mean to me, why must you leave?
⊙
⊙
∥
I'm just a flower on a tree, why must you leave?
◢
▆
/
/
Mr.
Raindrop, falling away from
me now.
--
※ 發信站: 批踢踢實業坊(ptt.cc), 來自: 36.227.152.178 (臺灣)
※ 文章網址:
https://www.ptt.cc/bbs/Bunco/M.1751548389.A.EDE.html",ptt,Thu Jul  3 21:13:06 2025
[新聞] 防範新興詐騙溫床！數發部納管Threads,https://www.ptt.cc/bbs/Bunco/M.1751537493.A.A53.html,"防範新興詐騙溫床！數發部納管Threads、9/15前完成系統調整
https://www.technice.com.tw/techmanage/3c/180358/
記者李琦瑋／台北報導

社群媒體Threads今年4月開放廣告欄位，詐騙案件浮現，成為新興詐騙溫床，但在「詐防
條例」下卻非數位發展部納管的網路廣告平台，導致無法可管。數發部3日宣布，新增納
管Threads平台，並要求於9月15日前完成系統調整及相關法遵作業。

數發部表示，考量我國使用者占比及網路平台被利用於刊登詐騙廣告的風險，公告更新符
合一定規模的網路廣告平台業者名單，將Threads納入管理，並自114年9月15日生效。

延伸閱讀：Threads成新興詐騙溫床 數發部：達一定使用者占比、風險將納管

數發部指出，自113年9月30日起，《網路詐騙通報查詢網》共接獲通報Threads平台涉詐
案件1,898件，其中718件經確認為詐騙，已通知並要求平台下架。

數發部提醒，民眾若在Threads平臺上發現可疑的網路詐騙廣告，可即時在《網路詐騙通
報查詢網》上查詢或通報，經查證為詐騙的廣告，數發部將要求Threads平台立即下架。

數發部提到，Threads宣佈自今年4月起開放廣告版位供刊登或推播廣告，符合網路廣告平
台的定義，且平台在我國使用者已達一定人數。數發部經觀察平台涉詐案件通報數，評估
平台的廣告服務遭利用刊登詐欺廣告具有高度風險，故公告新增Threads至納管的網路廣
告平台名單。

考量新增納管的平台尚需調整系統（如廣告揭露）、執行程序（如身分驗證）等須符合《
詐欺犯罪危害防制條例》相關規範，數發部要求Threads限期在114年9月15日前完成系統
調整及相關法遵作業，並將持續輔導業者落實法遵。

數發部自113年9月16日公告符合一定規模的網路廣告平台業者名單，已納管Google（
Google、YouTube）、LINE（LY Corporation）、Meta（Facebook、Instagram）以及
TikTok等4家業者，共6個平台。本次新增Meta（Threads）平台，未來將持續關注詐欺風
險變化、網路廣告平台業者規模更迭及詐騙目標轉移之可能，滾動式檢討更新納管業者名
單，以有效防堵詐騙廣告的散布，降低詐欺廣告擴散及移轉。

--
Mr.
Raindrop, falling away from
me now.
/
/
∕︵︵︵︵︵︵︵﹨
Mr. Raindrop, falling away form me now.
/
/
◢██◣
∥
/     /
Do you know how much you mean to me, why must you leave?
⊙
⊙
∥
I'm just a flower on a tree, why must you leave?
◢
▆
/
/
Mr.
Raindrop, falling away from
me now.
--
※ 發信站: 批踢踢實業坊(ptt.cc), 來自: 36.227.152.178 (臺灣)
※ 文章網址:
https://www.ptt.cc/bbs/Bunco/M.1751537493.A.A53.html",ptt,Thu Jul  3 18:11:30 2025
[新聞] 新班導師「一對一簡訊」詐騙手法曝光,https://www.ptt.cc/bbs/Bunco/M.1751532644.A.E99.html,"新班導師「一對一簡訊」詐騙手法曝光　要你點連結聯繫
https://www.setn.com/News.aspx?NewsID=1681970
記者柯美儀／台北報導

不少學校近期陸續展開新生報到，卻也成為詐騙集團下手的新藉口，有民眾今（3）日一
早收到一封簡訊，對方自稱為「室二愛導師陳書惠」，並附上一個連結，要求家長點入加
入群組以利後續聯繫。幸好該民眾立刻察覺有異，當場識破詐騙手法，並提醒其他家長務
必提高警覺，避免受騙上當。

民眾收到自稱是「室二愛導師陳書惠」的詐騙簡訊。（圖／讀者提供）

▲民眾收到自稱是「室二愛導師陳書惠」的詐騙簡訊。（圖／讀者提供）

有民眾向《三立新聞網》投訴，簡訊內容中，對方自稱是新學年度的班導師，「我是新學
年度室二愛的導師陳書惠。昨天是與孩子們第一次見面的日子，我們已完成基本資料的蒐
集。昨日已請學生協助轉傳導師的LINE加入連結，因尚未看到家長加入的紀錄，因此我再
次透過簡訊補傳連結，煩請您協助點選加入，以便後續聯繫更為順暢。」

自稱新學年班導師的陳書惠在簡訊中附上連結，並表示「導師與家長間的聯絡採用一對一
方式，您的訊息僅會由我本人收到，其他家長無法看到，請您放心。未來一年，學校的重
要通知與班級相關事務，皆將透過此帳號與您聯繫。感謝您的配合與支持！」所幸該民眾
一眼識破該簡訊是詐訊息，痛批「連這種都能騙，很過份！」

警方提醒，民眾若接獲要求點擊不明連結、加陌生群組或提供個資的簡訊，都應提高警覺
，避免落入詐騙陷阱。專家建議，預防詐騙最關鍵的是「三不一要」：不點不明連結、不
提供個資、不急著回覆、要多查證。接到可疑訊息可撥打165反詐騙專線或直接聯繫官方
客服確認真偽。警方也呼籲，應加強親子溝通，提醒孩童和長輩謹慎使用手機與網路，避
免成為詐騙集團鎖定的目標。

--
Mr.
Raindrop, falling away from
me now.
/
/
∕︵︵︵︵︵︵︵﹨
Mr. Raindrop, falling away form me now.
/
/
◢██◣
∥
/     /
Do you know how much you mean to me, why must you leave?
⊙
⊙
∥
I'm just a flower on a tree, why must you leave?
◢
▆
/
/
Mr.
Raindrop, falling away from
me now.
--
※ 發信站: 批踢踢實業坊(ptt.cc), 來自: 36.227.152.178 (臺灣)
※ 文章網址:
https://www.ptt.cc/bbs/Bunco/M.1751532644.A.E99.html",ptt,Thu Jul  3 16:50:41 2025
[新聞] 字幕翻譯變投資操作？桃園女求職反被詐騙,https://www.ptt.cc/bbs/Bunco/M.1751444925.A.E69.html,"字幕翻譯變投資操作？桃園女求職反被詐騙利用 帳戶慘遭凍結
https://tyenews.com/2025/07/885898/
隨著社群媒體與通訊軟體普及，假求職詐騙手法層出不窮，詐騙集團常假冒知名企業或人
力銀行，在社群平台上張貼「高薪」、「低門檻」的工作資訊，吸引求職者應徵，進而誘
導提供個資、銀行帳戶，甚至寄出提款卡。不少民眾等到帳戶遭銀行警示或無法使用時，
才驚覺已成詐騙集團的人頭帳戶。

213478
隨著社群媒體與通訊軟體普及，假求職詐騙手法層出不窮。圖：刑事局提供
桃小巴
刑事局說明，桃園市近期一名張小姐就因在IG上看到號稱「Netflix字幕翻譯」的工作廣
告，點進連結後被引導加入一名「人事顧問」的LINE帳號。張小姐提供個資後，接著被轉
介至一個某個投資股份有限公司的LINE帳號，並由一名「組長」與其聯繫，教學工作內容
，細節為於指定時段操作app「GlobalStoneX」操作投資交易後，將成果填輸google表單
回報操作結果，每週結算發薪資。

刑事局接著提到，初期張小姐依指示操作並成功收到第一筆薪資，取得信任後便被邀請參
與一項「專案測試模組」，開始以自有資金進行投資。殊不知對方隨後便以操作錯誤需補
償損失為由，不斷要求提高投資金額，甚至引導其將新台幣兌換成虛擬貨幣泰達幣，並轉
入對方指定的電子錢包地址。詐騙過程中，對方甚至假借資金援助名義，再次索取銀行帳
戶，反覆操作後，該民眾最終發現帳戶遭銀行凍結，經報案才得知遭遇詐騙。詢問對方情
況後更被踢出原先加入的群組，求償無門。

刑事局提醒，求職時應留意，要求繳交「保證金」、「金融卡片及證件」等異常行為應立
即提高警覺；「在家賺錢」、「高報酬、低風險」、「網路打工」等用語常是詐騙陷阱；
應主動查證公司真實性，勿輕信社群廣告或陌生連結；務必與親友討論可疑求職訊息，避
免單獨應對。切勿貪圖不勞而獲的外快，不但可能損失財物，更可能導致自己成為詐騙集
團的共犯，若有任何疑問，可撥打110或165反詐騙諮詢專線查詢，以保護個人財務安全。

--
Mr.
Raindrop, falling away from
me now.
/
/
∕︵︵︵︵︵︵︵﹨
Mr. Raindrop, falling away form me now.
/
/
◢██◣
∥
/     /
Do you know how much you mean to me, why must you leave?
⊙
⊙
∥
I'm just a flower on a tree, why must you leave?
◢
▆
/
/
Mr.
Raindrop, falling away from
me now.
--
※ 發信站: 批踢踢實業坊(ptt.cc), 來自: 36.227.152.178 (臺灣)
※ 文章網址:
https://www.ptt.cc/bbs/Bunco/M.1751444925.A.E69.html",ptt,Wed Jul  2 16:28:41 2025
[新聞] 商務艙機票1萬元 旅遊達人曝詐騙手法,https://www.ptt.cc/bbs/Bunco/M.1751424297.A.5D6.html,"商務艙機票1萬元 旅遊達人曝詐騙手法
https://www.chinatimes.com/realtimenews/20250702001642-260405?chdtv
出國為了省錢，不少人會搶購早鳥便宜機票，但網路上有一種「機票詐騙」提供很便宜的
機票，甚至連商務艙都只要1萬元就買得到。旅遊達人蓋瑞哥提醒，這種詐騙專門在暑假
旺季割韭菜，他自己買機票只信任3個管道，分別是航空公司官網，知名大型訂票平台及
有實體店面、經營很久的旅行社，其他來路不明的粉絲專頁就算有很多網友互動，通常也
都是假帳號，不要輕易上當。

「蓋瑞哥 機票獵人」昨（1）日在臉書表示，暑假不只是旅遊旺季，同時也是機票詐騙的
熱門時段，不肖業者會冒用知名旅行社開一個假的粉絲專頁，大頭貼、封面照片全都直接
盜用，接著會以「獨家員工票」、「夏季清艙價」之類的名義販售很便宜的機票，連大航
空公司的商務艙都只要1萬元。


蓋瑞哥指出，這些假粉專甚至會買讚、買留言讓互動性變高，看起來就像真的一樣，但正
常商務艙價格短程線2至4萬元、長程線8至20萬元，只要低於市價3成就不太可能是真的。

蓋瑞哥也分享，其他像是只收匯款、不能刷卡，全程用LINE或臉書私訊，瘋狂催促、製造
焦慮感等，也都是詐騙的跡象，更重要的是純賣機票根本賺不到什麼錢，因此正規旅行社
主推的都是行程，如果看到專賣機票的頁面，通常就會是假的。

蓋瑞哥也說，他自己買機票只信任3個正規管道，第一是航空公司官網，第二是知名的大
型訂票平台，第三則是熟悉、有實體店面、經營很久的旅行社，「不要貪小便宜，就不會
被騙，記住你我通常都不是天選之人，乖乖查票，比較實在」。

--
Mr.
Raindrop, falling away from
me now.
/
/
∕︵︵︵︵︵︵︵﹨
Mr. Raindrop, falling away form me now.
/
/
◢██◣
∥
/     /
Do you know how much you mean to me, why must you leave?
⊙
⊙
∥
I'm just a flower on a tree, why must you leave?
◢
▆
/
/
Mr.
Raindrop, falling away from
me now.
--
※ 發信站: 批踢踢實業坊(ptt.cc), 來自: 36.227.152.178 (臺灣)
※ 文章網址:
https://www.ptt.cc/bbs/Bunco/M.1751424297.A.5D6.html",ptt,Wed Jul  2 10:44:55 2025
[新聞] 46組詐騙集團流竄全台　半年騙走200億,https://www.ptt.cc/bbs/Bunco/M.1751330885.A.D80.html,"46組詐騙集團流竄全台　半年騙走200億
https://news.tvbs.com.tw/local/2918028
新北市警察局「截電行動」成功瓦解46組詐騙集團，專案鎖定詐團核心「控房」運作，共
逮捕158名嫌犯，其中包含14名幫派背景分子。這些詐騙集團以假投資等手法行騙，至少
有2000多名被害人，總損失超過200億元。警方查扣上千萬元現金、200多支手機及911張
SIM卡，成功阻斷詐騙金流，保護民眾財產安全。詐團「控房」作為犯罪指揮中心，負責
調度車手與被害人面交，是詐騙產業鏈的關鍵環節。

新北市刑事警察大隊近期展開「截電行動」，針對詐騙集團的電信控房進行全面打擊。警
方在執行行動時，霹靂小組破門進入嫌犯藏身處，立即大喊「通通不准動」，將不配合的
嫌犯壓制在地。同時，專案小組在其他地點同步行動，甚至成功攔截準備將錢交給車手的
潛在被害人，救下他們的辛苦錢。

新北市警察局長廖訓誠表示，控房據點遍佈全台北中南東，此次行動共查獲46件控房，逮
捕158人詐欺集團成員，其中14名是幫派涉詐分子。新北市刑警大隊大隊長蕭瑞豪解釋，
控房負責聯繫被害人，告知他們會有人到府上或路邊收取現金，並提供收款人的外貌特徵
供辨識。

警方調查發現，詐騙集團的核心就是控房，負責同步指派車手與被害人碰面，並調度人手
避免黑吃黑。控房與機房分工細膩，一方面收購大量人頭電話卡用於話術行騙，另一方面
安排面交取贓款。這些詐團成員背景複雜，部分與竹聯幫明仁會、弘仁會有關，甚至有律
師涉案，顯示詐騙集團組織嚴密。

--
Mr.
Raindrop, falling away from
me now.
/
/
∕︵︵︵︵︵︵︵﹨
Mr. Raindrop, falling away form me now.
/
/
◢██◣
∥
/     /
Do you know how much you mean to me, why must you leave?
⊙
⊙
∥
I'm just a flower on a tree, why must you leave?
◢
▆
/
/
Mr.
Raindrop, falling away from
me now.
--
※ 發信站: 批踢踢實業坊(ptt.cc), 來自: 36.227.152.178 (臺灣)
※ 文章網址:
https://www.ptt.cc/bbs/Bunco/M.1751330885.A.D80.html",ptt,Tue Jul  1 08:48:03 2025
[新聞] 新北警破人頭SIM卡收購集團 售詐騙機房,https://www.ptt.cc/bbs/Bunco/M.1751266104.A.2D4.html,"新北警破人頭SIM卡收購集團 售詐騙機房生成LINE假帳戶
https://news.pts.org.tw/article/758566
新北市刑大破獲詐騙集團電信控房，嫌犯以每次3000元代價大量收購人頭SIM卡，再出售
給柬埔寨的詐騙集團，用來生成LINE假帳戶，再透過假投資手法誘騙被害人，甚至連招募
車手的話術也在行騙。警方從4月起展開專案行動，清查出超過2000人受害，財損高達109
億元。
霹靂小組搜索強勢破門攻堅，查獲的陳姓主嫌多次到柬埔寨學習，回台後從事詐騙犯罪。

涉案詐欺集團不但誘騙被害人，連車手招募也在騙，包裝成外送員職缺，如今更有不法組
織對車手祭出「忠誠度」考驗。

新北市刑大司法組組長方文村指出，「假扮假的被害人跟自己的收水成員，來讓這些新進
的車手取得贓款之後，來確認他們確實有把這些贓款交給收水，就是他們上游的成員。」

刑警車內埋伏，發現食物以「夾娃娃」方式吊掛到不法據點，詐騙集團不僅防車手黑吃黑
，也怕行蹤曝光，因此躲在據點不外出，以防被警方盯上，如今還是被查緝。

新北市刑大大隊長蕭瑞豪表示，「這個集團是以每次3000塊的代價收購人頭SIM卡之後，
再以6000塊到8000塊不等的代價，售予在國內以及境外這些柬埔寨或是緬甸的機房，作為
詐騙聯絡的門號。」

新北市警方從今（2025）年4月起展開專案行動，除了抓獲超過150名嫌犯，也清查到2600
多名被害人受騙假投資等詐騙，財產總損失高達109億元。

新北市警局長廖訓誠說明，「『截電行動』的專案主要對象，包括電話卡商、詐欺機房、
詐欺的控房，以及掮客和控車，還有面交的車手。」

就怕有更多人受害，員警也從通聯紀錄逐一致電詢問，找出潛在被害人有255名。警方提
醒，現在假投資詐騙在面交前更會贈送烏魚子等高級禮盒，降低民眾戒心。

洪詩宸/編輯

--
Mr.
Raindrop, falling away from
me now.
/
/
∕︵︵︵︵︵︵︵﹨
Mr. Raindrop, falling away form me now.
/
/
◢██◣
∥
/     /
Do you know how much you mean to me, why must you leave?
⊙
⊙
∥
I'm just a flower on a tree, why must you leave?
◢
▆
/
/
Mr.
Raindrop, falling away from
me now.
--
※ 發信站: 批踢踢實業坊(ptt.cc), 來自: 36.227.152.178 (臺灣)
※ 文章網址:
https://www.ptt.cc/bbs/Bunco/M.1751266104.A.2D4.html",ptt,Mon Jun 30 14:48:21 2025
[新聞] 暑假親子免費體驗活動廣告？引至LINE詐騙,https://www.ptt.cc/bbs/Bunco/M.1751242895.A.4C9.html,"暑假親子免費體驗活動廣告？點擊瞭解？家長當心！導向LINE社群陷阱
https://reurl.cc/gRg8Np
MyGoPen
2025年6月30日 週一 上午7:27
暑假來了，家長們是否也在尋找親子活動、遊樂園體驗？近期民眾回報，在社群平台貼文
或限時動態，看到親子體驗活動廣告投放，被要求加入不明 LINE 帳號並填寫個資來報名
，甚至誘導加入詐騙社群，最後竟是騙取個資、甚至是投資陷阱的開端！警方提醒民眾務
必提高警覺，檢查主辦單位是否有合法官網、聯絡資訊。



暑假免費親子活動體驗的詐騙

原始謠傳版本：

【親子海陸遊樂園】歡笑一夏！
超大充氣城堡、射擊遊戲、兒童戲水池，全都免費體驗！
「點擊瞭解詳情」即可線上報名！


主要在社群平台看到這樣的廣告投放：



點選後會要求你填寫個資以及加入不明 LINE 帳號。



防詐查證解釋：


偽冒的活動體驗怎麼騙你加入？

民眾透過限動、社群影片、社群廣告投放貼文...等方式，加入引導的 LINE 帳號後，後
續看似單純的報名，實際上卻開始要求輸入詳細個人資料，包括家長姓名、年齡、手機號
碼、小朋友年齡、住址等個資。

接著更要求加入「助教」的 LINE 帳號，聲稱可安排更多體驗與活動，或是要求你再加入
另外的不明 LINE 社群（LINE OpenChat），並等待審核通過。




活動體驗詐騙套路已行之有年

這類「假活動真詐騙」的詐術並不新鮮，MyGoPen 也有發表過相關防詐宣導資訊，甚至有
類似寒假冬令營的詐騙版本。過去刑事局曾多次提醒，詐騙集團會以免費報名、限量名額
吸引點擊，再藉由加入不明 LINE 帳號、LINE 社群，透過「助教」或「客服」進行話術
引導，最終將你帶入投資代操、虛擬貨幣投資圈套。



部分正規單位的形象設計與社群影片遭到詐騙集團盜用，舉例來說，以此網傳冒名的案例
，經過 MyGoPen 實際求證，這並非相關單位舉辦的體驗營活動廣告，也不是他們的官方
資訊。官方的粉絲專頁也發佈貼文提醒，接獲民眾通知遭到仿冒，並請大家慎防不實資訊
。






過去更有部分民眾因為放心提供了小孩資訊與住家位置，後續接到假冒課程推銷、投資機
會的狀況。


看到這類親子活動廣告該如何確認？

請特別注意這些徵兆：

1. 以免費報名為誘因，但要求加入陌生 LINE 帳號或群組
正規單位不會私訊邀請你加助教帳號報名，也不會透過社群報名表格取得你的個資。

2. 要求輸入個資包括：姓名、手機、居住地、子女年齡等
詐騙集團往往先蒐集這些資料，用於後續詐騙、行銷或騷擾。

3. 接著引導加入其他社群、推廣投資機會或代操平台
若對方開始推銷投資、操作簡單、保證獲利，絕對是詐騙！

以此案例先簡單檢視 Facebook 上的「粉絲專頁資訊透明度」，除了沒有「藍勾勾」或貼
文短少之外，另外可以發現該詐騙粉專是近期才成立的、換了很不一樣的粉專名稱或是不
明的管理者，這些都是高風險的樣貌。



目前有多個案例也是用類似的手法，並且持續進行社群廣告投放。



MyGoPen 實際詢問刑事警察局，刑事局預防科科長林書立指出，暑假即將到來，許多家長
開始規劃親子出遊活動，但吸引人的網路廣告，卻成為詐欺集團騙取個資、帳號與報名費
的空頭陷阱！

林書立科長說明，假親子活動系盜用他人公司行號、要求報名騙取個資或因銀行帳號，提
供虛擬帳號邀請匯款，假借親子活動報名，就是為了降低家長的戒心！

科長表示，請家長們參加親子課程及活動，一定要留意群組人數及粉絲數數量與網友評價
！報名親子活動一定要仔細確認真偽，千萬不要迫於名額有限，急著報名匯款，成為被騙
目標。


保護自己！防詐 5 要點


1. 要查證活動真偽：
檢查主辦單位是否有合法官網、聯絡資訊，勿輕信社群廣告內容。

2. 要保護個人與家庭成員資訊：
不隨便填寫報名表，不輕易提供孩子年齡、學校、住家等隱私。

3. 要拒絕加入陌生人 LINE、社群帳號：
詐騙話術從這裡開始，加入後往往被進一步引導消費或投資。

4. 不要輕信免費活動或限時優惠的宣傳話術：
免費不是詐騙的保證，反而是常見的開場話術，真的沒這麼多好康。

5. 有疑問就撥打 165 反詐騙專線求證：
若真的不知道，或者覺得自己好像上當了，務必主動聯繫 165 反詐騙專線查證，降低受
騙風險。

暑假是親子出遊旺季，但也是詐騙集團針對家長與孩童發動攻勢的高峰期。免費的背後，
可能是一連串的詐騙流程，甚至威脅你與孩子的安全與財產，務必提高警覺。

--
Mr.
Raindrop, falling away from
me now.
/
/
∕︵︵︵︵︵︵︵﹨
Mr. Raindrop, falling away form me now.
/
/
◢██◣
∥
/     /
Do you know how much you mean to me, why must you leave?
⊙
⊙
∥
I'm just a flower on a tree, why must you leave?
◢
▆
/
/
Mr.
Raindrop, falling away from
me now.
--
※ 發信站: 批踢踢實業坊(ptt.cc), 來自: 36.227.152.178 (臺灣)
※ 文章網址:
https://www.ptt.cc/bbs/Bunco/M.1751242895.A.4C9.html",ptt,Mon Jun 30 08:21:31 2025
[新聞] 一週19億蒸發！最新詐騙手法曝 樓下鄰居,https://www.ptt.cc/bbs/Bunco/M.1751226114.A.CFF.html,"一週19億蒸發！最新詐騙手法曝 「樓下鄰居」漏水簡訊也能騙
https://reurl.cc/DqN6GQ
▲警方揭露最新詐騙手法，竟然是樓下鄰居通知漏水簡訊。(圖／PIXABAY)

台灣詐騙猖獗，近一週（6/22–6/28）共接獲3,727件詐騙案，財損高達新台幣19.28億元
，平均每日超過2,700萬元「蒸發」。內政部警政署「打詐儀表板」最新數據顯示，「假
投資詐騙」仍是大宗，一週708件騙走逾10億元、遠超過網購或交友詐騙所造成的損失。

假投資詐騙為主戰場　民眾勿輕信陌生消息邀投資

從數據來看，受害者多為中年或退休族群，警方分享最近一個案例，一名受害者於6月2日
在LINE收到陌生訊息，對方聲稱是住在樓下的鄰居，懷疑受害者家中浴室漏水，從管委會
群組取得聯繫方式，兩人聊過後，隔天對方刻意傳來一張獲利40萬的對帳單，再把訊息收
回，引誘受害者有興趣加入投資，最終受騙。

警方分析，此類詐騙手法屬於「一步步引導」（bottle-neck）策略，透過社群可信感切
入，再以「內部高報酬示例」引誘投資，最後誘使受害者投入大量款項。刑事局已與LINE
合作，關閉逾73,000個假投資帳號，扣留45,000個高風險號碼，以阻斷犯罪集團的運作鏈
條。


警方呼籲：聲稱「保證獲利」都別信

面對假投資詐騙，警政署提醒民眾注意3個關鍵：一旦出現「保證獲利」、「專業代操」
等說法，七成以上即屬詐騙；若陌生人邀聊投資或請加入LINE散播，也務必提高警覺；投
資需透過合法管道與網站，並做好自身研究，勿輕易將資金交付陌生人。 建議民眾發現
可疑，應主動撥打「165防詐專線」諮詢，或撥110報警求助。

資安策略升級　政府祭AI與跨境監控反擊詐騙集團

政府近年除與LINE、電信公司共建監控系統，落實《詐欺防制條例》規範，去年通過新版
「次世代打詐策略2.0」，首度導入AI監控機制，擴大跨境合作，提升詐騙預警能力 。

面對詐騙案件屢創新高，警方提醒民眾勿再輕信來路不明的「高回報」。若接獲陌生訊息
邀投資，別衝動點擊連結，更不要急著轉帳。不論是網購、交友或投資詐騙，遇到金錢交
易高報酬誘因，都應三思後行，及時透過165專線或LINE官方通報詐騙帳號，保護個人財
產安全。

--
Mr.
Raindrop, falling away from
me now.
/
/
∕︵︵︵︵︵︵︵﹨
Mr. Raindrop, falling away form me now.
/
/
◢██◣
∥
/     /
Do you know how much you mean to me, why must you leave?
⊙
⊙
∥
I'm just a flower on a tree, why must you leave?
◢
▆
/
/
Mr.
Raindrop, falling away from
me now.
--
※ 發信站: 批踢踢實業坊(ptt.cc), 來自: 36.227.152.178 (臺灣)
※ 文章網址:
https://www.ptt.cc/bbs/Bunco/M.1751226114.A.CFF.html",ptt,Mon Jun 30 03:41:50 2025
[新聞] 立陶宛現深偽假新聞 專家示警歐洲防跨國詐騙,https://www.ptt.cc/bbs/Bunco/M.1751204432.A.287.html,"立陶宛現深偽假新聞 專家示警歐洲防跨國詐騙

2025/6/29 16:09

（中央社記者游堯茹維爾紐斯29日專電）立陶宛近日出現一系列以人工智慧深偽技術製作
的假新聞影片，內容冒用政治人物與醫師名義，宣稱疫苗有害、推銷健康產品。立陶宛政
府表示，這波高品質假訊息攻擊疑為跨國詐騙行動的一部分，已擴散至歐洲多國。

根據立陶宛國家廣播電台（LRT）報導，這些利用人工智慧（AI）生成的影片經由社群平
台臉書傳播，仿效當地新聞節目形式，歐洲議會議員、前立陶宛衛生部長韋瑞佳（
Aurelijus Veryga）也是受害人之一。

深偽影片中的韋瑞佳聲稱「2025年還隨便使用眼藥水就是無知」，推銷眼部保健產品。另
一支影片則偽造一位當地知名醫生質疑疫苗安全性，並推薦某藥品。

立陶宛事實查核組織Debunk.org負責人道克夏斯（Viktoras Dauks）表示，研究團隊
目前已發現至少20部深偽影片，均已遭封鎖。他表示，這類高品質深偽技術在當地前所未
見，影片使用社群平台上公開取得的名人影像素材，經AI合成後幾可亂真。

道克夏斯指出，這些影片以疫苗危害等聳動標題吸引注意，透過反疫苗社群擴散，再導流
至詐騙網站進行金錢詐取，受害人數眾多。他估計，此波假訊息已觸及歐盟約15國，可能
有數十萬人觀看。

立陶宛資安公司Surfshark主管史塔穆利斯（Tomas Stamulis）表示，過去製作此類假影
片需仰賴設計師與工程團隊，如今只需少量樣本與AI工具便可生成極具真實感的內容，AI
對立陶宛語掌握也快速提升。

史塔穆利斯提醒，過去透過檢視影片中人物耳朵或手指是否異常、判斷是否為深偽影像的
方式如今已不再可靠。他建議，民眾應提高媒體識讀能力，判斷資訊來源是否為官方網站
，並留意影片中的剪接或音訊異常等細節。

對此，立陶宛國家危機管理中心警告，這波行動代表詐騙手法進入新階段，並批評社群平
台未積極因應。該中心表示曾與臉書波羅的海區代表聯繫，對方承諾強化內容審查，但目
前成效有限。

專家們指出，許多犯罪集團來自俄羅斯等不與立陶宛當局合作的國家，或是如烏克蘭這樣
戰事仍在持續、調查困難的地區，導致執法難度提高，因此呼籲歐洲各國必須加強跨境合
作。（編輯：唐聲揚）1140629


新聞出處:中央通訊社
https://www.cna.com.tw/news/aopl/202506290128.aspx
--
※ 發信站: 批踢踢實業坊(ptt.cc), 來自: 118.166.0.209 (臺灣)
※ 文章網址:
https://www.ptt.cc/bbs/Bunco/M.1751204432.A.287.html",ptt,Sun Jun 29 21:40:29 2025
[新聞] 揭露IG廣告詐騙手法　出租電商帳號恐遭罰,https://www.ptt.cc/bbs/Bunco/M.1751200285.A.31E.html,"揭露IG廣告詐騙手法　出租電商帳號分潤恐揹多罪
https://www.ettoday.net/news/20250629/2987069.htm
記者張君豪／台北報導

近來包含Instagram等社群平台充斥「每月輕鬆領1500元」廣告啟示，詐騙集團招攬民眾
出租個人蝦皮等購物網站帳號。刑事局指出，這類行為不僅恐涉及協助詐騙、洗錢，倘若
不肖業者租用民眾帳號販賣仿冒品，或利用帳號進行第三方交易，民眾可能觸犯《稅捐稽
徵法》幫助逃漏稅，以及違反《著作權法》等多項刑責，民眾一旦出租帳號，恐成為詐騙
集團共犯，後果嚴重。

刑事局調查，近期發現Instagram等社群平台大量出現不明業者張貼「出租電商帳號換被
動收入」的廣告，強調只需提供購物平台帳號，即可每月領取收益，甚至拿出合法證明博
取信任。許多民眾信以為真，將個人帳號出租，卻在事後收到警方傳喚通知，才驚覺帳號
遭不法集團用於假網拍詐騙、洗錢等犯罪。

警方指出，這些詐騙集團常透過租來的帳號進行虛假交易，利用一般消費者的信任，收款
後不出貨或以盜版仿品充當正品販售，除涉及詐欺與洗錢，也可能觸犯《著作權法》等相
關法律。刑事局近期已查獲數百件類似案件，並陸續通知帳號出租者說明，部分業者及涉
案帳號持有民眾均被移送法辦。

刑事局提醒，依《洗錢防制法》21、22條規定，提供或收集帳戶供他人犯罪使用，可處有
期徒刑及高額罰金，民眾也違反電商平台服務條款、甚至違反稅捐稽徵法，絕非所謂「被
動收入」這麼單純。警方呼籲民眾切勿因小利而將購物帳號出租給他人使用，如發現類似
可疑招募行為，應撥打165反詐騙專線通報，守護網路交易安全，防堵詐騙犯罪擴散。

--
Mr.
Raindrop, falling away from
me now.
/
/
∕︵︵︵︵︵︵︵﹨
Mr. Raindrop, falling away form me now.
/
/
◢██◣
∥
/     /
Do you know how much you mean to me, why must you leave?
⊙
⊙
∥
I'm just a flower on a tree, why must you leave?
◢
▆
/
/
Mr.
Raindrop, falling away from
me now.
--
※ 發信站: 批踢踢實業坊(ptt.cc), 來自: 36.227.152.178 (臺灣)
※ 文章網址:
https://www.ptt.cc/bbs/Bunco/M.1751200285.A.31E.html",ptt,Sun Jun 29 20:31:22 2025
[新聞] 不讓詐騙伸手　新化地政宣導防詐三寶,https://www.ptt.cc/bbs/Bunco/M.1751103213.A.C78.html,"不讓詐騙伸手　新化地政宣導防詐三寶
https://today.line.me/tw/v2/article/rmw6BQQ
依據內政部警政署統計，臺南市5月詐騙案件受理數從4月的1,232件增加到1,299件，為六
都增加最多。為合力協助民眾守護財產安全，新化地政事務所28日結合轄區內新市白蓮霧
節─「閃耀綠寶石傳說」產業文化活動設攤宣導，本次宣導主軸「防詐三寶」—地籍異動
即時通、住址隱匿、指定送達處所，以及推廣電子產權憑證、地籍存摺等地政服務，現場
提供地籍異動即時通申辦服務，並設計轉轉圓盤活動與民眾互動，加深民眾的不動產防詐
觀念，提高地政便民服務的能見度。

新化地政指出，本（6）月陸續接獲2件轄內派出所通報不動產詐騙案件管制作業，其中1
件已是本所第2起「假檢警詐騙」事件，當事人接獲假冒戶政事務所人員來電，謊稱有人
拿其證件向戶政事務所申辦戶籍謄本，進而由假警察電話聯繫，再以通信軟體LINE告知當
事人涉及刑事案件需代管財產，當事人依照其指示辦理不動產抵押權及面交款項等損失千
萬餘元；另1起則是「假交友（投資詐財）詐騙」事件，當事人先在通信軟體Messenger接
獲交友訊息，相談甚歡後被慫恿至直播平台購買珠寶投資，惟該平台無法以新臺幣交易，
遂依指示購買虛擬貨幣並面交，後續當事人因獲利了結想辦理出金時，始發現平台已關閉
，對方失聯才驚覺受騙，期間亦辦理不動產抵押權設定及動產質押等損失近2千萬元。

地政局長陳淑美指出，涉及不動產設定抵押權是目前詐騙財損金額最高的手法之一，應特
別提高警覺，倘有任何疑慮，應停下腳步仔細查證。目前登記機關針對詐騙高風險案件及
高風險族群提供地政關懷提問措施，呼籲民眾辦理抵押權設定登記案件時，面對地所同仁
關心詢問，務必謹慎思考辦理需求目的是否合理，且要據實回答，登記機關才能協助判斷
有無落入詐騙陷阱，共同守護不動產財產安全。

新化地政主任陳聖智提醒，接到任何自稱公務機關的來電，隨時保持警覺心，多方求證，
可以用主動聯繫機關之方式來確認對方身分跟事由，遇有可疑情事，隨時撥打「165反詐
騙專線」及「110報案專線」，才能有效阻絕詐騙。同時提醒，地政「防詐三寶」之服務
，其中「地籍異動即時通」可以讓產權有任何變動時，自己及信任之親友即時收到通知，
「住址隱匿」可保障登記謄本個資隱私，「指定送達處所」則是確保未實際居住於戶籍地
之所有權人能收受登記機關重要公文之通知，多一分注意，就能為自己的不動產加多上一
道安心鎖。

--
Mr.
Raindrop, falling away from
me now.
/
/
∕︵︵︵︵︵︵︵﹨
Mr. Raindrop, falling away form me now.
/
/
◢██◣
∥
/     /
Do you know how much you mean to me, why must you leave?
⊙
⊙
∥
I'm just a flower on a tree, why must you leave?
◢
▆
/
/
Mr.
Raindrop, falling away from
me now.
--
※ 發信站: 批踢踢實業坊(ptt.cc), 來自: 36.227.152.178 (臺灣)
※ 文章網址:
https://www.ptt.cc/bbs/Bunco/M.1751103213.A.C78.html",ptt,Sat Jun 28 17:33:30 2025
[新聞] 「要命」感情詐騙！烏克蘭士兵與網戀女約見面　險遭炸死,https://www.ptt.cc/bbs/Bunco/M.1751093227.A.74E.html,"「要命」感情詐騙！烏克蘭士兵與網戀女約見面　險遭炸死

編輯 廖國安 報導
發佈時間：2025/06/27 16:55
最後更新時間：2025/06/27 16:55
https://cc.tvbs.com.tw/img/upload/2025/06/27/20250627165225-fcd4a407.jpg
烏克蘭士兵險遭炸死。（圖／翻攝自 X @aborealis940）

烏克蘭一名士兵近期透過交友軟體認識一名女子，兩人相談甚歡相約見面，不料當士兵赴
約出現後，女子先請他到機車上拿東西，隨後就發生爆炸，所幸該士兵當下就察覺有異，
即時退開才沒釀傷亡。對此，烏克蘭警方也決定調查是否為俄方主導。

據《基輔郵報》報導，烏克蘭安全局說明，有嫌犯在基輔租屋並在機車內安裝，以硝石為
原料的土製炸彈於置物箱內，並將車輛停放於預定地點。透過通訊軟體佯裝約會設局，誘
使烏克蘭士兵前來見面，當士兵靠近時嫌犯遠端引爆炸彈，所幸該士兵提前察覺異狀及時
後退，無人傷亡。
https://reurl.cc/nmWglv
事件起初是烏克蘭亞速旅一名士兵，經過聊天軟體認識一名女孩，21日對方邀請到她家，
接她出門約會，結果士兵一到達約定地點後，女子稱要回家補妝，請他先到機車上拿東西
，這時該士兵察覺有異，並立即後退，機車上的炸彈也剛好爆炸，所幸士兵沒受傷，這起
事件直到25日才被公開。

嫌犯未能得逞後，該女子也消失聯繫不上。有鑑於日前才發生烏克蘭士兵網購機車，結果
因內部遭安裝炸彈，釀1死1重傷的案件，對此，烏克蘭警方也針對近期連續機車炸彈案成
立專案小組，積極調查是否涉及俄方主導。


新聞出處:TVBS新聞網
https://news.tvbs.com.tw/world/2915863
--
※ 發信站: 批踢踢實業坊(ptt.cc), 來自: 118.166.0.209 (臺灣)
※ 文章網址:
https://www.ptt.cc/bbs/Bunco/M.1751093227.A.74E.html",ptt,Sat Jun 28 14:47:03 2025
[新聞] 聽到這些關鍵字極可能是詐騙 識破詐團5招,https://www.ptt.cc/bbs/Bunco/M.1751073145.A.1DB.html,"聽到這些關鍵字「極可能是詐騙」 詐團愛用五情境
https://www.worldjournal.com/wj/story/121617/8834381
任何人都有可能被詐騙，但聯邦調查局（FBI）近期報告顯示，長者最容易成為目標，去
年長者族群因為詐騙而損失的總金額高達50億元。詐騙集團選擇年長者作為目標，不一定
是認為對方愚笨，而是認定對方很有錢。長者遭騙的新聞不斷發生，專家提出五個判斷自
己是否正成為詐團目標的警訊，也分享當下建議採取的行動。


哈芬登郵報（Huffpost）報導，以販售孩童簽帳卡為主，近期推出家庭財務安全控管程式
的Greenlight創辦人西恩（Tim Sheehan）說，全國幾乎半數的財富都集中在老年人手中
，因此讓他們成為金融剝削的目標。


位於芝加哥的長者照護顧問洛韋德（Joy Loverde）說，有些歹徒擅於在電話上演戲，聽
起來就像政府機關人員或零售商店員；歹徒期待受害者信以為真後，按照安排好的劇本一
同演出。幸好這類詐騙並非無跡可尋，以下是5個可能遇到詐騙的警訊。



1. 感到驚慌失措

大部分詐騙會讓受害者感到慌張。試想經典的「祖父母詐騙」，電話中對方聲稱受害者的
孫子女現在在監獄裡，需要一大筆保釋金，否則就會被壯碩的獄友毆打。位於阿肯色州、
提供企業電話品牌識別服務的First Orion執行長漢布程（Scott Hambuchen）說，詐騙份
子靠著讓受害者驚慌失措而得逞，如果對方要求立即行動，不論是付罰金、認證身分、或
搶救親人，最好先停下來想一想。


感到恐慌正中詐騙份子下懷。洛韋德說，沒有人能在那種情境下意識到這是詐騙。她總是
聽到詐騙受害者說，自己直到一小時後或是掛斷電話才發覺上當。感到慌張時，最好的辦
法是試著脫離緊張的局面，給自己一些思考空間，這對詐騙份子而言是最壞的結果。如果
對方不給思考的機會，應該提高警戒。



2. 有需要立即下決定的壓力

與前述狀況不盡相同，有時候是因為興奮，而感到需要馬上做出決定的壓力。例如，在網
路上販售假貨，詐騙受害者信用卡資訊的釣魚網站；或是說服受害者遇上千載難逢的投資
機會。不論是何種情境，漢布程說，對方採施壓策略是一大警訊，務必先掛斷電話，獨立
查證真偽。


西恩說，詐騙份子常常創造緊急、讓人害怕的情境，讓長者感到孤立、有壓力，故意使人
放棄理性思考，難以做出審慎的財務決策。如果覺得自己不馬上行動就完蛋了，這是一大
警訊。



3. 正在跟不認識的人對話，但對方讓人放下心防

許多詐騙份子會盡其所能讓受害者相信對方。大多數的戀愛詐騙涉及歹徒透過電子郵件或
文字訊息、電話、甚至視訊通話，與受害者建立感情，讓人心甘情願地支付1萬元，供對
方處理母親的後事，或是任何編造出的悲傷故事。洛韋德說，詐騙集團很擅長讓受害者感
到安心，讓人認為值得信賴。


不僅是孩童需要提防陌生人，成人也是如此，現在的歹徒不再是開著廂型車悄悄接近然後
給你糖吃，而是躲在螢幕後傳送簡訊或電子郵件給你。漢布程說，合法企業不會透過電話
詢問社會安全碼、信用卡資訊或登入憑證，應避免分享敏感資訊。


不過有些歹徒不會要求提供敏感資訊。數月前，一位新墨西哥州的67歲婦人收到自稱是蘋
果公司的訊息，表示她的帳戶被盜用，歹徒並未詢問任何個人資訊，而是要求婦人將帳戶
存款轉至提供的加密貨幣帳戶，結果導致該婦人被騙光積蓄。漢布程說，可以要求對方留
下語音訊息，因為許多詐騙份子不會這麼做，這個習慣能大幅降低遭到電話詐騙的機率。



4. 對方自稱是權威人士

這是常見的詐騙情境，畢竟歹徒需要充分的理由讓人願意把錢交給陌生人，因此「警察」
會對受害者聲稱他的孩子正在監獄裡，要求支付保釋金；或是「律師」打給移民，聲稱只
要支付實際費用，就能幫助他們成為公民。


2023年，一位馬里蘭州的退休長者波文（Judith Boivin）被詐騙集團冒充的聯邦調查局
所欺，相信自己在協助調查非法藥品走私，結果失去50多萬退休積蓄。


雖然偶爾確實會有警方或聯邦調查局探員打給民眾的情形，但如果正在透過電話或電子郵
件與素未謀面的人交談，而且是對方主動發起通話，最好不要相信對方的言詞。洛韋德說
，許多遇到詐騙的長者可能沒有良好的支持系統。家人應該提醒長者，如果收到可疑的電
話或郵件，應該掛斷通話並告知親友。



5. 對方要求以不常見的方式付款

西恩說，雖然有些合法機構偶爾會要求以電匯等少見方式匯款，但這種情況十分少見。詐
騙份子偏好以禮物卡、電匯、P2P轉帳與加密貨幣等不常見的方式收款，因為這些管道難
以追查或申請退費。


西恩說，他的岳父有次就差點落入詐騙陷阱。因為不小心在電腦上安裝詐騙軟體，螢幕上
跳出需要技術支援的訊息，點擊連結後，詐騙份子假扮成技術人員遠端安裝軟體，竊取裝
置與銀行資料，然後要求他付款，並反覆強調只接受禮物卡。這讓他的岳父停下來打給西
恩確認，而後者告訴他不要支付費用。這件事讓他的岳父必須重新申請銀行帳戶，並更改
大量財務資訊以保護自己。


許多人在被詐騙之前，都會想到如果現在不馬上清空銀行帳戶，會導致什麼最壞的後果，
但實際上真正應該思考的是，如果真的清空銀行帳戶，最糟的結果會是什麼。

--
Mr.
Raindrop, falling away from
me now.
/
/
∕︵︵︵︵︵︵︵﹨
Mr. Raindrop, falling away form me now.
/
/
◢██◣
∥
/     /
Do you know how much you mean to me, why must you leave?
⊙
⊙
∥
I'm just a flower on a tree, why must you leave?
◢
▆
/
/
Mr.
Raindrop, falling away from
me now.
--
※ 發信站: 批踢踢實業坊(ptt.cc), 來自: 36.227.152.178 (臺灣)
※ 文章網址:
https://www.ptt.cc/bbs/Bunco/M.1751073145.A.1DB.html",ptt,Sat Jun 28 09:12:22 2025
[新聞] 假幣商勾結彩券行詐騙洗錢 警政聯手瓦解,https://www.ptt.cc/bbs/Bunco/M.1751058927.A.F86.html,"假幣商勾結彩券行詐騙洗錢 警政聯手瓦解千萬騙局
https://n.yam.com/Article/20250627582960
【很角色時報記者李佳龍／高雄報導】高雄檢警聯手出擊，成功偵破假幣商利用彩券行進
行詐騙洗錢的犯罪集團。此集團假冒投資平台「BitVenus」，透過網路交友博取被害人信
任，誘騙其投資黃金現貨，再指示被害人向假幣商購買泰達幣。當被害人欲出金時，便被
客服以各種不合理名目要求補繳費用，始驚覺受騙。此案總計有22名被害人，遭詐金額高
達新臺幣4千萬元。警方歷經數月追查，陸續逮捕黃姓主嫌等15人，並查扣大批不法所得
與贓證物。

警方分析165反詐騙資料庫，鎖定「BitVenus」投資平台涉嫌多起詐騙案件，隨即報請高
雄地檢署指揮偵辦。調查發現，詐騙集團成員活躍於各大交友網站，先以甜言蜜語取得被
害人信任，再分享投資黃金現貨的成功經驗，誘使被害人開設「BitVenus」帳號。由於該
平台規定須使用泰達幣交易，被害人便在集團指示下，將現金交付給假幣商換取泰達幣。
然而，當被害人獲利準備提領時，卻被客服要求繳交各種不合理費用，才意識到自己落入
詐騙陷阱。

專案小組歷經數月蒐證，於113年11月26日執行第一波查緝行動，逮捕數位科技公司負責
人黃姓主嫌等7人，查扣現金34萬元、泰達幣36萬4,760顆、手機及電腦等證物。深入追查
發現，黃姓主嫌透過特定投注站進行不法洗錢，並指派車手將現金存入彩券行。警方於
114年3月12日執行第二波搜索，再逮捕陳姓嫌犯等8人，查扣現金336萬元、面額138萬元
的刮刮樂一批及其他贓證物。全案依詐欺、洗錢防制法及組織犯罪防制條例等罪嫌，移送
高雄地檢署偵辦。

假幣商將詐騙所得透過彩券行進行洗錢，揭露不法金流管道。(記者李佳龍／翻攝)

警方深入追查「BitVenus」詐騙平台，刑事局針對該平台相關資訊進行分析，循線偵辦假
幣商詐騙洗錢案。(記者李佳龍／翻攝)

警方查獲詐騙集團大批贓證物，包括現金、多部手機、名牌包等。(記者李佳龍／翻攝)

詐騙集團利用交友網站博取被害人信任，誘騙至「BitVenus」平台投資。(記者李佳龍／
翻攝)

--
Mr.
Raindrop, falling away from
me now.
/
/
∕︵︵︵︵︵︵︵﹨
Mr. Raindrop, falling away form me now.
/
/
◢██◣
∥
/     /
Do you know how much you mean to me, why must you leave?
⊙
⊙
∥
I'm just a flower on a tree, why must you leave?
◢
▆
/
/
Mr.
Raindrop, falling away from
me now.
--
※ 發信站: 批踢踢實業坊(ptt.cc), 來自: 36.227.148.48 (臺灣)
※ 文章網址:
https://www.ptt.cc/bbs/Bunco/M.1751058927.A.F86.html",ptt,Sat Jun 28 05:15:23 2025
[新聞] 苗栗警識破虛擬幣詐騙 當場逮捕假幣商車,https://www.ptt.cc/bbs/Bunco/M.1750974638.A.1D2.html,"苗栗警識破虛擬幣詐騙 當場逮捕假幣商車手查扣百萬現金
https://news.owlting.com/articles/1056311
報新聞 / 編輯部

苗栗警察分局日前執行潛在被害人查訪時，在公館鄉館東村得知李民 (35 歲) 與假幣商
約定購買虛擬貨幣之交易，公館分駐所員警分工埋伏，當場查獲前往交易的越南籍鄧姓 (
女，34 歲) 假幣商取款車手，查扣手機 1 台及新臺幣 100 萬元等證物，訊後依詐欺及
洗錢防制法等罪嫌，移送臺灣苗栗地方檢察署偵辦，經法院裁定新臺幣 2 萬元交保並限
制住居。

據了解，李民 5 月份透過臉書社群平台，經網友慫恿前往投資網站，以美金儲蓄之名義
進行投資，並教導被害人下載 OKX 電子錢包，指示其向幣商面交現金購買 USDT、USDC
等虛擬貨幣，再將虛擬貨幣匯入詐欺集團指定之電子錢包內，李民先後透過銀行匯款及面
交等方式，已投入新臺幣 300 餘萬元。詐欺集團食髓知味，23 日再以李民儲蓄額度不足
為由，誘導被害人與鄧嫌假幣商約定交付新臺幣 100 萬元購買 USDT 進行儲值，公館所
員警獲報後，立即指導被害人假意配合交易，同時佈署警力埋伏，當場查獲前來取款的假
幣商車手。

苗栗警分局藉此呼籲，不論是股票、基金申購、虛擬貨幣交易等投資方式，一定要謹慎、
小心，投資前與有投資經驗之親友、相關金融從業人員諮詢、請益，最重要的是應慎選政
府立案、合法之交易管道，標榜「穩賺不賠、短期獲利」的投資都是詐騙！

--
Mr.
Raindrop, falling away from
me now.
/
/
∕︵︵︵︵︵︵︵﹨
Mr. Raindrop, falling away form me now.
/
/
◢██◣
∥
/     /
Do you know how much you mean to me, why must you leave?
⊙
⊙
∥
I'm just a flower on a tree, why must you leave?
◢
▆
/
/
Mr.
Raindrop, falling away from
me now.
--
※ 發信站: 批踢踢實業坊(ptt.cc), 來自: 36.227.148.48 (臺灣)
※ 文章網址:
https://www.ptt.cc/bbs/Bunco/M.1750974638.A.1D2.html",ptt,Fri Jun 27 05:50:34 2025
[新聞] 嘉市警二分局打詐雙響砲　查獲3條通詐騙,https://www.ptt.cc/bbs/Bunco/M.1750946317.A.A7F.html,"嘉市警二分局打詐雙響砲　查獲3條通詐騙車手
https://newstaiwan.net/2025/06/26/330726/
【記者 吳瑞興／嘉義市 報導】嘉義市政府警察局第二分局新南所日前分析線報得知，1
名詐欺案被害人因求職遭詐騙而寄出的提款卡包裹，將於本市某超商門市被領取，警方隨
即派員埋伏查緝，順利成功查獲前來取件的蔡姓犯嫌，並當場查扣行動電話、金融卡及信
用卡數張，另經警方進一步查證，發現該名犯嫌同時也是嘉義、臺南地檢署以及臺南地方
法院3司法單位所發布的毒品通緝犯。全案依違反刑法詐欺罪、洗錢防制法等罪嫌移送嘉
義地檢署偵辦。

詐騙集團常利用民眾上網瀏覽投資相關新聞或影片時，進而點擊連結誤入假投資群組，提
醒民眾慎防「假投資」、「網路購物」、「假檢警」、「猜猜我是誰」等六大常見詐騙手
法，並善用警政署「打詐儀表板」查詢最新案例。暑期也是求職旺季，應特別留意誇大報
酬的求職廣告，避免陷入詐騙陷阱。若遇到任何可疑訊息或投資邀約，請立即撥打165反
詐騙專線或110報案，以避免財產遭受損失。

圖：嘉義市警二分局員警在本市某超商門市埋伏查緝，順利成功查獲前來取件的蔡姓犯嫌
，並當場查扣行動電話、金融卡及信用卡數張，另經警方進一步查證，發現該名犯嫌同時
也是嘉義、臺南地檢署以及臺南地方法院3司法單位所發布的毒品通緝犯。（照片嘉義市
警局二分局提供）


--
Mr.
Raindrop, falling away from
me now.
/
/
∕︵︵︵︵︵︵︵﹨
Mr. Raindrop, falling away form me now.
/
/
◢██◣
∥
/     /
Do you know how much you mean to me, why must you leave?
⊙
⊙
∥
I'm just a flower on a tree, why must you leave?
◢
▆
/
/
Mr.
Raindrop, falling away from
me now.
--
※ 發信站: 批踢踢實業坊(ptt.cc), 來自: 36.227.148.48 (臺灣)
※ 文章網址:
https://www.ptt.cc/bbs/Bunco/M.1750946317.A.A7F.html",ptt,Thu Jun 26 21:58:26 2025
[新聞] 打擊詐騙 刑事局LINE合作停權7.3萬異常帳,https://www.ptt.cc/bbs/Bunco/M.1750946070.A.E8E.html,"打擊詐騙　刑事局、LINE合作停權7.3萬異常帳號
https://hakkanews.tw/2025/06/26/criminal-investigation-208375/
打擊詐騙　刑事局、LINE合作停權7.3萬異常帳號
【洪藝晅／雲林崙背詔安腔】警政署刑事警察局今天表示，詐騙集團會先透過臉書（
Facebook）、Instagram（IG）、YouTube刊登投資如股票、虛擬貨幣等廣告，吸引被害人
點入後要求加LINE群組，詐團成員再假扮投資老師、助理等身分，以話術騙民眾匯款。

刑事局分析上千個涉詐騙LINE帳號，發現都是短時間內註冊後再刪除，經聯繫LINE公司後
，從2月初至今，共清查出4.5萬個高風險手機門號，從門號統整出7.3萬個LINE帳號，後
續由LINE進行停權。（中央社）

警政時報
https://reurl.cc/paQLlQ
2025年6月26日 週四 下午8:23
【警政時報 徐煜勝 鄭元毓/台北報導】

為強化打詐行動、斬斷詐騙集團的通訊鏈條，刑事警察局與LINE公司展開前所未有的大規
模聯合行動，針對高風險電話門號所註冊的異常帳號進行停權處置。此次行動共停權多達
7萬3千個涉詐LINE帳號，顯示警方與業界攜手合作、強力遏止詐騙蔓延的決心。

刑事局指出，此次行動由今年初成立的專責小組與LINE進行深度合作，透過數據比對與行
為模式分析，成功掌握4萬5千個高風險門號，並進一步追查出逾7萬個疑涉詐騙之LINE帳
號。不同以往個案型的帳號封鎖方式，這次是系統性、結構性的源頭打擊，盼藉此全面壓
制詐騙集團的運作空間。


此外，刑事局更啟動「跨業聯防機制」，號召網路拍賣、遊戲平臺等相關業者共同針對高
風險門號加強審核與驗證，一旦發現異常行為，立即停權或限制使用，打造橫跨通訊、電
商與娛樂平台的多重防線。

警方強調，此舉不僅是一場單一行動，而是「持續進行、全面升級的數位反詐騙戰爭」，
將以數據為導向，動態調整策略，未來還將擴大監控規模、加強情資共享，確保每一條詐
騙管道都無所遁形。


刑事局並提醒民眾，若近期發現LINE群組突遭解散、好友帳號變成「不明」或被移除，極
可能是因該帳號涉詐遭到停權，請務必提高警覺、切勿加入任何可疑投資群組或「老師」
推薦群。同時再次呼籲，「詐騙手法雖多變，但萬變不離其宗，最終目的仍是引導你匯款
或交出個資」。


未來刑事局將持續強化與民間業者、公民團體的合作，構築全民反詐防線，齊心守護民眾
的財產與資訊安全，力求讓詐騙集團無藏身之地，還社會一個乾淨安全的網路環境。

--
Mr.
Raindrop, falling away from
me now.
/
/
∕︵︵︵︵︵︵︵﹨
Mr. Raindrop, falling away form me now.
/
/
◢██◣
∥
/     /
Do you know how much you mean to me, why must you leave?
⊙
⊙
∥
I'm just a flower on a tree, why must you leave?
◢
▆
/
/
Mr.
Raindrop, falling away from
me now.
--
※ 發信站: 批踢踢實業坊(ptt.cc), 來自: 36.227.148.48 (臺灣)
※ 文章網址:
https://www.ptt.cc/bbs/Bunco/M.1750946070.A.E8E.html",ptt,Thu Jun 26 21:54:26 2025
[新聞] 從地面師詐騙看金融防詐與社會責任,https://www.ptt.cc/bbs/Bunco/M.1750887041.A.8B2.html,"從地面師詐騙看金融防詐與社會責任
https://www.chinatimes.com/newspapers/20250626000204-260210?chdtv
許多民眾因為投資詐騙損失鉅額款項，甚至抵押房產的新聞引發熱議。令人震驚的是，有
些受害者更受過專業金融訓練的資深從業者，或是擁有高學歷的醫師，仍落入詐騙集團精
心設計的陷阱。此案揭露了當前詐騙手法已從單純「騙現金」升級為「榨乾資產」的恐怖
趨勢，透過假投資群組誘騙被害人借款、抵押房產，甚至引入地下錢莊，形成「扒多層皮
」的犯罪鏈。

刑事局統計顯示，假投資詐騙已連續多個月位居詐騙類型榜首。詐團手法愈發縝密：先以
名人背書的投資影片吸引受害者，再以「高獲利、低風險」話術誘導投入本金；當被害人
資金見底，便轉介地下金融業者要求抵押房產借款，最終使其負債累累。這種結合心理操
控與資產掠奪的「地面師詐騙」，利用不動產抵押詐財的犯罪模式，已成為新型態的社會
危機。更值得警惕的是，受害者往往陷入「沉沒成本謬誤」，因不甘損失而持續借錢「翻
本」，卻在詐團話術中越陷越深，這正是人性弱點被惡意利用的典型案例。

作為防堵詐騙的最前線，金融與不動產從業者應扮演更積極的角色。銀行授信有所謂「5P
原則」：借款目的（Purpose）、還款來源（Payment）、抵押品（Property）、保障措施
（Protection）、借款人前景（Perspective）。然而在實務中，私人借貸往往只重視「
抵押品價值」，忽略其他關鍵指標。

地政士在處理房產抵押時，對以下指標，應提高警覺：

1、借款目的：若客戶聲稱「投資」卻無法說明具體標的，或提及「群組老師帶單」，可
能就是詐騙受害者。2、還款能力：退休人士突然抵押唯一房產、無穩定收入卻大額借款
，均屬危險訊號。3、社會責任：與其放任被害人向地下錢莊借款，應主動通報警方或協
助轉介法律扶助。

此外，社會安全網方面，從個人覺察到制度聯防，要破解詐騙循環，需多管齊下：

1、個人層面：投資前必問「為何好運落在我頭上？」牢記「高報酬必伴隨高風險」，任
何要求抵押房產的投資都應視為紅旗。

2、業者層面：金融與地政士應建立「防詐查核清單」，對異常借款案件啟動聯防通報。

3、政府層面：強化抖音、LINE等平台對投資廣告的實名審查，並擴大與地政機關的詐騙
抵押預警系統。

我們不能只期待個人提高警覺，更需建立一套社會防護機制，從網路平台下架詐騙廣告、
金融機構攔阻異常金流，到地政士通報可疑抵押案件。唯有當每個環節都意識到自己的責
任，詐騙集團才無法輕易得手。

老話說：「預防勝於治療。」但在詐騙案件中，更需要的是「社會治療」，當有人誤入歧
途時，身邊的人能否及時拉他一把？當發現異常交易時，業者能否多一分懷疑、多一通通
報？這些微小的舉動，或許正是阻止下一個悲劇的關鍵。詐騙不會消失，但可以讓它越來
越難成功。這不僅是政府的責任、業者的義務，更是每個人的社會課題，唯有社會共同織
起這張善意之網，才能讓詐騙集團無縫可鑽。

--
Mr.
Raindrop, falling away from
me now.
/
/
∕︵︵︵︵︵︵︵﹨
Mr. Raindrop, falling away form me now.
/
/
◢██◣
∥
/     /
Do you know how much you mean to me, why must you leave?
⊙
⊙
∥
I'm just a flower on a tree, why must you leave?
◢
▆
/
/
Mr.
Raindrop, falling away from
me now.
--
※ 發信站: 批踢踢實業坊(ptt.cc), 來自: 36.227.148.48 (臺灣)
※ 文章網址:
https://www.ptt.cc/bbs/Bunco/M.1750887041.A.8B2.html",ptt,Thu Jun 26 05:30:36 2025
[新聞] 瘖啞女成車手！彰化警破網戀詐騙案救婦,https://www.ptt.cc/bbs/Bunco/M.1750859506.A.F3F.html,"瘖啞女成車手！彰化警破網戀詐騙案救回七旬婦

【創新聞 記者張溎壕／彰化報導】彰化一名七旬婦人遭網路詐騙，歷經警方多次勸說仍
執迷不悟，直到家人察覺異狀報警，警方設伏成功逮捕兩名前來面交取款的女子，令人錯
愕的是，兩人竟皆為瘖啞人士，案情震驚社會，警方痛斥詐團手段冷酷無情，竟將弱勢族
群推上詐騙第一線。

彰化分局民生路派出所所長張忠肯今（25）日表示，71歲的陳姓婦人今年3月透過網路認
識一名自稱「軍醫」的男網友，對方不斷以噓寒問暖、甜言蜜語取得信任，陳婦逐漸陷入
情感陷阱，先後共匯款7次，金額達29萬3,000元。今年5月，陳婦接獲高雄警方來電通知
，指有一名詐騙車手良心發現自首，並揭露整起詐騙手法，警方隨即通知陳婦至派出所說
明案情。

然而，即使已有警訊，陳婦仍深信不疑，持續與該男透過LINE保持聯繫。詐騙集團近日再
度以「軍醫來台相會」為由，要求陳婦支付新台幣7萬1,000元作為「通關費」，並安排所
謂的「將軍」與「代理人」面交款項，地點約定於6月22日下午2時許，在彰化火車站旁的
公廁內。

所幸陳婦的兒子察覺情況異常，立即報警求助。彰化警分局得知後立即布署警力埋伏，當
日下午如約在現場守候，兩名車手現身欲收取現金時，警方立即上前查緝，發現55歲葉姓
與60歲何姓女子神情緊張，卻始終一語不發，無法溝通，經比手畫腳才發現兩人皆為瘖啞
人士，令在場員警一度愕然沉默。

警方為釐清案情，緊急通報彰化縣政府派遣手語老師協助溝通，兩名女子坦承受人指示依
約到場取款，並不清楚背後詐團細節。警方研判，詐騙集團刻意利用身心障礙者擔任面交
車手，企圖規避警方查緝與法律責任，手段之冷血令人髮指。

全案訊後已依詐欺罪嫌移送彰化地檢署偵辦。警方強調，將持續追查幕後主嫌，並呼籲民
眾提高警覺，勿輕信網路交友話術，如有可疑情形，應撥打165反詐騙專線或報警處理，
避免落入情感詐騙陷阱。警方也痛批詐團毫無人性，踐踏弱勢人權，絕不容縱放。

--
Mr.
Raindrop, falling away from
me now.
/
/
∕︵︵︵︵︵︵︵﹨
Mr. Raindrop, falling away form me now.
/
/
◢██◣
∥
/     /
Do you know how much you mean to me, why must you leave?
⊙
⊙
∥
I'm just a flower on a tree, why must you leave?
◢
▆
/
/
Mr.
Raindrop, falling away from
me now.
--
※ 發信站: 批踢踢實業坊(ptt.cc), 來自: 36.227.148.48 (臺灣)
※ 文章網址:
https://www.ptt.cc/bbs/Bunco/M.1750859506.A.F3F.html
※ 編輯: petestar (36.227.148.48 臺灣), 06/25/2025 21:57:43",ptt,Wed Jun 25 21:51:43 2025
[新聞] 求職變詐騙 宜警迅速逮捕車手,https://www.ptt.cc/bbs/Bunco/M.1750859344.A.3C9.html,"求職變詐騙 宜警迅速逮捕車手
https://reurl.cc/VYKVGZ
記者張正量／宜蘭報導

宜蘭分局近日接獲一名女子報案，指稱在網路求職時遭詐騙。女子透過平台瀏覽到工作廣
告，對方以介紹職缺為由建立信任，誘導她加入虛擬貨幣投資群組，女子被詐了六十多萬
後無法領出才警覺被詐。

警方接獲報案後立即展開調查，組成專案小組，於六月二十四日下午在宜蘭市中山路一段
的超商前設伏，成功於車手與被害人交付款項時將其當場逮捕，並查獲作案用手機及現金
。警方表示，詐騙集團在得知被害女子急需用錢，是要求下載電子錢包、登入假投資網站
，詐騙集團聲稱保證獲利，卻以支付保證金等理由多次要求匯款，女子最終損失六十一萬
元，全案依詐欺及洗錢防制法移送宜蘭地檢署偵辦。

宜蘭警分局呼籲，民眾勿輕信網路求職資訊，若遇可疑訊息，請撥打一六五反詐騙專線或
至鄰近派出所查證，以免財物受損。

--
Mr.
Raindrop, falling away from
me now.
/
/
∕︵︵︵︵︵︵︵﹨
Mr. Raindrop, falling away form me now.
/
/
◢██◣
∥
/     /
Do you know how much you mean to me, why must you leave?
⊙
⊙
∥
I'm just a flower on a tree, why must you leave?
◢
▆
/
/
Mr.
Raindrop, falling away from
me now.
--
※ 發信站: 批踢踢實業坊(ptt.cc), 來自: 36.227.148.48 (臺灣)
※ 文章網址:
https://www.ptt.cc/bbs/Bunco/M.1750859344.A.3C9.html",ptt,Wed Jun 25 21:49:01 2025
[新聞] 假借12強紀念幣詐騙！央行點名4個關鍵字,https://www.ptt.cc/bbs/Bunco/M.1750812047.A.7CB.html,"假借12強紀念幣詐騙！央行點名「4個關鍵字」
https://reurl.cc/VYKYYy
陳依旻｜Yahoo財經特派記者

更新時間： 2025年6月24日 週二 下午5:45
中央銀行今（24）日發布提醒，近日發現有詐騙集團冒用央行發行紀念銀幣的名義行騙。
民眾若看到標榜「貨到付款」、「超商取貨」、「免運費」、「15天鑑賞期」等字樣的網
路廣告，務必提高警覺，切勿點擊不明連結下單，以免個資外洩或遭遇財務損失。

央行指出，昨日記者會上公告發售「2024年第三屆世界12強棒球錦標賽冠軍紀念銀幣」，
廣受外界關注。惟會後陸續發現不明人士藉機盜用本行及台銀官方網站圖片，或是記者會
所拍攝照片，另開設偽冒販售網站，並透過社群媒體（如Facebook、LINE等）散布偽冒網
址，以「限時搶購－中華隊12強奪冠紀念幣！預售開始了！」等為標題，搭配「貨到付款
」、「超商取貨」、「免運費」、「15天鑑賞期」等字樣，誘使民眾點擊不實連結並下單
購買，涉嫌詐騙行為。

央行特此澄清，發售之「2024年第三屆世界12強棒球錦標賽冠軍紀念銀幣」，全數透過台
銀及所屬分行進行預購，並預計於11月份供成功預購者領取。

央行籲請民眾務必提高警覺，切勿點擊不明網站連結或提供個人資料，以避免個資外洩或
財物損失。如有疑義，可於營業時間洽本行或臺灣銀行服務專線：（02）2357-1945、（
02）2349-3293，或撥打「165」警政署反詐騙諮詢專線，查證是否為詐騙集團犯罪手法；
若有民眾已於偽冒網站下單，切勿於貨到時付款，並可檢具相關違法事證資料，逕向檢調
機關告發。

央行強調，有關該詐騙訊息及不法行為，已通報警方，並配合司法調查，以維護民眾權益
及本行聲譽。

--
Mr.
Raindrop, falling away from
me now.
/
/
∕︵︵︵︵︵︵︵﹨
Mr. Raindrop, falling away form me now.
/
/
◢██◣
∥
/     /
Do you know how much you mean to me, why must you leave?
⊙
⊙
∥
I'm just a flower on a tree, why must you leave?
◢
▆
/
/
Mr.
Raindrop, falling away from
me now.
--
※ 發信站: 批踢踢實業坊(ptt.cc), 來自: 36.227.148.48 (臺灣)
※ 文章網址:
https://www.ptt.cc/bbs/Bunco/M.1750812047.A.7CB.html",ptt,Wed Jun 25 08:40:44 2025
[新聞] 假出金集團詐騙逾157億 查出2律師涉案,https://www.ptt.cc/bbs/Bunco/M.1750776540.A.BA3.html,"假出金集團詐騙逾157億 檢調查出2律師涉洩密
https://reurl.cc/xNdvEZ
北檢偵辦斬金行動專案查獲全台最大「假出金」犯罪集團，詐騙逾新台幣157億元，4月間
起訴80人。北檢查出陳姓、徐姓律師涉洩密給詐團，今天指揮新北市刑大約談2名律師及
多名詐團幹部說明。

檢警調查，歐姓女子等人組成犯罪集團，先由電信詐欺機房成員透過網路系統商非法話務
系統，架設超過2230個假投資網站及應用程式招攬被害人投資，誆騙被害人交付投資款項
，總計被害人5080人，詐騙所得高達157億1240萬餘元。

北檢今年4月間依組織犯罪條例、詐欺犯罪危害防制條例、加重詐欺、洗錢防制法等罪起
訴歐女等80人，並對15名在逃嫌犯發布通緝。

檢警追查發現，陳姓、徐姓律師涉洩密給該詐團，今天兵分12路搜索，並約談陳、徐及詐
團幹部等12人到案說明。


--
Mr.
Raindrop, falling away from
me now.
/
/
∕︵︵︵︵︵︵︵﹨
Mr. Raindrop, falling away form me now.
/
/
◢██◣
∥
/     /
Do you know how much you mean to me, why must you leave?
⊙
⊙
∥
I'm just a flower on a tree, why must you leave?
◢
▆
/
/
Mr.
Raindrop, falling away from
me now.
--
※ 發信站: 批踢踢實業坊(ptt.cc), 來自: 36.227.148.48 (臺灣)
※ 文章網址:
https://www.ptt.cc/bbs/Bunco/M.1750776540.A.BA3.html",ptt,Tue Jun 24 22:48:57 2025
[資訊] 交友詐騙各種新花招,https://www.ptt.cc/bbs/Bunco/M.1750762779.A.D35.html,"交友詐騙很盛行，要多注意
之前遇到一個探探放IG+好友的：
https://www.instagram.com/______.hsin/
https://ibb.co/FbCwQP09
threads也有，也不知道是真的還是假的。
https://www.threads.com/@______.hsin
https://ibb.co/vCDGGy3Z
(歹勢因為免費才用探探，已經刪除了，各種詐騙....)
這邊我真的也得奉勸：別看追蹤人數1K就以為是真的
我點進去看才知道他貼文日期只有從去年開始@@ 忘記要懷疑....

只是聊天都很正常，然後突然要你加入群組(一堆大頭貼都是美女，但也才3人)，

然後玩遊戲就是要我到這個：
https://www.cali818.net
https://ibb.co/39N7yN2b
居然要我透過這個：line官方客服來下載遊戲。
一看到這種我就很警惕，透過這連結去查詢到：
https://www.facebook.com/groups/scamadvisor/posts/1758583634933186/
https://ibb.co/q3zS8Ctg
詐騙也真的是很懶惰，完全一樣。
我就反映說不要，而且一堆卡利系統根本詐騙(D卡也有人一樣被騙)
https://www.dcard.tw/f/talk/p/258741756
然後後面整個情緒勒索，講不過大概就封鎖了。
https://ibb.co/WWHCvTsd
https://ibb.co/xSh8Lrcn
真的是笑死，當我第一天出社會?  一堆加到群組我就會被騙?@@
(可恨群組找不到，我大概是被踢出來來不及截圖....)
奉勸各位，沒約出來見面吃飯，真的都不可以放鬆。
尤其現在鬼島一堆詐騙，不防範才怪。

PS:也有遇過要我視訊，結果要玩視訊脫衣服，我嚇死快關掉
還好前一天有看到視訊裸聊詐騙@@ 我不敢.....


--
※ 發信站: 批踢踢實業坊(ptt.cc), 來自: 218.164.1.42 (臺灣)
※ 文章網址:
https://www.ptt.cc/bbs/Bunco/M.1750762779.A.D35.html",ptt,Tue Jun 24 18:59:22 2025
[新聞] 公主媽差點被詐騙！超商店員「2關鍵識破,https://www.ptt.cc/bbs/Bunco/M.1750737285.A.0C4.html,"白痴公主媽差點被詐騙！超商店員「2關鍵識破」即時阻擋
https://star.ettoday.net/news/2983852
記者潘慧中／綜合報導

百萬YouTuber白癡公主儘管工作忙碌，仍不時會與粉絲分享生活點滴。她近日便在社群網
站上傳影片坦言，「我媽差點被詐騙」，幸好超商店員有提醒才得以倖免，「真的好險…
。」

白癡公主透露，媽媽之前看到網路上有在賣紅棗核桃，加上商品文案寫得非常吸引人，「
不施化肥，不打農藥，無毒栽種」，還附上專題新聞報導的截圖，甚至提供貨到付款，便
覺得應該有保障就下單了。

▲白癡公主媽媽原本以為貨到付款是有保障的。（圖／翻攝自Instagram／87acup）

結果收到超商取貨通知後，店員一看包裹就冷冷地說「這是詐騙喔，沒有這個東西」。只
不過，白癡公主的媽媽還是不死心，鬼打牆追問「不是啊，我收到簡訊來領，不信你看」
，但忙著理貨的店員僅冷回「我是建議妳不要領」。

▲白癡公主曝光店員和媽媽的對話。（圖／翻攝自Instagram／87acup）

影片曝光後，有不少網友好奇超商店員發現是詐騙包裹的方式，留言區便釣出同樣是店員
表示，「詐騙包裏金額通常都會落在899-1399之間（1099，1299最常見）還有跨境的包裹
也是詐騙居多」，白癡公主看到後也贊同了這則留言。

▲白癡公主贊同一樣是店員的網友留言。（圖／翻攝自Instagram／87acup）

白癡公主解釋，媽媽當初就是誤信一頁式購物網站，「幸好店員即時擋下來」，否則回家
開箱就會發現包裹裡面真的沒有紅棗核桃。

--
Mr.
Raindrop, falling away from
me now.
/
/
∕︵︵︵︵︵︵︵﹨
Mr. Raindrop, falling away form me now.
/
/
◢██◣
∥
/     /
Do you know how much you mean to me, why must you leave?
⊙
⊙
∥
I'm just a flower on a tree, why must you leave?
◢
▆
/
/
Mr.
Raindrop, falling away from
me now.
--
※ 發信站: 批踢踢實業坊(ptt.cc), 來自: 36.227.148.48 (臺灣)
※ 文章網址:
https://www.ptt.cc/bbs/Bunco/M.1750737285.A.0C4.html",ptt,Tue Jun 24 11:54:42 2025
[新聞] 辦英國旅遊憑證誤上詐騙網 機場刷1萬4,https://www.ptt.cc/bbs/Bunco/M.1750686630.A.703.html,"辦英國旅遊憑證誤上詐騙網 機場刷1萬4遭詐
https://reurl.cc/xNn5Rb
畢業季、暑假來臨，不少人都會出國玩，但現在到需要申辦簽證或旅遊憑證的國家要當心
，因為申辦網站可能有假，台中一名曾小姐與丈夫飛英國倫敦旅遊8天7夜，登機前才發現
沒申辦旅遊憑證，緊急申請卻點入了疑似不實網站，花1萬4申請旅遊憑證，沒想到疑似是
詐騙網頁，他們當下就向銀行申請爭議款像，卻還是遭到扣款。

畢業季來臨暑假也快到了，不少人都會趁現在趕緊出國玩，有些國家會需要申辦，簽證或
者是旅遊憑證，你能確定你現在使用的網站，它是真的嗎。控簽證網詐騙鄭小姐：「刷卡
後要我上傳照片，我始終上傳不了，登機的時間快到了，航空公司櫃檯就緊急協助我們去
申請英國官網的簽證。」

鄭小姐與丈夫在5月30日出發英國自助旅遊8天7夜，到了登機櫃台才發現旅遊憑證沒申請
，緊急搜尋後，點開一個名叫IVISA的網站，填好姓名護照密碼等資料後，刷卡付款14039
元沒有得到驗證碼，網站要求提供照片也上傳不了，最後在地勤人員的幫助下，才順利申
請旅遊憑證，沒收到驗證碼，不清楚會不會被扣款，趕在登機前致電銀行客服，收到這樣
的回覆。控簽證網詐騙鄭小姐：「他們說因為只要刷卡就會付款，所以我請它將這筆款項
列為爭議款。」

出發當天申請爭議款，回台後一查發現IVISA是外交部駐印尼台北經貿代表處證實的不實
網站，到了6月9日，曾小姐還是收到了扣款訊息。控簽證網詐騙鄭小姐：「他要我自己去
跟店家申請退款，詐騙集團都有辦法來跟你詐騙錢了，他會退款給你嗎。」

旅遊小知識，想要飛往英國，除了護照跟家當要帶齊之外，在英國待超過6個月需要申辦
簽證，若是沒有的話，只需要申請旅遊憑證ETA就好。打開官方申請網站比一比，IVISA填
完基本資料後，需要提供護照號碼，下一步就進入刷卡頁面，而官方申請網站則清楚寫下
，需要拍攝護照的照片，審核期間要2到3天。控簽證網詐騙鄭小姐：「既然已經有這麼多
詐騙的案例，就應該要把它列為一個警示的平台。」

詢問外交部表示，針對IVISA疑似為不實網站還需要釐清，民眾需要申辦簽證或旅遊憑證
也可以到外交部官網查詢，刷卡銀行也將款項退回給曾小姐，提醒民眾旅遊旺季出國要當
心，以免被不實網站騙了，不僅出不了國還會影響心情。

--
Mr.
Raindrop, falling away from
me now.
/
/
∕︵︵︵︵︵︵︵﹨
Mr. Raindrop, falling away form me now.
/
/
◢██◣
∥
/     /
Do you know how much you mean to me, why must you leave?
⊙
⊙
∥
I'm just a flower on a tree, why must you leave?
◢
▆
/
/
Mr.
Raindrop, falling away from
me now.
--
※ 發信站: 批踢踢實業坊(ptt.cc), 來自: 36.227.139.81 (臺灣)
※ 文章網址:
https://www.ptt.cc/bbs/Bunco/M.1750686630.A.703.html",ptt,Mon Jun 23 21:50:27 2025
[新聞] 15% Z 世代遇求職詐騙！假職缺、盜個資,https://www.ptt.cc/bbs/Bunco/M.1750650020.A.F82.html,"15% Z 世代遇求職詐騙！假職缺、盜個資與預付款都有詐
https://udn.com/news/story/7239/8824844
社會新鮮人積極投入求職行列，也成為詐騙集團鎖定的目標。詐騙手法往往以「高薪職缺
」、「快速錄取」為誘餌，誘使民眾落入個資外洩或財損陷阱。Gogolook旗下數位防詐
App Whoscall與AI人才媒合平台Yourator及面試心得平台面試趣23日公開「求職詐騙問卷
調查」結果，調查顯示，15% Z 世代曾遇求職詐騙，甚至有個案損失超過50萬元，凸顯數
位時代下年輕求職者面臨的高度詐騙風險。


調查顯示，「福利」為Z世代在職涯選擇上高度重視的誘因，超過七成都選為最重視的求
職條件，Z 世代對「團隊氛圍」的重視程度（69%）顯著高於其他年齡層（54.7%），新世
代更傾向尋求具文化契合度與成長潛力的職場環境，而非單純以薪資作為唯一考量。此一
價值觀轉變也可能讓詐騙集團有機可乘，例如以「自由彈性團隊」、「快速升遷機會」、
「在家用手機就能工作」等話術包裝詐騙職缺，引誘應徵者加入陌生通訊群組、提供個資
甚至匯款。


調查發現Z世代最常接觸到的詐騙形式五成（50%）皆受邀加入陌生 LINE 群組或以私人帳
號聯絡，顯示詐騙集團已深刻掌握年輕族群的社群使用習慣透過非正式管道塑造親近感，
進而降低戒心。第二常見的詐騙手法為被要求提供身分證正本或金融帳戶影本（25%），
詐騙多以面試建檔為由，誘使求職者交出敏感個資。有約兩成（20.4%）的Z世代受訪者曾
被引導點擊可疑連結或下載不明 App，表面上標榜為查看職缺細節，實則進行資料竊取或
誘導轉帳。


Z世代在遭遇求職詐騙後，個人資料外洩高達35%為最常見的損害類型，顯示求職者在提供
履歷或聯絡方式時，易成為詐騙集團蒐集個資的目標。18%受害者表示在填寫資料後曾接
連收到詐騙電話或簡訊，反映詐騙行為具有延伸性與持續性。更令人擔憂的是，16%曾出
現金錢損失、11%帳戶或存摺被盜用，甚至有2%表示曾因此被帶往海外從事不明工作，凸
顯部分詐騙案已與跨境人口販運問題相互交織，對求職者人身與財務安全構成嚴重威脅。


在面對可疑求職資訊時，Z 世代展現出較高的行動力，其中超過六成的受訪者會使用App
查證來源，亦有不少人（43.7%）先點選連結查看但避免輸入個資。Whoscall建議，求職
過程中如遇疑似詐騙訊息或連結，可即時透過 Whoscall「一鍵查」功能驗證風險來源，
包含可疑網址或截圖疑似詐騙的資訊都能辨識，降低受害機率。


值得注意的是，調查中也顯示高達93%的受訪者皆認同應於求學階段設置與求職相關的防
詐教育課程。這代表從校園建立防詐意識已成為跨世代共識，有助於年輕世代在進入職場
之前即具備基本的風險辨識能力，強化防詐意識與就業安全防線。

--
Mr.
Raindrop, falling away from
me now.
/
/
∕︵︵︵︵︵︵︵﹨
Mr. Raindrop, falling away form me now.
/
/
◢██◣
∥
/     /
Do you know how much you mean to me, why must you leave?
⊙
⊙
∥
I'm just a flower on a tree, why must you leave?
◢
▆
/
/
Mr.
Raindrop, falling away from
me now.
--
※ 發信站: 批踢踢實業坊(ptt.cc), 來自: 36.227.139.81 (臺灣)
※ 文章網址:
https://www.ptt.cc/bbs/Bunco/M.1750650020.A.F82.html
※ 編輯: petestar (36.227.139.81 臺灣), 06/23/2025 21:50:41",ptt,Mon Jun 23 11:40:16 2025
[新聞] 暑假打工注意！詐騙話術曝 這3字最難察覺,https://www.ptt.cc/bbs/Bunco/M.1750649361.A.84C.html,"暑假打工注意！詐騙話術曝 這3字最難察覺
https://reurl.cc/eM1ZRj
暑假即將來臨，許多學生開始尋找打工機會，卻也成為詐騙集團鎖定目標。（示意圖，非
當事人／翻攝pixabay）
[NOWnews今日新聞] 暑假即將來臨，許多學生開始尋找打工機會，卻也成為詐騙集團鎖定
目標。面試心得分享平台《面試趣》從資料庫及警政署案例整理出「5 大最常見的求職詐
騙話術」，提醒新鮮人提高警覺，避免落入求職陷阱。

五大詐騙話術大公開
《面試趣》整理出最常見的詐騙話術，包括「會打字就能月入十萬」等低門檻高薪廣告。
《面試趣》指出，真正的高薪職缺會清楚說明工作內容，不會用模糊描述。警政署資料顯
示，這類詐騙常利用「可兼職、高獲利、遠端彈性」等話術吸引求職者，實際目的是騙取
金融卡或誘導匯款。

「免經驗免面試，立即錄取」也是常見詐騙話術。正常企業不會不面試就錄用員工，請錯
人成本太高。沒有面試，詐騙集團就不用擔心被看出破綻。另一個常見手法是「包吃包住
包機票」的出國工作機會，《面試趣》提醒，外交部已將柬埔寨、泰國、緬甸和寮國列為
「紅色」警示區域，許多台灣民眾因被「三包」條件吸引，結果被限制人身自由。

警政署案例有求職者看到「日領現金」廣告後，被要求提供金融卡做「節稅」，結果卡片
被用於不法用途。正派公司不會要求提供金融卡或用現金交易逃稅。此外，《面試趣》特
別提醒，「先付費」是最難察覺的詐騙常手法，包括「交保證金，做滿一個月返還」、「
先付培訓費，薪水更高」等話術。正常僱傭關係是公司付錢給員工，不會反過來要求員工
先付費。

防詐三原則注意聽
《面試趣》建議新鮮人掌握防詐三原則：

懷疑優渥條件：如果薪資條件好得不像真的，大部分就是假的。
查證公司真偽：詢問公司全名、統編，利用《面試趣》公司評價概覽頁、查看面試經驗。
及時向外求助：遇到可疑情況，立即撥打165反詐騙專線，保存對話紀錄作為證據。
暑假是學生打工旺季，也是詐騙集團活躍期。學生初入職場，容易被高薪低門檻的條件吸
引，建議多利用平台資源查證，保護自己。


--
Mr.
Raindrop, falling away from
me now.
/
/
∕︵︵︵︵︵︵︵﹨
Mr. Raindrop, falling away form me now.
/
/
◢██◣
∥
/     /
Do you know how much you mean to me, why must you leave?
⊙
⊙
∥
I'm just a flower on a tree, why must you leave?
◢
▆
/
/
Mr.
Raindrop, falling away from
me now.
--
※ 發信站: 批踢踢實業坊(ptt.cc), 來自: 36.227.139.81 (臺灣)
※ 文章網址:
https://www.ptt.cc/bbs/Bunco/M.1750649361.A.84C.html",ptt,Mon Jun 23 11:29:17 2025
[新聞] 網購遇第三方支付詐騙？數發部提醒付款,https://www.ptt.cc/bbs/Bunco/M.1750537571.A.BF7.html,"網購遇第三方支付詐騙？數發部提醒付款前留意三件事
https://ec.ltn.com.tw/article/breakingnews/5081749
〔記者徐子苓／台北報導〕消費者在網路上購物結帳時，最怕遇到詐騙集團假冒的第三方
支付工具，讓自己的信用卡資訊流出。數位發展部特別提醒，詐騙集團架設的網站上常以
「支援第三方支付」作為誘因，讓消費者誤以為交易安全可信。但實際上，這些網頁可能
會直接跳轉到偽冒的第三方支付網站，誘導民眾輸入信用卡資訊或轉帳。

數發部提醒民眾留意三件事：一，付款前請確認是否導向官方支付頁面。二，網址是否安
全（https開頭）。三，避免加入LINE或其他通訊軟體操作付款的非官方流程。

數發部建置「網路詐騙通報查詢網」作為通報疑似詐騙訊息的平台，自去年上線至今，已
接獲通報疑似詐騙訊息超過22萬則，經分案相關部會審查，已確認其中12.5萬則詐騙訊息
，並依打詐專法通報Meta、Google、LINE、TikTok四大平台業者下架。

數發部統計6月8日至14日通報趨勢，共接獲4488件通報疑似詐騙訊息，經審查確認為詐騙
的案件數為2560件，較前一週下降8.28%，依平台別占比觀察，來自Meta最多，高達近90%
，LINE、Google、TikTok則分別占2.7%、0.2%、0.04%。

至於這些涉及詐騙的廣告態樣，案件類型前三名依序為：身分冒充（38.13%）、金融投資
（27.38%）、產品服務如線上諮詢、免費課程（21.72%）。

數發部也統計本週熱門關鍵字，以廣告商品為主，如：車牌、香菸、代購，研判這些關鍵
字於網路廣告平台的一頁式詐騙有關，詐騙集團在投放大量廣告之際，利用「限時優惠」
、「先匯款保留名額」等話術吸引民眾提前匯款或提供信用卡資訊竊取個資。

--
Mr.
Raindrop, falling away from
me now.
/
/
∕︵︵︵︵︵︵︵﹨
Mr. Raindrop, falling away form me now.
/
/
◢██◣
∥
/     /
Do you know how much you mean to me, why must you leave?
⊙
⊙
∥
I'm just a flower on a tree, why must you leave?
◢
▆
/
/
Mr.
Raindrop, falling away from
me now.
--
※ 發信站: 批踢踢實業坊(ptt.cc), 來自: 36.227.141.181 (臺灣)
※ 文章網址:
https://www.ptt.cc/bbs/Bunco/M.1750537571.A.BF7.html",ptt,Sun Jun 22 04:26:07 2025
[新聞] 假檢警詐騙6成6被害人逾50歲 平均財損282萬元居冠,https://www.ptt.cc/bbs/Bunco/M.1750524092.A.D3B.html,"假檢警詐騙6成6被害人逾50歲 平均財損282萬元居冠

14:39 2025/06/21 中時 林郁平
https://images.chinatimes.com/newsphoto/2025-06-21/1024/20250621002121.jpg
刑事局提醒民眾假檢警詐騙手法。（翻攝照片／林郁平台北傳真）

刑事局統計，假冒機構（公務員）詐騙高達有6成6的被害人年齡超50歲，顯示這種手法多
鎖定高齡退休族群，利用長輩賦閒在家時撥打匿名來電，佯稱涉及不法，再假扮檢警稱要
民眾交付財物後予以監管或公證，誘騙匯出鉅額款項。

警方統計，6月5日至6月11日假冒機構（公務員）在各類詐騙類型中發生數雖僅排第8，但
平均財損金額約282萬元，居所有詐騙類型之首，比常見的假投資詐騙平均財損金額149萬
元高出將近一倍，提醒民眾務必關心家中長輩慎防此類詐騙手法。
https://images.chinatimes.com/newsphoto/2025-06-21/1024/20250621002119.png
詐團假冒檢察官要求公證被害人的資產。（翻攝照片／林郁平台北傳真）
https://images.chinatimes.com/newsphoto/2025-06-21/1024/20250621002120.png
假檢察官還冒用檢察長的頭像。（翻攝照片／林郁平台北傳真）

北部一名51歲林姓退休男子，去年底接到一通未顯示來電號碼、自稱是電信業者風控部門
的人員電話，稱林男的個資遭盜用且到處散布不實詐騙訊息，已主動代為報案。

隨後對方引導林男加入LINE假冒「165防騙宣導」帳號，並陸續轉介至假冒台中市警局偵
查隊長，及自稱台中地檢主任檢察官的LINE帳號，假檢察官帳號甚至盜用檢察長張介欽的
頭像，使林男信以為真。

詐團要求林男每日向假165帳號報告行蹤，並指稱要公證他名下所有資產，林男在高度壓
力與恐慌下，透露持有股票、保單及數筆建物土地等祖產，假檢察官得知後指示林男變賣
股票、質借保單，並引導林男將不動產設定抵押給指定民間金主，結果共計遭詐約3000萬
。最終詐團見林男遭榨乾抹淨，指示林男刪除LINE對話紀錄後，可自行至台中派出所辦理
結案，林男6月初到實體派出所才知道遭到詐騙。

刑事局指出，假冒機構（公務員）詐騙流程公式，詐團會先掌握受害者個資，假冒遠地機
關（如戶政事務所、醫院或大型企業）的員工，表示其身分遭冒用辦理印鑑或詐領管制藥
等犯罪，隨即以協助報案為由聯繫當地派出所，就是製造被害目標與假冒機關路程遙遠之
情境，引導目標與假檢警使用視訊製做筆錄。

此外，詐騙常結合多重角色扮演，並搭配假冒司法文書（通知書、傳票）、公署（地檢署
、警察局），使被害人陷入恐慌，再假藉偵查不公開的名義要求被害人不得掛斷電話及告
知親友。

刑事局提醒，「身分（證件）遭冒用」、「偵查不公開」、「帳戶涉洗錢或其他不法」、
「加LINE定時回報」、「監管帳戶」、「繳交公證金」，為假檢警詐騙的關鍵字，強調檢
警不會用通訊軟體聯繫及製做筆錄，民眾接到相關語音詐騙電話，務必先掛掉電話保持冷
靜，另外撥打110或165反詐騙諮詢專線查詢。


新聞出處:中時新聞網
https://reurl.cc/4LZoj3
--
※ 發信站: 批踢踢實業坊(ptt.cc), 來自: 118.166.6.243 (臺灣)
※ 文章網址:
https://www.ptt.cc/bbs/Bunco/M.1750524092.A.D3B.html",ptt,Sun Jun 22 00:41:28 2025
[新聞] 帝寶貴婦涉多起詐騙 營造商再控連騙4億,https://www.ptt.cc/bbs/Bunco/M.1750425782.A.220.html,"帝寶貴婦""林富慧涉多起詐騙 營造商再控連環騙4億
https://reurl.cc/NYVj55
民視新聞網
2025年6月20日 週五 下午6:41
生活中心／高子涵、嚴文謙 台北報導

先前曾涉大有巴士債權詐騙、偽造澳幣匯票成為國際通緝犯的「帝寶貴婦」林富慧，近來
又捲入詐騙房屋案，一審依洗錢罪判刑1年10個月。而且審理期間，又有營造業老闆被遊
說砸4億台幣，入主一家老牌建設公司與旅行社卻夢碎，憤而提告，北檢目前也偵辦中。
今天受害者律師也受訪談案情。

""帝寶貴婦""林富慧10年前列國際詐欺犯 又捲入""地面師案""（圖／民視新聞）

林富慧(103.08)：「我被誣陷，因為法官被收買！」一見鏡頭就大罵法官，她是被稱為「
帝寶貴婦」的林富慧、後來改名林芯慧，10年前因列國際詐欺犯，狼狽地被押解回台。記
者VS.林富慧(103.08)：「 (妳說法官被收買 為什麼要這麼說)我沒有說，我說他說錯了
，我說這個案情我是冤枉，我沒有說。」如今又捲入""地面師詐騙案""！新北林口區一棟價
值2，200萬元的透天別墅，交易後屋款竟跳票，而且隔月房屋即遭轉賣，原屋主一狀告上
法院，發現其中有300多萬元流入林富慧親友帳戶，一審近日依洗錢罪將她判刑1年10個月
。其實，林富慧還透過友人牽線，遊說營造商老闆擔保借款美金1千3百多萬，入主一家老
牌建設公司，再抵押建設公司資產，收購富康旅行社，但老闆前後花4億台幣入主建設公
司卻美夢落空憤而提告，北檢也正指揮調查局全力偵辦中。

營造商指控被騙4億 投資建設公司與旅行社失利憤而提告（圖／民視新聞）

受騙營造商委任律師 郭祐舜：「發現股權有異常的變動，所以有提出詐欺等告訴，在六
月初也接到公司經營不善，必須結束營業，這間富康旅行社也確實遭到主管機關勒令停業
的公告。」原本來自台中、已婚的小會計，卻被稱為""帝寶貴婦""，是因為2010年她的帝寶
豪宅，成為社區首間法拍屋，當時投資客劉媽媽的兒子以2.8億得標，但她卻找來同夥，
勒索高額搬遷費，導致首次法拍被棄標。後來被劉媽媽買走，她又拒絕點交，雙方大打搶
房官司。包括涉嫌假造大有巴士12億債權，用彩色印表機偽造澳幣50萬元匯票，到澳洲賭
場詐取現金，詐騙官司不斷，才出獄不久的她再度涉案，只怕又要入監。


--
Mr.
Raindrop, falling away from
me now.
/
/
∕︵︵︵︵︵︵︵﹨
Mr. Raindrop, falling away form me now.
/
/
◢██◣
∥
/     /
Do you know how much you mean to me, why must you leave?
⊙
⊙
∥
I'm just a flower on a tree, why must you leave?
◢
▆
/
/
Mr.
Raindrop, falling away from
me now.
--
※ 發信站: 批踢踢實業坊(ptt.cc), 來自: 36.227.141.181 (臺灣)
※ 文章網址:
https://www.ptt.cc/bbs/Bunco/M.1750425782.A.220.html",ptt,Fri Jun 20 21:22:59 2025
[新聞] 數發部新一週詐騙態樣 電商近期被冒用,https://www.ptt.cc/bbs/Bunco/M.1750293750.A.393.html,"數發部公布新一週詐騙態樣 這家電商近期遭冒用！
https://reurl.cc/8DKo8g
數位發展部今日（6/18）傍晚公布最新一週（6/8~6/14）《網路詐騙通報查詢網》通報趨
勢。本週共接獲4,488件通報疑似詐騙訊息，經審查確認為詐騙的案件數為2,560件，較上
週下降8.28%；已依法通報平台業者下架詐騙訊息。本週有不肖人士冒用「momo購物網」
名義，建置釣魚網站進行網路購物詐騙，騙取民眾的信用卡資訊。數發部提醒民眾需保持
警覺心。

本週詐騙案件依平台別占比觀察如下，仍以Meta為大宗，占比近9成。

1. Meta：89.77%，件數較上週減少14.13%。

2. LINE：2.70%，件數較上週上升46.81 %。

3. Google：0.20%，本週為5件。

4. TikTok：0.04%，本週為1件。

5. 詐騙網站: 6.05%，件數較上週上升146.03%。

6. 其他詐騙：1.25%，件數較上週上升150.00 %。

以涉及詐欺網路廣告態樣分析，本週《網路詐騙通報查詢網》通報案件類型前三名如下：

1. 身分冒充：38.13%，件數較上週上升5.74 %；

2. 金融投資：27.38%，件數較上週減少25.98 %；

3. 產品服務(如：線上諮詢、免費課程)：21.72%，件數較上週上升2.39 %。

在高風險關鍵字及偽冒名人詐騙廣告部分；本週熱門關鍵字以廣告商品為主，如車牌、香
菸、代購，研判這些關鍵字於網路廣告平台的一頁式詐騙有關，詐騙集團在投放大量廣告
之際，利用「限時優惠」、「先匯款保留名額」等話術吸引民眾提前匯款或提供信用卡資
訊竊取個資。另，本週被偽冒名人包括張忠謀、陳斐娟、李蜀芳、阮蕙慈、艾蜜莉等人。

數發部表示，本週有不肖人士冒用「momo購物網」名義，建置釣魚網站進行網路購物詐騙
，騙取民眾的信用卡資訊。這些網站常具有以下特徵：使用簡體中文、僅提供加LINE作為
聯絡方式、商品圖片與內容描述不符合、以及顯示訂單未完成等假提示誤導操作，民眾須
提高警覺。

此外，詐騙集團架設的網站上常以「支援第三方支付」作為誘因，讓消費者誤以為交易安
全可信。實際上，這些網頁可能會直接跳轉到偽冒的第三方支付網站，誘導民眾輸入信用
卡資訊或轉帳。提醒民眾在付款前請確認是否導向官方支付頁面，以及該網址是否安全（
https開頭），還要避免加入LINE或其他通訊軟體操作付款的非官方流程。

數發部表示，自113年9月30日起截至114年6月14日止，已接獲通報疑似詐騙訊息共計
225,420則。經分案相關部會審查結果，已確認其中125,185則詐騙訊息，並依打詐專法通
報Meta、Google、LINE、TikTok四大平台業者下架。

--
Mr.
Raindrop, falling away from
me now.
/
/
∕︵︵︵︵︵︵︵﹨
Mr. Raindrop, falling away form me now.
/
/
◢██◣
∥
/     /
Do you know how much you mean to me, why must you leave?
⊙
⊙
∥
I'm just a flower on a tree, why must you leave?
◢
▆
/
/
Mr.
Raindrop, falling away from
me now.
--
※ 發信站: 批踢踢實業坊(ptt.cc), 來自: 36.227.141.181 (臺灣)
※ 文章網址:
https://www.ptt.cc/bbs/Bunco/M.1750293750.A.393.html",ptt,Thu Jun 19 08:42:27 2025
[新聞] 青少年犯案查獲4.7萬人次創新高 集中詐騙,https://www.ptt.cc/bbs/Bunco/M.1750293555.A.E76.html,"青少年犯案去年查獲4.7萬人次創新高 集中在詐欺
https://udn.com/news/story/124490/8816480
警政署統計，去年查獲的青少年犯罪嫌疑達四萬七四六二人次，且近五年未滿十八歲的少
年犯罪人數均在一萬人上下，因少子化影響，少年犯罪人口率增加約兩成，其中詐欺自二
○二○年起躍升少年犯罪型態首位，連綠委都批評相關機關卸責。


司法院主導修正的少年事件處理法「行政輔導先行」施行兩年，立法院司法及法制委員會
昨請相關單位專案報告。警政署統計顯示，去年警察機關查獲的十二到廿三歲青少年刑案
嫌疑人達四萬七四六二人次，其中十二到十七歲少年有一萬一七八五人，十八到廿三歲青
年有三萬五六七七人，兩者都是五年來新高。其中，少年犯罪集中在詐欺，約七成五是擔
任車手及車手頭。


民進黨立委沈發惠指出，「四萬七千人」數字驚人。司法院副秘書長王梅英說，去年各地
方法院受理少年調查事件約二萬八千餘件，其中詐欺案新收八二九二件，占整體新收百分
之卅五點七四。


但司法院的說法挨批騙外行人，由於司法院主導修正少年事件處理法，以保護少年名義，
對少年違法行為先採行政輔導為優先，讓進入法院調查的案件大幅減少，減輕的是法院的
負擔，但社工輔導等相關配套沒跟上，現況並沒有解決根本問題。



綠委王義川質疑，各單位報告「全是正面」，但根本是各自築起「防火牆」，走出學校與
教育部無關，發生事情與衛福部無關，出了矯正機關就與矯正署無關，街上「浪流連（台
語）」到底是誰管理？藍委羅智強提醒，今年青少年犯罪人數將更高，少子化後青少年人
口往下掉，數字令人怵目驚心，不能裝作沒看見，究竟是政策有問題，還是執行力有問題
？


民進黨立委林月琴質疑，少輔會開案數倍增，人力配置不增反減，基層拚命反映缺人缺資
源，主管機關卻沒感覺；警政署書面報告說現有人力「充足」，究竟有無充分掌握資訊？
請警政署檢討各地少輔會人力運用與執行，請衛福部邀集各部會共同研商，建立「一主責
多協力」分工機制，完善個案管理、轉介流程。


警政署統計，二○二○年至二○二四年少年犯罪主要案類，以詐欺、竊盜、一般傷害、性
交猥褻、妨害秩序和毒品六類為主，約占整體少年犯罪件數三分之二，其中詐欺去年所占
比率為百分之廿七點七。


少年容易遭吸收從事犯罪為詐欺、妨害秩序兩類，警政署認為可歸因於「成少共犯」案件
持續上升。從去年數據來看，少年涉詐七成五是擔任最底層「車手」角色，主要是「犯罪
技術、成本及門檻低」。


王梅英說，司法院正推動少年保護管束風險管理試辦計畫，對參加詐團擔任車手少年，安
排職能訓練、就業媒合，密切追蹤輔導。


--
Mr.
Raindrop, falling away from
me now.
/
/
∕︵︵︵︵︵︵︵﹨
Mr. Raindrop, falling away form me now.
/
/
◢██◣
∥
/     /
Do you know how much you mean to me, why must you leave?
⊙
⊙
∥
I'm just a flower on a tree, why must you leave?
◢
▆
/
/
Mr.
Raindrop, falling away from
me now.
--
※ 發信站: 批踢踢實業坊(ptt.cc), 來自: 36.227.141.181 (臺灣)
※ 文章網址:
https://www.ptt.cc/bbs/Bunco/M.1750293555.A.E76.html",ptt,Thu Jun 19 08:39:12 2025
[新聞] 欠50元停車費遭詐19萬！女星再遇詐騙,https://www.ptt.cc/bbs/Bunco/M.1750212929.A.BCB.html,"欠50元停車費遭詐19萬！台八女星「再遇詐騙」互飆演技
https://reurl.cc/nma3rd
現年50歲八點檔女星簡沛恩，2020年演出《天之驕女》後就淡出幕前，專心經營餐飲、寵
物事業；曾收到未繳停車費50元的簡訊，上網付款被盜刷19萬元的她，昨（16）日在社群
平台透露，又接到詐騙電話騷擾，痛斥：「詐騙到底要打來幾次。」

簡沛恩昨日在Instagram透露，近日又接到自稱是「新竹西門郵局」的詐騙電話，對方聲
稱她委託「李靜美小姐」持雙證件代辦業務，簡沛恩檢查包包發現雙證件都還在身邊，上
網查詢關鍵字後確認對方是詐騙集團，反問對方是哪裡的西門郵局，當對方說出「新竹」
，她更確切就是詐騙電話，開始配合演出。

簡沛恩直誇，這名詐騙成員：「他演技真的很不錯！」在她否認委託他人辦理業務後，對
方在電話那頭還吶喊：「我找到簡小姐本人了，趕快叫她來對質！」還演出「李靜美小姐
」逃跑的戲碼，簡沛恩冷靜應對：「沒關係，跑了就跑了，如果她再回來，你就把她抓起
來。」以自身曾經的「學費教訓」，呼籲大家千萬要謹慎小心。

--
Mr.
Raindrop, falling away from
me now.
/
/
∕︵︵︵︵︵︵︵﹨
Mr. Raindrop, falling away form me now.
/
/
◢██◣
∥
/     /
Do you know how much you mean to me, why must you leave?
⊙
⊙
∥
I'm just a flower on a tree, why must you leave?
◢
▆
/
/
Mr.
Raindrop, falling away from
me now.
--
※ 發信站: 批踢踢實業坊(ptt.cc), 來自: 111.243.23.129 (臺灣)
※ 文章網址:
https://www.ptt.cc/bbs/Bunco/M.1750212929.A.BCB.html",ptt,Wed Jun 18 10:15:24 2025
[新聞] 臺雅老董遭詐50億 四海幫主也被詐騙,https://www.ptt.cc/bbs/Bunco/M.1750191926.A.290.html,"臺雅老董遭詐50億 四海幫主張存偉也被機票投資詐騙1.5億
https://udn.com/news/story/124490/8809992
已故臺雅集團董事長沈裕雄遭騙逾50億，台北地檢署查出，四海幫幫主張存偉也遭詐騙1
億5600萬元，張存偉3年間交付現金給沈裕雄前特助、The Hermit隱餐飲集團董事長鄭淳
駿「投資機票賺價差」迄今還有1億餘元未拿回，但張並未提告。


檢察官追查沈裕雄遭詐騙案，女主嫌羅佩雯曾在旅行社擔任票務工作，後續經營機票買賣
工作，與朋友鄭淳駿及楊國隆共同涉詐騙，向投資人佯稱「合作投資」海外客戶大額的機
票買賣賺取價差，且可以支付20至30%的高額利息，但投資款全由羅佩雯掌控，且後期詐
騙沈裕雄用來支付投資人利息。


檢方計算，臺雅老董沈裕雄遭羅等人機票投資詐騙，2019年至2023年間48億8930萬2500元
，2022年7月至2023年2月4日又遭羅以「移民投資」詐騙約2億6619萬5590元，共計受騙高
達51億5549萬8090元。


檢方查出，羅佩雯能言善道，透過朋友臺雅老董沈裕雄特助鄭淳駿，及曾被報導台灣市占
率第一的媽媽包品牌喜舖CiPU特助楊國隆的人脈，四處尋找經常出國、開公司有一定資力
的親友詐欺取財。他們對投資人收取投資款，簽下類似收據的投資契約，白紙黑字載明雙
方對於機票投資內容須「保密」


檢方分析鄭淳駿及楊國隆手機對話紀錄及銀行帳戶，發現還有10名投資人受騙5億2587萬
9124元。其中，鄭淳駿的朋友是台灣知名黑幫人士、四海幫第九任幫主，綽號「純偉」張
存偉，2022年至2023年間，張存偉分批拿出大筆現金交給鄭淳駿投資機票賺價差，金額共
計1億5600萬元。


據悉，張存偉稱，他投資機票期間有拿回高額利息，才會繼續相信鄭淳駿出錢投資，迄今
投資款還有1億餘元未拿回，但未提出詐欺告訴。


檢方查出，羅佩雯也詐騙謝姓前夫的親友莊女，2019年7月至2023年3月間詐騙金額高達1
億3760萬餘元；楊國隆則詐騙朋友陳女，陳女誤信機票投資賺價差，向4、5名親友籌錢
1.2億餘元交付羅佩雯投資，但最終拿不回利息，報案提告詐欺。


檢方調查，羅佩雯坦承詐騙臺雅老董沈裕雄，但對於不法所得如何與楊、鄭分贓則稱「每
單金額不一樣、還在算」，僅給2人部分獲利；另，檢方也查出羅佩雯透過前夫謝宗翰、
胞兄羅文傑在澳洲分別購買2套、1套不動產，由司法互助調查中。

--
Mr.
Raindrop, falling away from
me now.
/
/
∕︵︵︵︵︵︵︵﹨
Mr. Raindrop, falling away form me now.
/
/
◢██◣
∥
/     /
Do you know how much you mean to me, why must you leave?
⊙
⊙
∥
I'm just a flower on a tree, why must you leave?
◢
▆
/
/
Mr.
Raindrop, falling away from
me now.
--
※ 發信站: 批踢踢實業坊(ptt.cc), 來自: 111.243.23.129 (臺灣)
※ 文章網址:
https://www.ptt.cc/bbs/Bunco/M.1750191926.A.290.html",ptt,Wed Jun 18 04:25:23 2025
